country,vdem_ctry_id,iso3c,year,polyarchy,gdp_pc,region,women_rep,flfp
Mexico,3,MEX,1990,0.388,24.396,Latin America,NA,33.98
Mexico,3,MEX,1991,0.41,25.077,Latin America,NA,34.22
Mexico,3,MEX,1992,0.438,25.561,Latin America,NA,34.99
Mexico,3,MEX,1993,0.455,25.967,Latin America,NA,35.84
Mexico,3,MEX,1994,0.467,26.101,Latin America,NA,36.37
Mexico,3,MEX,1995,0.491,25.434,Latin America,NA,37.61
Mexico,3,MEX,1996,0.512,25.851,Latin America,NA,37.68
Mexico,3,MEX,1997,0.555,26.804,Latin America,14.2,39.64
Mexico,3,MEX,1998,0.6,27.712,Latin America,17.4,39.32
Mexico,3,MEX,1999,0.605,28.538,Latin America,18.2,38.53
Mexico,3,MEX,2000,0.671,29.475,Latin America,16,38.87
Mexico,3,MEX,2001,0.681,29.721,Latin America,16,38.23
Mexico,3,MEX,2002,0.693,29.761,Latin America,16,38.31
Mexico,3,MEX,2003,0.702,29.941,Latin America,22.6,38.98
Mexico,3,MEX,2004,0.711,30.521,Latin America,22.6,40.1
Mexico,3,MEX,2005,0.711,31.174,Latin America,24.2,41.15
Mexico,3,MEX,2006,0.674,31.873,Latin America,22.6,42.33
Mexico,3,MEX,2007,0.639,32.268,Latin America,23.2,42.72
Mexico,3,MEX,2008,0.649,32.279,Latin America,23.2,42.57
Mexico,3,MEX,2009,0.65,31.734,Latin America,27.6,43.08
Mexico,3,MEX,2010,0.662,32.25,Latin America,26.2,42.95
Mexico,3,MEX,2011,0.662,32.958,Latin America,26.2,43.41
Mexico,3,MEX,2012,0.65,33.482,Latin America,36.8,44.48
Mexico,3,MEX,2013,0.623,33.742,Latin America,36.8,44.48
Mexico,3,MEX,2014,0.621,33.886,Latin America,37.4,43.55
Mexico,3,MEX,2015,0.643,33.828,Latin America,42.37,43.93
Mexico,3,MEX,2016,0.643,34.098,Latin America,42.4,43.99
Mexico,3,MEX,2017,0.638,34.425,Latin America,42.6,43.63
Mexico,3,MEX,2018,0.675,34.575,Latin America,48.2,44.13
Mexico,3,MEX,2019,0.684,34.308,Latin America,48.2,45.57
Mexico,3,MEX,2020,0.664,NA,Latin America,48.2,41.7
Mexico,3,MEX,2021,0.624,NA,Latin America,50,44.62
Mexico,3,MEX,2022,0.584,NA,Latin America,50,46
Mexico,3,MEX,2023,0.548,NA,Latin America,50,47.32
Mexico,3,MEX,2024,0.496,NA,Latin America,50.2,47.41
Mexico,3,MEX,2025,0.469,NA,Latin America,50.2,47.45
Suriname,4,SUR,1990,0.726,17.115,Latin America,NA,32.43
Suriname,4,SUR,1991,0.45,16.97,Latin America,NA,32.65
Suriname,4,SUR,1992,0.75,16.687,Latin America,NA,32.69
Suriname,4,SUR,1993,0.751,16.305,Latin America,NA,32.15
Suriname,4,SUR,1994,0.751,16.26,Latin America,NA,32.42
Suriname,4,SUR,1995,0.751,16.282,Latin America,NA,32.39
Suriname,4,SUR,1996,0.764,16.474,Latin America,NA,32.47
Suriname,4,SUR,1997,0.769,16.782,Latin America,15.69,32.56
Suriname,4,SUR,1998,0.769,16.951,Latin America,15.69,32.64
Suriname,4,SUR,1999,0.769,16.985,Latin America,15.69,32.73
Suriname,4,SUR,2000,0.78,17.241,Latin America,NA,33.4
Suriname,4,SUR,2001,0.779,17.681,Latin America,17.65,34.07
Suriname,4,SUR,2002,0.779,18.315,Latin America,17.65,34.75
Suriname,4,SUR,2003,0.779,19.208,Latin America,17.65,35.44
Suriname,4,SUR,2004,0.779,20.219,Latin America,19.61,36.15
Suriname,4,SUR,2005,0.767,21.232,Latin America,25.49,36.88
Suriname,4,SUR,2006,0.76,22.316,Latin America,25.49,37.62
Suriname,4,SUR,2007,0.759,23.36,Latin America,25.49,38.36
Suriname,4,SUR,2008,0.759,24.382,Latin America,25.49,39.1
Suriname,4,SUR,2009,0.759,25.37,Latin America,25.49,39.84
Suriname,4,SUR,2010,0.752,26.29,Latin America,9.8,40.59
Suriname,4,SUR,2011,0.747,27.162,Latin America,11.76,41.35
Suriname,4,SUR,2012,0.747,27.728,Latin America,11.76,42.1
Suriname,4,SUR,2013,0.75,27.862,Latin America,11.76,42.86
Suriname,4,SUR,2014,0.75,27.354,Latin America,11.76,43.62
Suriname,4,SUR,2015,0.757,26.177,Latin America,25.49,44.38
Suriname,4,SUR,2016,0.754,25.172,Latin America,25.49,45.14
Suriname,4,SUR,2017,0.748,24.808,Latin America,25.49,45.33
Suriname,4,SUR,2018,0.748,24.698,Latin America,25.49,45.86
Suriname,4,SUR,2019,0.741,24.668,Latin America,31.37,46
Suriname,4,SUR,2020,0.754,NA,Latin America,29.41,42.93
Suriname,4,SUR,2021,0.761,NA,Latin America,29.41,43.58
Suriname,4,SUR,2022,0.781,NA,Latin America,29.41,43.96
Suriname,4,SUR,2023,0.764,NA,Latin America,29.41,44.35
Suriname,4,SUR,2024,0.767,NA,Latin America,31.37,44.89
Suriname,4,SUR,2025,0.781,NA,Latin America,31.37,44.92
Sweden,5,SWE,1990,0.913,71.346,The West,NA,62.8
Sweden,5,SWE,1991,0.912,70.899,The West,NA,62.14
Sweden,5,SWE,1992,0.911,70.259,The West,NA,60.78
Sweden,5,SWE,1993,0.911,69.661,The West,NA,59.36
Sweden,5,SWE,1994,0.911,70.978,The West,NA,58.54
Sweden,5,SWE,1995,0.912,72.94,The West,NA,59
Sweden,5,SWE,1996,0.912,74.634,The West,NA,59.07
Sweden,5,SWE,1997,0.912,76.622,The West,40.4,58.59
Sweden,5,SWE,1998,0.912,79.442,The West,40.4,57.36
Sweden,5,SWE,1999,0.909,82.627,The West,42.69,58.37
Sweden,5,SWE,2000,0.909,85.449,The West,42.69,58.1
Sweden,5,SWE,2001,0.909,87.077,The West,42.69,58.58
Sweden,5,SWE,2002,0.91,88.98,The West,44.99,58.72
Sweden,5,SWE,2003,0.911,90.906,The West,45.27,58.79
Sweden,5,SWE,2004,0.911,93.453,The West,45.27,58.47
Sweden,5,SWE,2005,0.911,95.634,The West,45.27,59.12
Sweden,5,SWE,2006,0.912,98.394,The West,47.28,59.23
Sweden,5,SWE,2007,0.914,100.437,The West,46.99,59.71
Sweden,5,SWE,2008,0.914,100.491,The West,46.99,59.84
Sweden,5,SWE,2009,0.914,99.215,The West,46.42,59.38
Sweden,5,SWE,2010,0.914,100.824,The West,44.99,58.98
Sweden,5,SWE,2011,0.914,101.7,The West,44.7,59.53
Sweden,5,SWE,2012,0.917,101.698,The West,44.7,59.72
Sweden,5,SWE,2013,0.916,101.86,The West,44.99,60.13
Sweden,5,SWE,2014,0.915,102.222,The West,44.7,60.28
Sweden,5,SWE,2015,0.915,102.067,The West,43.55,60.56
Sweden,5,SWE,2016,0.914,103.264,The West,43.55,60.69
Sweden,5,SWE,2017,0.914,105.145,The West,43.55,61.04
Sweden,5,SWE,2018,0.908,106.273,The West,46.13,61.26
Sweden,5,SWE,2019,0.899,106.746,The West,47.28,61.32
Sweden,5,SWE,2020,0.901,NA,The West,46.99,60.59
Sweden,5,SWE,2021,0.9,NA,The West,46.99,60.7
Sweden,5,SWE,2022,0.892,NA,The West,46.42,61.05
Sweden,5,SWE,2023,0.883,NA,The West,46.42,61.68
Sweden,5,SWE,2024,0.881,NA,The West,46.7,61.68
Sweden,5,SWE,2025,0.889,NA,The West,44.99,61.54
Switzerland,6,CHE,1990,0.887,82.389,The West,NA,51.61
Switzerland,6,CHE,1991,0.887,82.296,The West,NA,51.82
Switzerland,6,CHE,1992,0.886,82.194,The West,NA,52.19
Switzerland,6,CHE,1993,0.886,82.411,The West,NA,52.82
Switzerland,6,CHE,1994,0.886,83.039,The West,NA,51.95
Switzerland,6,CHE,1995,0.887,83.553,The West,NA,52.01
Switzerland,6,CHE,1996,0.89,84.055,The West,NA,56.87
Switzerland,6,CHE,1997,0.89,85.457,The West,21,56.92
Switzerland,6,CHE,1998,0.89,87.394,The West,21,58.01
Switzerland,6,CHE,1999,0.89,88.969,The West,22.5,58.12
Switzerland,6,CHE,2000,0.889,90.941,The West,23,57.6
Switzerland,6,CHE,2001,0.889,92.758,The West,23,58.8
Switzerland,6,CHE,2002,0.889,96.261,The West,23,59.36
Switzerland,6,CHE,2003,0.888,97.877,The West,25,59.5
Switzerland,6,CHE,2004,0.886,99.917,The West,25,59.13
Switzerland,6,CHE,2005,0.886,102.465,The West,25,59.35
Switzerland,6,CHE,2006,0.886,105.485,The West,25,59.76
Switzerland,6,CHE,2007,0.888,108.399,The West,28.5,59.96
Switzerland,6,CHE,2008,0.895,110.369,The West,28.5,61.33
Switzerland,6,CHE,2009,0.895,110.616,The West,29,61.65
Switzerland,6,CHE,2010,0.895,111.685,The West,29,60.02
Switzerland,6,CHE,2011,0.897,113.22,The West,28.5,60.61
Switzerland,6,CHE,2012,0.907,113.861,The West,29,60.9
Switzerland,6,CHE,2013,0.907,114.302,The West,31,61.21
Switzerland,6,CHE,2014,0.907,113.976,The West,31,61.99
Switzerland,6,CHE,2015,0.903,111.987,The West,32,62.36
Switzerland,6,CHE,2016,0.902,111.666,The West,32,62.93
Switzerland,6,CHE,2017,0.902,111.873,The West,32.5,62.7
Switzerland,6,CHE,2018,0.902,111.517,The West,32.5,63.01
Switzerland,6,CHE,2019,0.902,109.451,The West,41.5,63.08
Switzerland,6,CHE,2020,0.902,NA,The West,41.5,62.64
Switzerland,6,CHE,2021,0.896,NA,The West,42.5,62.63
Switzerland,6,CHE,2022,0.893,NA,The West,41.5,61.93
Switzerland,6,CHE,2023,0.884,NA,The West,38.5,62.38
Switzerland,6,CHE,2024,0.882,NA,The West,38.5,62.53
Switzerland,6,CHE,2025,0.882,NA,The West,39,62.22
Ghana,7,GHA,1990,0.104,4.577,Africa,NA,70.05
Ghana,7,GHA,1991,0.105,4.698,Africa,NA,70.07
Ghana,7,GHA,1992,0.173,4.77,Africa,NA,69.94
Ghana,7,GHA,1993,0.445,4.82,Africa,NA,69.81
Ghana,7,GHA,1994,0.479,4.892,Africa,NA,69.68
Ghana,7,GHA,1995,0.491,4.976,Africa,NA,69.55
Ghana,7,GHA,1996,0.513,5.075,Africa,NA,69.42
Ghana,7,GHA,1997,0.597,5.21,Africa,9,69.29
Ghana,7,GHA,1998,0.597,5.328,Africa,9,69.16
Ghana,7,GHA,1999,0.597,5.466,Africa,9,69.03
Ghana,7,GHA,2000,0.664,5.555,Africa,NA,68.9
Ghana,7,GHA,2001,0.721,5.607,Africa,9,68.76
Ghana,7,GHA,2002,0.731,5.714,Africa,9,68.62
Ghana,7,GHA,2003,0.731,5.866,Africa,9,68.49
Ghana,7,GHA,2004,0.734,6.054,Africa,10.87,68.35
Ghana,7,GHA,2005,0.73,6.252,Africa,10.87,68.22
Ghana,7,GHA,2006,0.73,6.471,Africa,10.87,68.08
Ghana,7,GHA,2007,0.736,6.7,Africa,10.87,67.95
Ghana,7,GHA,2008,0.732,7.019,Africa,7.89,67.81
Ghana,7,GHA,2009,0.755,7.293,Africa,8.26,67.68
Ghana,7,GHA,2010,0.761,7.728,Africa,8.26,67.54
Ghana,7,GHA,2011,0.761,8.378,Africa,8.26,67.4
Ghana,7,GHA,2012,0.771,8.956,Africa,NA,67.27
Ghana,7,GHA,2013,0.75,9.293,Africa,10.91,67.13
Ghana,7,GHA,2014,0.746,9.434,Africa,10.91,66.1
Ghana,7,GHA,2015,0.739,9.498,Africa,10.91,65.05
Ghana,7,GHA,2016,0.725,9.692,Africa,10.91,64.01
Ghana,7,GHA,2017,0.739,10.147,Africa,12.73,62.97
Ghana,7,GHA,2018,0.735,10.531,Africa,12.73,61.52
Ghana,7,GHA,2019,0.718,10.82,Africa,13.09,60.06
Ghana,7,GHA,2020,0.718,NA,Africa,13.09,57.96
Ghana,7,GHA,2021,0.659,NA,Africa,14.55,56.85
Ghana,7,GHA,2022,0.663,NA,Africa,14.55,55.51
Ghana,7,GHA,2023,0.657,NA,Africa,14.55,55.53
Ghana,7,GHA,2024,0.665,NA,Africa,14.55,55.73
Ghana,7,GHA,2025,0.711,NA,Africa,14.55,55.26
South Africa,8,ZAF,1990,0.224,18.436,Africa,NA,44.72
South Africa,8,ZAF,1991,0.254,18.032,Africa,NA,44.79
South Africa,8,ZAF,1992,0.254,17.747,Africa,NA,44.88
South Africa,8,ZAF,1993,0.264,17.675,Africa,NA,44.84
South Africa,8,ZAF,1994,0.392,17.834,Africa,NA,44.96
South Africa,8,ZAF,1995,0.657,18.122,Africa,NA,45.3
South Africa,8,ZAF,1996,0.663,18.435,Africa,NA,45.63
South Africa,8,ZAF,1997,0.663,18.654,Africa,25,45.93
South Africa,8,ZAF,1998,0.668,18.774,Africa,28.75,46.12
South Africa,8,ZAF,1999,0.709,19.022,Africa,30,46.34
South Africa,8,ZAF,2000,0.743,19.393,Africa,29.82,46.58
South Africa,8,ZAF,2001,0.743,19.816,Africa,29.82,46.84
South Africa,8,ZAF,2002,0.743,20.325,Africa,29.82,47.09
South Africa,8,ZAF,2003,0.743,20.927,Africa,29.82,47.33
South Africa,8,ZAF,2004,0.764,21.669,Africa,32.78,47.54
South Africa,8,ZAF,2005,0.778,22.536,Africa,32.75,47.71
South Africa,8,ZAF,2006,0.779,23.398,Africa,32.75,47.85
South Africa,8,ZAF,2007,0.779,24.122,Africa,33,47.97
South Africa,8,ZAF,2008,0.775,24.519,Africa,33,48.06
South Africa,8,ZAF,2009,0.775,24.58,Africa,44.5,46.38
South Africa,8,ZAF,2010,0.778,24.992,Africa,44.5,44.76
South Africa,8,ZAF,2011,0.777,25.422,Africa,42.25,45.15
South Africa,8,ZAF,2012,0.779,25.607,Africa,42.25,45.33
South Africa,8,ZAF,2013,0.765,25.716,Africa,42.25,46.27
South Africa,8,ZAF,2014,0.758,25.611,Africa,41.5,46.49
South Africa,8,ZAF,2015,0.755,25.265,Africa,42,47.72
South Africa,8,ZAF,2016,0.752,25.019,Africa,42,47.74
South Africa,8,ZAF,2017,0.738,24.836,Africa,41.84,48.63
South Africa,8,ZAF,2018,0.747,24.533,Africa,42.75,48.52
South Africa,8,ZAF,2019,0.727,24.104,Africa,46.35,48.58
South Africa,8,ZAF,2020,0.719,NA,Africa,46.75,44.15
South Africa,8,ZAF,2021,0.725,NA,Africa,46.58,45.41
South Africa,8,ZAF,2022,0.718,NA,Africa,46.5,47.12
South Africa,8,ZAF,2023,0.712,NA,Africa,45.86,49.05
South Africa,8,ZAF,2024,0.734,NA,Africa,44.7,49.8
South Africa,8,ZAF,2025,0.743,NA,Africa,44.86,49.88
Japan,9,JPN,1990,0.835,70.993,Asia,NA,50.06
Japan,9,JPN,1991,0.835,73.491,Asia,NA,50.63
Japan,9,JPN,1992,0.835,74.937,Asia,NA,50.67
Japan,9,JPN,1993,0.837,76.251,Asia,NA,50.26
Japan,9,JPN,1994,0.839,77.58,Asia,NA,50.11
Japan,9,JPN,1995,0.839,79.073,Asia,NA,49.91
Japan,9,JPN,1996,0.838,80.114,Asia,NA,49.97
Japan,9,JPN,1997,0.837,80.295,Asia,4.6,50.32
Japan,9,JPN,1998,0.837,80.067,Asia,4.6,50.06
Japan,9,JPN,1999,0.837,80.441,Asia,4.6,49.52
Japan,9,JPN,2000,0.838,81.458,Asia,7.29,49.19
Japan,9,JPN,2001,0.838,81.666,Asia,7.29,49.05
Japan,9,JPN,2002,0.838,81.855,Asia,7.29,48.46
Japan,9,JPN,2003,0.838,82.614,Asia,7.08,48.16
Japan,9,JPN,2004,0.838,83.665,Asia,7.08,48.16
Japan,9,JPN,2005,0.841,84.371,Asia,8.96,48.28
Japan,9,JPN,2006,0.849,84.983,Asia,9.38,48.4
Japan,9,JPN,2007,0.849,85.134,Asia,9.38,48.39
Japan,9,JPN,2008,0.846,84.761,Asia,9.38,48.36
Japan,9,JPN,2009,0.854,83.712,Asia,11.25,48.44
Japan,9,JPN,2010,0.852,84.66,Asia,11.25,48.34
Japan,9,JPN,2011,0.852,85.177,Asia,10.83,48.09
Japan,9,JPN,2012,0.848,85.758,Asia,7.92,48.03
Japan,9,JPN,2013,0.815,86.26,Asia,8.12,48.74
Japan,9,JPN,2014,0.815,86.254,Asia,8.12,49.18
Japan,9,JPN,2015,0.817,86.196,Asia,9.47,49.41
Japan,9,JPN,2016,0.817,86.69,Asia,9.47,50.21
Japan,9,JPN,2017,0.821,88.071,Asia,10.11,51.03
Japan,9,JPN,2018,0.832,88.681,Asia,10.11,52.37
Japan,9,JPN,2019,0.83,88.837,Asia,10.11,53.24
Japan,9,JPN,2020,0.831,NA,Asia,9.89,53.09
Japan,9,JPN,2021,0.824,NA,Asia,9.68,53.46
Japan,9,JPN,2022,0.823,NA,Asia,9.91,54.17
Japan,9,JPN,2023,0.826,NA,Asia,10.34,54.85
Japan,9,JPN,2024,0.822,NA,Asia,15.7,55.6
Japan,9,JPN,2025,0.819,NA,Asia,15.7,55.9
Burma/Myanmar,10,MMR,1990,0.115,2.586,Asia,NA,59.63
Burma/Myanmar,10,MMR,1991,0.096,2.584,Asia,NA,59.77
Burma/Myanmar,10,MMR,1992,0.096,2.708,Asia,NA,59.24
Burma/Myanmar,10,MMR,1993,0.096,2.875,Asia,NA,58.94
Burma/Myanmar,10,MMR,1994,0.096,3.014,Asia,NA,58.56
Burma/Myanmar,10,MMR,1995,0.096,3.155,Asia,NA,58.22
Burma/Myanmar,10,MMR,1996,0.096,3.266,Asia,NA,57.91
Burma/Myanmar,10,MMR,1997,0.096,3.377,Asia,NA,57.66
Burma/Myanmar,10,MMR,1998,0.096,3.507,Asia,NA,57.39
Burma/Myanmar,10,MMR,1999,0.096,3.606,Asia,NA,56.86
Burma/Myanmar,10,MMR,2000,0.096,3.84,Asia,NA,56.2
Burma/Myanmar,10,MMR,2001,0.096,4.142,Asia,NA,55.68
Burma/Myanmar,10,MMR,2002,0.096,4.5,Asia,NA,55.15
Burma/Myanmar,10,MMR,2003,0.096,4.974,Asia,NA,54.57
Burma/Myanmar,10,MMR,2004,0.096,5.503,Asia,NA,54.02
Burma/Myanmar,10,MMR,2005,0.096,6.098,Asia,NA,53.5
Burma/Myanmar,10,MMR,2006,0.096,6.726,Asia,NA,53.03
Burma/Myanmar,10,MMR,2007,0.096,7.336,Asia,NA,52.62
Burma/Myanmar,10,MMR,2008,0.096,7.889,Asia,NA,52.28
Burma/Myanmar,10,MMR,2009,0.097,8.456,Asia,NA,51.95
Burma/Myanmar,10,MMR,2010,0.119,9.094,Asia,4.29,51.68
Burma/Myanmar,10,MMR,2011,0.223,9.718,Asia,3.54,51.53
Burma/Myanmar,10,MMR,2012,0.306,10.481,Asia,6.03,51.35
Burma/Myanmar,10,MMR,2013,0.355,11.219,Asia,6.03,51.14
Burma/Myanmar,10,MMR,2014,0.357,11.896,Asia,5.59,50.95
Burma/Myanmar,10,MMR,2015,0.37,12.432,Asia,12.69,50.8
Burma/Myanmar,10,MMR,2016,0.402,12.907,Asia,9.93,49.23
Burma/Myanmar,10,MMR,2017,0.402,13.189,Asia,10.16,47.66
Burma/Myanmar,10,MMR,2018,0.397,13.576,Asia,10.16,48.44
Burma/Myanmar,10,MMR,2019,0.421,13.762,Asia,11.32,46.29
Burma/Myanmar,10,MMR,2020,0.426,NA,Asia,16.83,44.73
Burma/Myanmar,10,MMR,2021,0.102,NA,Asia,15.29,41.04
Burma/Myanmar,10,MMR,2022,0.087,NA,Asia,NA,41.07
Burma/Myanmar,10,MMR,2023,0.077,NA,Asia,NA,41.05
Burma/Myanmar,10,MMR,2024,0.08,NA,Asia,NA,40.96
Burma/Myanmar,10,MMR,2025,0.08,NA,Asia,NA,40.94
Russia,11,RUS,1990,0.234,40.254,Eastern Europe,NA,59.96
Russia,11,RUS,1991,0.255,38.535,Eastern Europe,NA,59.3
Russia,11,RUS,1992,0.498,35.692,Eastern Europe,NA,58.01
Russia,11,RUS,1993,0.48,32.733,Eastern Europe,NA,55.96
Russia,11,RUS,1994,0.477,29.756,Eastern Europe,NA,54.03
Russia,11,RUS,1995,0.477,28.066,Eastern Europe,NA,53.58
Russia,11,RUS,1996,0.461,26.832,Eastern Europe,NA,52.74
Russia,11,RUS,1997,0.456,26.389,Eastern Europe,10.22,51.71
Russia,11,RUS,1998,0.456,25.85,Eastern Europe,10.22,51.03
Russia,11,RUS,1999,0.461,26.756,Eastern Europe,NA,54.49
Russia,11,RUS,2000,0.403,28.871,Eastern Europe,7.71,54.66
Russia,11,RUS,2001,0.374,30.809,Eastern Europe,7.57,53.51
Russia,11,RUS,2002,0.354,33.136,Eastern Europe,7.57,54.31
Russia,11,RUS,2003,0.339,35.865,Eastern Europe,7.57,54.12
Russia,11,RUS,2004,0.321,38.952,Eastern Europe,9.84,54.72
Russia,11,RUS,2005,0.32,42.335,Eastern Europe,9.84,55.16
Russia,11,RUS,2006,0.322,46.094,Eastern Europe,9.84,55.58
Russia,11,RUS,2007,0.316,49.864,Eastern Europe,14,56.15
Russia,11,RUS,2008,0.302,52.518,Eastern Europe,14,56.16
Russia,11,RUS,2009,0.309,52.435,Eastern Europe,14,56.35
Russia,11,RUS,2010,0.306,54.401,Eastern Europe,14,56.02
Russia,11,RUS,2011,0.299,56.9,Eastern Europe,13.56,56.34
Russia,11,RUS,2012,0.278,58.545,Eastern Europe,13.56,56.27
Russia,11,RUS,2013,0.276,59.189,Eastern Europe,13.56,55.98
Russia,11,RUS,2014,0.264,58.619,Eastern Europe,13.56,55.86
Russia,11,RUS,2015,0.265,56.602,Eastern Europe,13.56,55.56
Russia,11,RUS,2016,0.263,56.22,Eastern Europe,12.67,55.68
Russia,11,RUS,2017,0.261,56.834,Eastern Europe,15.78,55.34
Russia,11,RUS,2018,0.264,57.681,Eastern Europe,15.78,55.42
Russia,11,RUS,2019,0.259,58.026,Eastern Europe,15.78,54.79
Russia,11,RUS,2020,0.255,NA,Eastern Europe,15.78,54.63
Russia,11,RUS,2021,0.245,NA,Eastern Europe,16.22,55.13
Russia,11,RUS,2022,0.206,NA,Eastern Europe,16.22,55.3
Russia,11,RUS,2023,0.19,NA,Eastern Europe,16.44,55.36
Russia,11,RUS,2024,0.171,NA,Eastern Europe,16.44,55.21
Russia,11,RUS,2025,0.17,NA,Eastern Europe,16.44,54.55
Albania,12,ALB,1990,0.187,8.903,Eastern Europe,NA,53.47
Albania,12,ALB,1991,0.367,7.739,Eastern Europe,NA,59.05
Albania,12,ALB,1992,0.42,7.312,Eastern Europe,NA,60.36
Albania,12,ALB,1993,0.421,7.718,Eastern Europe,NA,58.56
Albania,12,ALB,1994,0.421,8.335,Eastern Europe,NA,57.04
Albania,12,ALB,1995,0.427,8.996,Eastern Europe,NA,54.82
Albania,12,ALB,1996,0.387,9.516,Eastern Europe,NA,53.35
Albania,12,ALB,1997,0.371,9.354,Eastern Europe,NA,55.15
Albania,12,ALB,1998,0.39,9.86,Eastern Europe,NA,53.71
Albania,12,ALB,1999,0.392,10.768,Eastern Europe,5.16,51.82
Albania,12,ALB,2000,0.402,11.62,Eastern Europe,5.16,50.83
Albania,12,ALB,2001,0.438,12.505,Eastern Europe,5.71,49.68
Albania,12,ALB,2002,0.48,13.364,Eastern Europe,5.71,49.09
Albania,12,ALB,2003,0.486,14.244,Eastern Europe,5.71,48.46
Albania,12,ALB,2004,0.491,15.139,Eastern Europe,6.43,47.84
Albania,12,ALB,2005,0.518,16.104,Eastern Europe,7.14,47.24
Albania,12,ALB,2006,0.546,17.197,Eastern Europe,7.14,46.65
Albania,12,ALB,2007,0.551,18.346,Eastern Europe,7.14,46.08
Albania,12,ALB,2008,0.551,19.68,Eastern Europe,7.14,45.51
Albania,12,ALB,2009,0.544,20.682,Eastern Europe,16.43,45.96
Albania,12,ALB,2010,0.539,21.432,Eastern Europe,16.43,46.84
Albania,12,ALB,2011,0.539,21.995,Eastern Europe,15.71,52.56
Albania,12,ALB,2012,0.54,22.444,Eastern Europe,15.71,48.94
Albania,12,ALB,2013,0.523,22.708,Eastern Europe,17.86,43.78
Albania,12,ALB,2014,0.522,23.103,Eastern Europe,20,43.96
Albania,12,ALB,2015,0.518,23.341,Eastern Europe,20.71,47.12
Albania,12,ALB,2016,0.52,23.968,Eastern Europe,22.86,49.89
Albania,12,ALB,2017,0.536,24.762,Eastern Europe,27.86,49.74
Albania,12,ALB,2018,0.524,25.509,Eastern Europe,27.86,51.41
Albania,12,ALB,2019,0.511,25.857,Eastern Europe,29.51,52.93
Albania,12,ALB,2020,0.528,NA,Eastern Europe,29.51,52.25
Albania,12,ALB,2021,0.526,NA,Eastern Europe,35.71,52.52
Albania,12,ALB,2022,0.517,NA,Eastern Europe,35.71,56.41
Albania,12,ALB,2023,0.505,NA,Eastern Europe,35.71,57.96
Albania,12,ALB,2024,0.51,NA,Eastern Europe,35.71,58.15
Albania,12,ALB,2025,0.484,NA,Eastern Europe,35,58.57
Egypt,13,EGY,1990,0.223,10.179,Middle East,NA,22.19
Egypt,13,EGY,1991,0.212,10.314,Middle East,NA,22.16
Egypt,13,EGY,1992,0.212,10.563,Middle East,NA,22.97
Egypt,13,EGY,1993,0.216,10.877,Middle East,NA,22.29
Egypt,13,EGY,1994,0.217,11.221,Middle East,NA,23.11
Egypt,13,EGY,1995,0.217,11.619,Middle East,NA,21.75
Egypt,13,EGY,1996,0.215,12.037,Middle East,NA,21.05
Egypt,13,EGY,1997,0.213,12.481,Middle East,1.98,20.37
Egypt,13,EGY,1998,0.215,12.866,Middle East,1.98,19.7
Egypt,13,EGY,1999,0.215,13.302,Middle East,1.98,20.51
Egypt,13,EGY,2000,0.217,13.727,Middle East,1.98,20.41
Egypt,13,EGY,2001,0.209,14.071,Middle East,2.42,20.34
Egypt,13,EGY,2002,0.209,14.281,Middle East,2.42,18.19
Egypt,13,EGY,2003,0.209,14.49,Middle East,2.42,18.92
Egypt,13,EGY,2004,0.208,14.775,Middle East,2.86,19.68
Egypt,13,EGY,2005,0.21,15.276,Middle East,1.98,20.46
Egypt,13,EGY,2006,0.212,15.988,Middle East,2.04,21.26
Egypt,13,EGY,2007,0.212,16.952,Middle East,1.81,23.33
Egypt,13,EGY,2008,0.212,17.948,Middle East,1.81,21.9
Egypt,13,EGY,2009,0.211,18.781,Middle East,1.76,22.92
Egypt,13,EGY,2010,0.212,19.571,Middle East,12.7,23.19
Egypt,13,EGY,2011,0.204,20.02,Middle East,1.97,22.54
Egypt,13,EGY,2012,0.298,20.279,Middle East,1.97,22.51
Egypt,13,EGY,2013,0.187,20.367,Middle East,NA,23.01
Egypt,13,EGY,2014,0.137,20.502,Middle East,NA,23.17
Egypt,13,EGY,2015,0.156,20.545,Middle East,NA,22.81
Egypt,13,EGY,2016,0.178,20.607,Middle East,14.93,23.07
Egypt,13,EGY,2017,0.178,20.591,Middle East,14.93,22.18
Egypt,13,EGY,2018,0.176,20.662,Middle East,14.93,18.42
Egypt,13,EGY,2019,0.174,20.346,Middle East,14.93,15.86
Egypt,13,EGY,2020,0.176,NA,Middle East,27.41,14.61
Egypt,13,EGY,2021,0.18,NA,Middle East,27.7,15.59
Egypt,13,EGY,2022,0.183,NA,Middle East,27.58,15.23
Egypt,13,EGY,2023,0.187,NA,Middle East,27.53,18.48
Egypt,13,EGY,2024,0.186,NA,Middle East,27.7,18.47
Egypt,13,EGY,2025,0.187,NA,Middle East,26.85,18.45
Yemen,14,YEM,1990,0.224,6.793,Middle East,NA,16.09
Yemen,14,YEM,1991,0.28,6.774,Middle East,NA,16.22
Yemen,14,YEM,1992,0.281,6.823,Middle East,NA,16.46
Yemen,14,YEM,1993,0.309,6.822,Middle East,NA,16.48
Yemen,14,YEM,1994,0.318,6.863,Middle East,NA,16.66
Yemen,14,YEM,1995,0.299,6.984,Middle East,NA,17.57
Yemen,14,YEM,1996,0.299,7.139,Middle East,NA,18.51
Yemen,14,YEM,1997,0.279,7.324,Middle East,NA,19.5
Yemen,14,YEM,1998,0.266,7.524,Middle East,0.66,20.52
Yemen,14,YEM,1999,0.262,7.7,Middle East,0.66,21.59
Yemen,14,YEM,2000,0.263,7.919,Middle East,0.66,20.21
Yemen,14,YEM,2001,0.261,8.101,Middle East,0.67,18.9
Yemen,14,YEM,2002,0.261,8.262,Middle East,0.67,17.65
Yemen,14,YEM,2003,0.275,8.432,Middle East,0.33,16.48
Yemen,14,YEM,2004,0.281,8.642,Middle East,0.33,15.37
Yemen,14,YEM,2005,0.281,8.881,Middle East,0.33,14.33
Yemen,14,YEM,2006,0.283,9.034,Middle East,0.33,13.35
Yemen,14,YEM,2007,0.283,9.193,Middle East,0.33,12.43
Yemen,14,YEM,2008,0.285,9.358,Middle East,0.33,11.56
Yemen,14,YEM,2009,0.285,9.457,Middle East,0.33,10.75
Yemen,14,YEM,2010,0.286,9.479,Middle East,0.33,9.98
Yemen,14,YEM,2011,0.31,8.958,Middle East,0.33,8.78
Yemen,14,YEM,2012,0.357,8.579,Middle East,0.33,7.73
Yemen,14,YEM,2013,0.336,8.188,Middle East,0.33,6.82
Yemen,14,YEM,2014,0.3,7.373,Middle East,0.33,6.01
Yemen,14,YEM,2015,0.184,6.09,Middle East,0,5.21
Yemen,14,YEM,2016,0.113,5.327,Middle East,0,5.12
Yemen,14,YEM,2017,0.112,4.931,Middle East,0,5.04
Yemen,14,YEM,2018,0.113,4.734,Middle East,0,4.99
Yemen,14,YEM,2019,0.117,4.619,Middle East,0.33,4.94
Yemen,14,YEM,2020,0.113,NA,Middle East,0.33,4.9
Yemen,14,YEM,2021,0.116,NA,Middle East,0,4.88
Yemen,14,YEM,2022,0.123,NA,Middle East,0,4.8
Yemen,14,YEM,2023,0.128,NA,Middle East,0,4.75
Yemen,14,YEM,2024,0.126,NA,Middle East,0,4.7
Yemen,14,YEM,2025,0.127,NA,Middle East,0,4.66
Colombia,15,COL,1990,0.473,17.751,Latin America,NA,53.36
Colombia,15,COL,1991,0.516,17.982,Latin America,NA,53.07
Colombia,15,COL,1992,0.558,18.403,Latin America,NA,53.09
Colombia,15,COL,1993,0.558,19.056,Latin America,NA,53.32
Colombia,15,COL,1994,0.558,19.744,Latin America,NA,53.65
Colombia,15,COL,1995,0.56,20.246,Latin America,NA,53.96
Colombia,15,COL,1996,0.554,20.396,Latin America,NA,53.92
Colombia,15,COL,1997,0.554,20.5,Latin America,11.66,54.14
Colombia,15,COL,1998,0.546,20.198,Latin America,NA,54.01
Colombia,15,COL,1999,0.538,19.692,Latin America,11.8,53.21
Colombia,15,COL,2000,0.55,19.669,Latin America,11.8,53.39
Colombia,15,COL,2001,0.542,19.717,Latin America,11.8,53.39
Colombia,15,COL,2002,0.534,19.899,Latin America,12.05,52.36
Colombia,15,COL,2003,0.535,20.283,Latin America,12.05,53.71
Colombia,15,COL,2004,0.537,20.91,Latin America,12.05,52.95
Colombia,15,COL,2005,0.542,21.751,Latin America,12.12,51.15
Colombia,15,COL,2006,0.571,22.8,Latin America,8.43,50.56
Colombia,15,COL,2007,0.583,23.928,Latin America,8.43,49.98
Colombia,15,COL,2008,0.585,24.836,Latin America,8.43,50.37
Colombia,15,COL,2009,0.587,25.46,Latin America,8.43,53.92
Colombia,15,COL,2010,0.624,26.384,Latin America,12.65,54.42
Colombia,15,COL,2011,0.66,27.605,Latin America,12.12,54.95
Colombia,15,COL,2012,0.661,28.524,Latin America,12.12,56.01
Colombia,15,COL,2013,0.669,29.332,Latin America,12.12,55.3
Colombia,15,COL,2014,0.677,29.842,Latin America,19.88,55
Colombia,15,COL,2015,0.681,29.911,Latin America,19.88,55.26
Colombia,15,COL,2016,0.682,30.027,Latin America,19.88,54.72
Colombia,15,COL,2017,0.68,30.236,Latin America,18.67,54.34
Colombia,15,COL,2018,0.666,30.46,Latin America,18.13,53.24
Colombia,15,COL,2019,0.651,30.629,Latin America,18.71,52.4
Colombia,15,COL,2020,0.643,NA,Latin America,18.34,51.11
Colombia,15,COL,2021,0.654,NA,Latin America,18.82,51.68
Colombia,15,COL,2022,0.696,NA,Latin America,28.88,50.92
Colombia,15,COL,2023,0.711,NA,Latin America,28.88,51.83
Colombia,15,COL,2024,0.698,NA,Latin America,29.41,51.72
Colombia,15,COL,2025,0.679,NA,Latin America,29.41,51.62
Poland,17,POL,1990,0.74,19.659,Eastern Europe,NA,53.51
Poland,17,POL,1991,0.866,19.134,Eastern Europe,NA,53.62
Poland,17,POL,1992,0.888,19.475,Eastern Europe,NA,53.35
Poland,17,POL,1993,0.887,20.307,Eastern Europe,NA,52.83
Poland,17,POL,1994,0.89,21.459,Eastern Europe,NA,52.5
Poland,17,POL,1995,0.889,22.874,Eastern Europe,NA,51.46
Poland,17,POL,1996,0.882,24.258,Eastern Europe,NA,50.86
Poland,17,POL,1997,0.871,25.709,Eastern Europe,13.04,49.8
Poland,17,POL,1998,0.876,27.013,Eastern Europe,13.04,49.53
Poland,17,POL,1999,0.876,28.29,Eastern Europe,13.04,49.18
Poland,17,POL,2000,0.878,29.451,Eastern Europe,13.04,48.63
Poland,17,POL,2001,0.882,30.4,Eastern Europe,20.22,49.54
Poland,17,POL,2002,0.882,31.71,Eastern Europe,20.22,48.69
Poland,17,POL,2003,0.882,32.873,Eastern Europe,20.22,48.24
Poland,17,POL,2004,0.882,34.329,Eastern Europe,20.22,47.72
Poland,17,POL,2005,0.884,35.859,Eastern Europe,20.43,47.65
Poland,17,POL,2006,0.877,37.837,Eastern Europe,20.43,46.92
Poland,17,POL,2007,0.874,40.14,Eastern Europe,20.43,46.71
Poland,17,POL,2008,0.891,42.196,Eastern Europe,20.22,47.12
Poland,17,POL,2009,0.891,43.956,Eastern Europe,20,47.81
Poland,17,POL,2010,0.892,45.85,Eastern Europe,20,48.88
Poland,17,POL,2011,0.893,47.712,Eastern Europe,23.7,48.97
Poland,17,POL,2012,0.893,48.953,Eastern Europe,23.7,49.35
Poland,17,POL,2013,0.89,50.139,Eastern Europe,23.7,49.23
Poland,17,POL,2014,0.882,51.412,Eastern Europe,24.35,49.53
Poland,17,POL,2015,0.876,52.543,Eastern Europe,27.39,49.53
Poland,17,POL,2016,0.731,54.123,Eastern Europe,27.39,49.64
Poland,17,POL,2017,0.698,56.434,Eastern Europe,28.04,49.76
Poland,17,POL,2018,0.694,58.228,Eastern Europe,28.04,49.86
Poland,17,POL,2019,0.682,58.956,Eastern Europe,28.7,49.6
Poland,17,POL,2020,0.616,NA,Eastern Europe,28.7,49.33
Poland,17,POL,2021,0.587,NA,Eastern Europe,28.32,50.97
Poland,17,POL,2022,0.578,NA,Eastern Europe,28.26,51.59
Poland,17,POL,2023,0.598,NA,Eastern Europe,29.35,52.21
Poland,17,POL,2024,0.73,NA,Eastern Europe,29.57,51.91
Poland,17,POL,2025,0.768,NA,Eastern Europe,31.3,51.61
Brazil,19,BRA,1990,0.814,17.265,Latin America,NA,44.4
Brazil,19,BRA,1991,0.828,17.314,Latin America,NA,44.49
Brazil,19,BRA,1992,0.836,17.367,Latin America,NA,45.6
Brazil,19,BRA,1993,0.84,17.903,Latin America,NA,46.72
Brazil,19,BRA,1994,0.846,18.706,Latin America,NA,47.82
Brazil,19,BRA,1995,0.847,19.578,Latin America,NA,48.92
Brazil,19,BRA,1996,0.848,20.229,Latin America,NA,47.68
Brazil,19,BRA,1997,0.848,20.45,Latin America,6.63,48.68
Brazil,19,BRA,1998,0.849,20.35,Latin America,6.63,49.48
Brazil,19,BRA,1999,0.85,20.165,Latin America,5.65,50.8
Brazil,19,BRA,2000,0.854,20.324,Latin America,5.65,51.85
Brazil,19,BRA,2001,0.854,20.344,Latin America,6.82,52.96
Brazil,19,BRA,2002,0.856,20.444,Latin America,6.24,54.57
Brazil,19,BRA,2003,0.855,20.69,Latin America,8.58,54.78
Brazil,19,BRA,2004,0.855,21.273,Latin America,8.58,55.64
Brazil,19,BRA,2005,0.867,21.978,Latin America,8.58,56.86
Brazil,19,BRA,2006,0.868,22.892,Latin America,8.77,56.55
Brazil,19,BRA,2007,0.866,24.045,Latin America,8.97,56.29
Brazil,19,BRA,2008,0.866,25.165,Latin America,8.97,56.04
Brazil,19,BRA,2009,0.866,26.01,Latin America,8.77,56.57
Brazil,19,BRA,2010,0.871,27.371,Latin America,8.58,55.05
Brazil,19,BRA,2011,0.875,28.437,Latin America,8.58,53.52
Brazil,19,BRA,2012,0.871,28.907,Latin America,8.58,52.87
Brazil,19,BRA,2013,0.873,29.178,Latin America,8.58,52.83
Brazil,19,BRA,2014,0.873,28.956,Latin America,9.94,52.71
Brazil,19,BRA,2015,0.861,28.086,Latin America,9.94,53.32
Brazil,19,BRA,2016,0.781,26.814,Latin America,9.94,53.52
Brazil,19,BRA,2017,0.774,26.291,Latin America,10.72,54.35
Brazil,19,BRA,2018,0.749,26.001,Latin America,15.01,54.58
Brazil,19,BRA,2019,0.691,25.458,Latin America,15.01,55.31
Brazil,19,BRA,2020,0.699,NA,Latin America,14.62,50.34
Brazil,19,BRA,2021,0.69,NA,Latin America,15.2,52.48
Brazil,19,BRA,2022,0.699,NA,Latin America,17.74,53.86
Brazil,19,BRA,2023,0.79,NA,Latin America,17.54,53.2
Brazil,19,BRA,2024,0.799,NA,Latin America,17.54,53.58
Brazil,19,BRA,2025,0.784,NA,Latin America,18.13,53.41
United States of America,20,USA,1990,0.863,96.766,The West,NA,56
United States of America,20,USA,1991,0.867,96.144,The West,NA,55.88
United States of America,20,USA,1992,0.872,97.233,The West,NA,56.3
United States of America,20,USA,1993,0.867,98.857,The West,NA,56.4
United States of America,20,USA,1994,0.867,101.014,The West,NA,57.34
United States of America,20,USA,1995,0.868,102.981,The West,NA,57.58
United States of America,20,USA,1996,0.869,105.35,The West,NA,57.86
United States of America,20,USA,1997,0.871,108.457,The West,11.72,58.4
United States of America,20,USA,1998,0.871,111.689,The West,11.72,58.39
United States of America,20,USA,1999,0.868,115.003,The West,13.33,58.55
United States of America,20,USA,2000,0.867,117.521,The West,NA,58.68
United States of America,20,USA,2001,0.828,118.912,The West,14.02,58.52
United States of America,20,USA,2002,0.829,120.073,The West,13.79,58.35
United States of America,20,USA,2003,0.86,121.91,The West,14.25,58.22
United States of America,20,USA,2004,0.862,124.364,The West,14.94,57.94
United States of America,20,USA,2005,0.856,126.724,The West,15.17,58.04
United States of America,20,USA,2006,0.862,127.985,The West,16.32,58.16
United States of America,20,USA,2007,0.897,128.343,The West,16.78,58.09
United States of America,20,USA,2008,0.9,127.439,The West,17.01,58.29
United States of America,20,USA,2009,0.9,125.791,The West,16.78,58.05
United States of America,20,USA,2010,0.9,126.031,The West,16.78,57.52
United States of America,20,USA,2011,0.896,126.679,The West,16.82,57
United States of America,20,USA,2012,0.896,127.92,The West,17.97,56.78
United States of America,20,USA,2013,0.905,129.498,The West,17.82,56.36
United States of America,20,USA,2014,0.901,131.003,The West,19.31,56.2
United States of America,20,USA,2015,0.9,132.423,The West,19.35,55.94
United States of America,20,USA,2016,0.885,134.775,The West,19.17,56.1
United States of America,20,USA,2017,0.834,138.542,The West,19.35,56.4
United States of America,20,USA,2018,0.824,141.503,The West,23.5,56.47
United States of America,20,USA,2019,0.818,144.274,The West,23.43,56.87
United States of America,20,USA,2020,0.815,NA,The West,27.46,55.7
United States of America,20,USA,2021,0.821,NA,The West,27.65,55.63
United States of America,20,USA,2022,0.833,NA,The West,28.7,56.03
United States of America,20,USA,2023,0.857,NA,The West,28.97,56.6
United States of America,20,USA,2024,0.843,NA,The West,28.74,56.56
United States of America,20,USA,2025,0.735,NA,The West,28.94,56.34
Portugal,21,PRT,1990,0.869,41.277,The West,NA,48.05
Portugal,21,PRT,1991,0.859,43.128,The West,NA,50.13
Portugal,21,PRT,1992,0.858,44.355,The West,NA,48.6
Portugal,21,PRT,1993,0.858,44.955,The West,NA,48.8
Portugal,21,PRT,1994,0.858,45.876,The West,NA,49.15
Portugal,21,PRT,1995,0.861,47.163,The West,NA,49.08
Portugal,21,PRT,1996,0.869,48.574,The West,NA,49.54
Portugal,21,PRT,1997,0.869,50.359,The West,13.04,50.47
Portugal,21,PRT,1998,0.869,52.177,The West,13.04,51.89
Portugal,21,PRT,1999,0.868,54.015,The West,18.7,52.28
Portugal,21,PRT,2000,0.867,55.386,The West,17.39,52.73
Portugal,21,PRT,2001,0.871,56.265,The West,18.7,53.48
Portugal,21,PRT,2002,0.876,56.859,The West,19.13,54.08
Portugal,21,PRT,2003,0.876,57.093,The West,19.13,54.78
Portugal,21,PRT,2004,0.876,57.642,The West,19.13,54.28
Portugal,21,PRT,2005,0.889,58.443,The West,21.3,55.27
Portugal,21,PRT,2006,0.894,59.336,The West,21.3,55.52
Portugal,21,PRT,2007,0.894,60.229,The West,28.26,55.92
Portugal,21,PRT,2008,0.893,60.568,The West,28.26,55.79
Portugal,21,PRT,2009,0.894,60.265,The West,27.39,55.59
Portugal,21,PRT,2010,0.894,60.287,The West,27.39,55.84
Portugal,21,PRT,2011,0.884,59.597,The West,28.7,54.62
Portugal,21,PRT,2012,0.885,58.706,The West,28.7,54.67
Portugal,21,PRT,2013,0.886,58.456,The West,31.3,54.16
Portugal,21,PRT,2014,0.886,58.643,The West,31.3,53.78
Portugal,21,PRT,2015,0.887,58.759,The West,34.78,53.7
Portugal,21,PRT,2016,0.888,59.728,The West,34.78,53.48
Portugal,21,PRT,2017,0.898,61.488,The West,34.78,54.03
Portugal,21,PRT,2018,0.899,62.856,The West,34.78,54.34
Portugal,21,PRT,2019,0.886,63.753,The West,38.7,54.51
Portugal,21,PRT,2020,0.886,NA,The West,40,53.16
Portugal,21,PRT,2021,0.884,NA,The West,40,52.89
Portugal,21,PRT,2022,0.847,NA,The West,36.96,53.8
Portugal,21,PRT,2023,0.854,NA,The West,36.09,54.72
Portugal,21,PRT,2024,0.836,NA,The West,32.61,54.89
Portugal,21,PRT,2025,0.822,NA,The West,35.65,54.63
El Salvador,22,SLV,1990,0.212,7.216,Latin America,NA,40.97
El Salvador,22,SLV,1991,0.221,7.48,Latin America,NA,41.02
El Salvador,22,SLV,1992,0.272,7.887,Latin America,NA,41.56
El Salvador,22,SLV,1993,0.379,8.365,Latin America,NA,43.44
El Salvador,22,SLV,1994,0.471,8.854,Latin America,NA,44.9
El Salvador,22,SLV,1995,0.484,9.276,Latin America,NA,43.13
El Salvador,22,SLV,1996,0.491,9.529,Latin America,NA,41.88
El Salvador,22,SLV,1997,0.493,9.797,Latin America,15.48,41.85
El Salvador,22,SLV,1998,0.492,10.089,Latin America,16.67,45.57
El Salvador,22,SLV,1999,0.505,10.363,Latin America,16.67,45.68
El Salvador,22,SLV,2000,0.522,10.585,Latin America,9.52,45.42
El Salvador,22,SLV,2001,0.534,10.815,Latin America,9.52,45.18
El Salvador,22,SLV,2002,0.543,11.064,Latin America,9.52,44.94
El Salvador,22,SLV,2003,0.537,11.31,Latin America,10.71,46.28
El Salvador,22,SLV,2004,0.539,11.605,Latin America,10.71,44.5
El Salvador,22,SLV,2005,0.542,11.972,Latin America,10.71,45.22
El Salvador,22,SLV,2006,0.557,12.4,Latin America,16.67,45.92
El Salvador,22,SLV,2007,0.56,12.776,Latin America,16.67,46.1
El Salvador,22,SLV,2008,0.561,13.036,Latin America,16.67,46.08
El Salvador,22,SLV,2009,0.594,13.078,Latin America,19.05,46.03
El Salvador,22,SLV,2010,0.613,13.336,Latin America,19.05,45.97
El Salvador,22,SLV,2011,0.613,13.641,Latin America,19.05,45.53
El Salvador,22,SLV,2012,0.615,13.92,Latin America,26.19,46.45
El Salvador,22,SLV,2013,0.626,14.116,Latin America,26.19,47.4
El Salvador,22,SLV,2014,0.665,14.223,Latin America,27.38,46.06
El Salvador,22,SLV,2015,0.658,14.27,Latin America,32.14,45.09
El Salvador,22,SLV,2016,0.659,14.333,Latin America,32.14,45.81
El Salvador,22,SLV,2017,0.672,14.287,Latin America,32.14,45.15
El Salvador,22,SLV,2018,0.631,14.163,Latin America,30.95,44.93
El Salvador,22,SLV,2019,0.599,13.803,Latin America,30.95,45.98
El Salvador,22,SLV,2020,0.518,NA,Latin America,33.33,43.21
El Salvador,22,SLV,2021,0.403,NA,Latin America,27.38,45.22
El Salvador,22,SLV,2022,0.378,NA,Latin America,27.38,46.03
El Salvador,22,SLV,2023,0.377,NA,Latin America,27.38,48.52
El Salvador,22,SLV,2024,0.335,NA,Latin America,31.67,48.96
El Salvador,22,SLV,2025,0.321,NA,Latin America,31.67,49.05
South Yemen,23,NA,1990,0.132,1.644,Middle East,NA,NA
Bangladesh,24,BGD,1990,0.302,2.899,Asia,NA,24.21
Bangladesh,24,BGD,1991,0.483,2.961,Asia,NA,24.56
Bangladesh,24,BGD,1992,0.513,3.033,Asia,NA,24.98
Bangladesh,24,BGD,1993,0.513,3.102,Asia,NA,25.43
Bangladesh,24,BGD,1994,0.513,3.178,Asia,NA,25.93
Bangladesh,24,BGD,1995,0.513,3.265,Asia,NA,26.47
Bangladesh,24,BGD,1996,0.506,3.351,Asia,NA,27.02
Bangladesh,24,BGD,1997,0.512,3.423,Asia,9.09,27.53
Bangladesh,24,BGD,1998,0.512,3.488,Asia,9.09,27.97
Bangladesh,24,BGD,1999,0.512,3.571,Asia,9.09,28.34
Bangladesh,24,BGD,2000,0.512,3.661,Asia,9.09,28.67
Bangladesh,24,BGD,2001,0.505,3.776,Asia,NA,28.88
Bangladesh,24,BGD,2002,0.47,3.886,Asia,2,28.98
Bangladesh,24,BGD,2003,0.474,4.01,Asia,2,29.06
Bangladesh,24,BGD,2004,0.474,4.153,Asia,2,29.12
Bangladesh,24,BGD,2005,0.474,4.338,Asia,14.78,29.19
Bangladesh,24,BGD,2006,0.423,4.575,Asia,15.07,29.24
Bangladesh,24,BGD,2007,0.205,4.839,Asia,NA,30.8
Bangladesh,24,BGD,2008,0.21,5.13,Asia,6.33,32.4
Bangladesh,24,BGD,2009,0.418,5.427,Asia,18.55,34.04
Bangladesh,24,BGD,2010,0.425,5.756,Asia,18.55,35.72
Bangladesh,24,BGD,2011,0.416,6.101,Asia,19.71,35.02
Bangladesh,24,BGD,2012,0.409,6.396,Asia,19.71,34.32
Bangladesh,24,BGD,2013,0.376,6.691,Asia,19.71,33.62
Bangladesh,24,BGD,2014,0.278,7.002,Asia,19.83,33.57
Bangladesh,24,BGD,2015,0.275,7.309,Asia,20,33.53
Bangladesh,24,BGD,2016,0.269,7.708,Asia,20,33.5
Bangladesh,24,BGD,2017,0.265,8.161,Asia,20.29,36.68
Bangladesh,24,BGD,2018,0.252,8.541,Asia,20.29,38.06
Bangladesh,24,BGD,2019,0.251,8.755,Asia,20.63,39.33
Bangladesh,24,BGD,2020,0.255,NA,Asia,20.92,40.32
Bangladesh,24,BGD,2021,0.255,NA,Asia,20.86,42.18
Bangladesh,24,BGD,2022,0.261,NA,Asia,20.86,43.69
Bangladesh,24,BGD,2023,0.253,NA,Asia,20.86,41.87
Bangladesh,24,BGD,2024,0.225,NA,Asia,NA,38.71
Bangladesh,24,BGD,2025,0.195,NA,Asia,NA,38.65
Bolivia,25,BOL,1990,0.651,6.762,Latin America,NA,55.84
Bolivia,25,BOL,1991,0.686,6.948,Latin America,NA,56.35
Bolivia,25,BOL,1992,0.697,7.08,Latin America,NA,56.41
Bolivia,25,BOL,1993,0.705,7.272,Latin America,NA,56.94
Bolivia,25,BOL,1994,0.718,7.503,Latin America,NA,57.6
Bolivia,25,BOL,1995,0.73,7.753,Latin America,NA,58.24
Bolivia,25,BOL,1996,0.73,7.994,Latin America,NA,58.81
Bolivia,25,BOL,1997,0.735,8.189,Latin America,NA,59.45
Bolivia,25,BOL,1998,0.735,8.321,Latin America,NA,59.29
Bolivia,25,BOL,1999,0.743,8.341,Latin America,11.54,59.14
Bolivia,25,BOL,2000,0.743,8.354,Latin America,11.54,58.98
Bolivia,25,BOL,2001,0.737,8.403,Latin America,11.54,58.83
Bolivia,25,BOL,2002,0.719,8.471,Latin America,18.46,58.69
Bolivia,25,BOL,2003,0.719,8.586,Latin America,18.46,58.56
Bolivia,25,BOL,2004,0.753,8.774,Latin America,19.23,58.43
Bolivia,25,BOL,2005,0.746,9.009,Latin America,16.92,58.3
Bolivia,25,BOL,2006,0.724,9.285,Latin America,16.92,58.18
Bolivia,25,BOL,2007,0.719,9.613,Latin America,16.92,58.05
Bolivia,25,BOL,2008,0.719,10.035,Latin America,16.92,57.92
Bolivia,25,BOL,2009,0.714,10.387,Latin America,22.31,57.8
Bolivia,25,BOL,2010,0.68,10.789,Latin America,25.38,57.67
Bolivia,25,BOL,2011,0.677,11.238,Latin America,25.38,57.54
Bolivia,25,BOL,2012,0.67,11.689,Latin America,25.38,57.42
Bolivia,25,BOL,2013,0.658,12.16,Latin America,25.38,57.29
Bolivia,25,BOL,2014,0.647,12.52,Latin America,53.08,57.17
Bolivia,25,BOL,2015,0.609,12.716,Latin America,53.08,57.04
Bolivia,25,BOL,2016,0.62,13.022,Latin America,53.08,56.92
Bolivia,25,BOL,2017,0.609,13.484,Latin America,53.08,59.11
Bolivia,25,BOL,2018,0.593,13.741,Latin America,53.08,63.56
Bolivia,25,BOL,2019,0.456,13.75,Latin America,53.08,66.24
Bolivia,25,BOL,2020,0.275,NA,Latin America,46.15,65.02
Bolivia,25,BOL,2021,0.608,NA,Latin America,46.15,71.06
Bolivia,25,BOL,2022,0.587,NA,Latin America,46.15,71.72
Bolivia,25,BOL,2023,0.586,NA,Latin America,46.15,72.46
Bolivia,25,BOL,2024,0.577,NA,Latin America,46.15,72.39
Bolivia,25,BOL,2025,0.605,NA,Latin America,50.77,72.87
Haiti,26,HTI,1990,0.202,4.782,Latin America,NA,56.68
Haiti,26,HTI,1991,0.327,4.726,Latin America,NA,56.74
Haiti,26,HTI,1992,0.18,4.482,Latin America,NA,56.81
Haiti,26,HTI,1993,0.207,4.21,Latin America,NA,56.89
Haiti,26,HTI,1994,0.232,3.958,Latin America,NA,56.97
Haiti,26,HTI,1995,0.348,4.021,Latin America,NA,57.06
Haiti,26,HTI,1996,0.427,4.102,Latin America,NA,57
Haiti,26,HTI,1997,0.441,4.153,Latin America,3.61,56.95
Haiti,26,HTI,1998,0.442,4.186,Latin America,3.61,56.91
Haiti,26,HTI,1999,0.442,4.223,Latin America,3.61,56.87
Haiti,26,HTI,2000,0.437,4.21,Latin America,NA,56.84
Haiti,26,HTI,2001,0.417,4.148,Latin America,3.61,57.15
Haiti,26,HTI,2002,0.41,4.091,Latin America,3.61,57.46
Haiti,26,HTI,2003,0.408,4.029,Latin America,3.61,57.78
Haiti,26,HTI,2004,0.249,3.961,Latin America,3.61,58.09
Haiti,26,HTI,2005,0.247,3.969,Latin America,3.61,58.4
Haiti,26,HTI,2006,0.386,3.987,Latin America,2.04,58.84
Haiti,26,HTI,2007,0.469,4.041,Latin America,4.08,59.28
Haiti,26,HTI,2008,0.468,4.069,Latin America,4.08,59.72
Haiti,26,HTI,2009,0.459,4.111,Latin America,4.08,60.16
Haiti,26,HTI,2010,0.459,4.077,Latin America,11.11,60.6
Haiti,26,HTI,2011,0.431,4.128,Latin America,4.21,61.03
Haiti,26,HTI,2012,0.438,4.158,Latin America,4.21,61.03
Haiti,26,HTI,2013,0.434,4.204,Latin America,4.21,61.38
Haiti,26,HTI,2014,0.434,4.225,Latin America,4.21,61.6
Haiti,26,HTI,2015,0.425,4.191,Latin America,4.21,61.7
Haiti,26,HTI,2016,0.42,4.226,Latin America,0,61.83
Haiti,26,HTI,2017,0.418,4.38,Latin America,2.54,62.02
Haiti,26,HTI,2018,0.429,4.441,Latin America,2.54,62.14
Haiti,26,HTI,2019,0.421,4.474,Latin America,2.54,61.95
Haiti,26,HTI,2020,0.4,NA,Latin America,NA,61.37
Haiti,26,HTI,2021,0.33,NA,Latin America,NA,62.1
Haiti,26,HTI,2022,0.233,NA,Latin America,NA,59.95
Haiti,26,HTI,2023,0.231,NA,Latin America,NA,59.35
Haiti,26,HTI,2024,0.237,NA,Latin America,NA,58.32
Haiti,26,HTI,2025,0.238,NA,Latin America,NA,58.34
Honduras,27,HND,1990,0.484,7.648,Latin America,NA,44.54
Honduras,27,HND,1991,0.49,7.624,Latin America,NA,44.08
Honduras,27,HND,1992,0.49,7.735,Latin America,NA,44.38
Honduras,27,HND,1993,0.49,7.874,Latin America,NA,44.72
Honduras,27,HND,1994,0.527,7.874,Latin America,NA,44.58
Honduras,27,HND,1995,0.544,7.971,Latin America,NA,44.91
Honduras,27,HND,1996,0.557,7.985,Latin America,NA,44.9
Honduras,27,HND,1997,0.557,8.033,Latin America,NA,45.13
Honduras,27,HND,1998,0.555,8.059,Latin America,9.38,45.29
Honduras,27,HND,1999,0.556,8.014,Latin America,9.38,45.11
Honduras,27,HND,2000,0.556,8.145,Latin America,9.38,43.41
Honduras,27,HND,2001,0.555,8.22,Latin America,9.38,42.99
Honduras,27,HND,2002,0.555,8.344,Latin America,5.47,42.58
Honduras,27,HND,2003,0.565,8.517,Latin America,5.47,42.18
Honduras,27,HND,2004,0.565,8.736,Latin America,5.47,41.78
Honduras,27,HND,2005,0.559,9.027,Latin America,23.44,41.39
Honduras,27,HND,2006,0.521,9.305,Latin America,23.44,38.46
Honduras,27,HND,2007,0.522,9.558,Latin America,23.44,37.83
Honduras,27,HND,2008,0.519,9.644,Latin America,23.44,39.44
Honduras,27,HND,2009,0.441,9.608,Latin America,17.97,40.92
Honduras,27,HND,2010,0.408,9.707,Latin America,17.97,42.66
Honduras,27,HND,2011,0.419,9.877,Latin America,19.53,39.67
Honduras,27,HND,2012,0.418,10.006,Latin America,19.53,38.29
Honduras,27,HND,2013,0.413,10.063,Latin America,NA,43.41
Honduras,27,HND,2014,0.433,10.133,Latin America,25.78,46
Honduras,27,HND,2015,0.426,10.186,Latin America,25.78,46.55
Honduras,27,HND,2016,0.425,10.364,Latin America,25.78,45.91
Honduras,27,HND,2017,0.414,10.647,Latin America,NA,45.76
Honduras,27,HND,2018,0.361,10.787,Latin America,21.09,50.02
Honduras,27,HND,2019,0.368,10.796,Latin America,21.09,44.53
Honduras,27,HND,2020,0.372,NA,Latin America,21.09,47.04
Honduras,27,HND,2021,0.394,NA,Latin America,27.34,48.07
Honduras,27,HND,2022,0.544,NA,Latin America,27.34,43.61
Honduras,27,HND,2023,0.539,NA,Latin America,27.34,39.36
Honduras,27,HND,2024,0.538,NA,Latin America,27.34,39.62
Honduras,27,HND,2025,0.511,NA,Latin America,29.69,39.59
Mali,28,MLI,1990,0.202,2.387,Africa,NA,60.52
Mali,28,MLI,1991,0.21,2.44,Africa,NA,60.48
Mali,28,MLI,1992,0.473,2.416,Africa,NA,60.44
Mali,28,MLI,1993,0.594,2.441,Africa,NA,60.42
Mali,28,MLI,1994,0.594,2.465,Africa,NA,60.41
Mali,28,MLI,1995,0.594,2.525,Africa,NA,60.41
Mali,28,MLI,1996,0.594,2.628,Africa,NA,60.42
Mali,28,MLI,1997,0.55,2.713,Africa,12.24,60.44
Mali,28,MLI,1998,0.519,2.788,Africa,12.24,60.46
Mali,28,MLI,1999,0.519,2.861,Africa,12.24,60.49
Mali,28,MLI,2000,0.519,2.909,Africa,12.24,60.51
Mali,28,MLI,2001,0.519,3.089,Africa,12.24,60.53
Mali,28,MLI,2002,0.601,3.195,Africa,10.2,60.55
Mali,28,MLI,2003,0.624,3.302,Africa,10.2,60.56
Mali,28,MLI,2004,0.624,3.347,Africa,10.2,60.56
Mali,28,MLI,2005,0.624,3.435,Africa,10.2,60.54
Mali,28,MLI,2006,0.625,3.519,Africa,10.2,60.51
Mali,28,MLI,2007,0.618,3.591,Africa,10.2,60.48
Mali,28,MLI,2008,0.608,3.685,Africa,10.2,60.44
Mali,28,MLI,2009,0.61,3.792,Africa,10.2,60.4
Mali,28,MLI,2010,0.608,3.864,Africa,10.2,60.35
Mali,28,MLI,2011,0.611,3.859,Africa,10.2,60.3
Mali,28,MLI,2012,0.355,3.805,Africa,10.2,60.22
Mali,28,MLI,2013,0.328,3.815,Africa,NA,60.16
Mali,28,MLI,2014,0.54,3.897,Africa,9.52,60.14
Mali,28,MLI,2015,0.543,3.96,Africa,8.84,61.22
Mali,28,MLI,2016,0.543,4.085,Africa,8.84,59.55
Mali,28,MLI,2017,0.54,4.269,Africa,8.84,57.88
Mali,28,MLI,2018,0.518,4.414,Africa,8.84,55.62
Mali,28,MLI,2019,0.516,4.533,Africa,9.52,53.39
Mali,28,MLI,2020,0.421,NA,Africa,27.89,50.63
Mali,28,MLI,2021,0.243,NA,Africa,27.27,52.98
Mali,28,MLI,2022,0.231,NA,Africa,28.57,53.01
Mali,28,MLI,2023,0.229,NA,Africa,28.57,53.06
Mali,28,MLI,2024,0.192,NA,Africa,30.66,53.09
Mali,28,MLI,2025,0.164,NA,Africa,30.08,52.84
Pakistan,29,PAK,1990,0.372,6.254,Asia,NA,11.2
Pakistan,29,PAK,1991,0.367,6.373,Asia,NA,13.77
Pakistan,29,PAK,1992,0.367,6.511,Asia,NA,13.8
Pakistan,29,PAK,1993,0.368,6.616,Asia,NA,14.18
Pakistan,29,PAK,1994,0.37,6.715,Asia,NA,14.48
Pakistan,29,PAK,1995,0.37,6.826,Asia,NA,12.55
Pakistan,29,PAK,1996,0.37,6.89,Asia,NA,13.71
Pakistan,29,PAK,1997,0.386,6.883,Asia,2.3,14.94
Pakistan,29,PAK,1998,0.391,6.928,Asia,2.3,15.24
Pakistan,29,PAK,1999,0.34,7,Asia,NA,15.69
Pakistan,29,PAK,2000,0.205,7.073,Asia,NA,16.13
Pakistan,29,PAK,2001,0.203,7.141,Asia,NA,16.17
Pakistan,29,PAK,2002,0.243,7.26,Asia,21.05,16.22
Pakistan,29,PAK,2003,0.356,7.486,Asia,21.64,17
Pakistan,29,PAK,2004,0.356,7.807,Asia,21.35,17.78
Pakistan,29,PAK,2005,0.358,8.164,Asia,21.35,18.35
Pakistan,29,PAK,2006,0.355,8.498,Asia,21.35,18.95
Pakistan,29,PAK,2007,0.351,8.74,Asia,21.05,19.31
Pakistan,29,PAK,2008,0.416,8.914,Asia,22.49,19.85
Pakistan,29,PAK,2009,0.451,9.067,Asia,22.22,20.98
Pakistan,29,PAK,2010,0.466,9.215,Asia,22.22,22.04
Pakistan,29,PAK,2011,0.466,9.395,Asia,22.51,22.23
Pakistan,29,PAK,2012,0.466,9.57,Asia,22.51,22.51
Pakistan,29,PAK,2013,0.47,9.772,Asia,20.74,22.79
Pakistan,29,PAK,2014,0.469,10.002,Asia,20.74,22.99
Pakistan,29,PAK,2015,0.441,10.146,Asia,20.59,23.98
Pakistan,29,PAK,2016,0.429,10.29,Asia,20.59,23.16
Pakistan,29,PAK,2017,0.419,10.308,Asia,20.59,22.36
Pakistan,29,PAK,2018,0.395,10.342,Asia,20.23,21.57
Pakistan,29,PAK,2019,0.368,10.187,Asia,20.23,23.24
Pakistan,29,PAK,2020,0.377,NA,Asia,20.18,23.41
Pakistan,29,PAK,2021,0.394,NA,Asia,20.18,24.36
Pakistan,29,PAK,2022,0.379,NA,Asia,20.47,24.03
Pakistan,29,PAK,2023,0.334,NA,Asia,20.47,24
Pakistan,29,PAK,2024,0.313,NA,Asia,17.04,23.99
Pakistan,29,PAK,2025,0.302,NA,Asia,17.04,24.05
Peru,30,PER,1990,0.612,10.441,Latin America,NA,43.74
Peru,30,PER,1991,0.59,10.332,Latin America,NA,43.7
Peru,30,PER,1992,0.249,10.349,Latin America,NA,43.39
Peru,30,PER,1993,0.252,10.729,Latin America,NA,44.73
Peru,30,PER,1994,0.246,11.456,Latin America,NA,46.07
Peru,30,PER,1995,0.285,12.091,Latin America,NA,49.1
Peru,30,PER,1996,0.362,12.482,Latin America,NA,51.66
Peru,30,PER,1997,0.362,12.82,Latin America,10.83,54.19
Peru,30,PER,1998,0.349,12.809,Latin America,10.83,54.98
Peru,30,PER,1999,0.349,12.833,Latin America,10.83,57.65
Peru,30,PER,2000,0.413,12.93,Latin America,NA,53.53
Peru,30,PER,2001,0.723,13.06,Latin America,18.33,58.58
Peru,30,PER,2002,0.792,13.428,Latin America,18.33,60.04
Peru,30,PER,2003,0.792,13.915,Latin America,18.33,61.49
Peru,30,PER,2004,0.792,14.536,Latin America,18.33,62.92
Peru,30,PER,2005,0.792,15.352,Latin America,18.33,64.32
Peru,30,PER,2006,0.792,16.363,Latin America,29.17,67.54
Peru,30,PER,2007,0.796,17.513,Latin America,29.17,70.09
Peru,30,PER,2008,0.801,18.674,Latin America,29.17,70.27
Peru,30,PER,2009,0.8,19.488,Latin America,27.5,70.56
Peru,30,PER,2010,0.804,20.653,Latin America,27.5,72.01
Peru,30,PER,2011,0.812,21.802,Latin America,21.54,71.2
Peru,30,PER,2012,0.827,22.787,Latin America,21.54,70.91
Peru,30,PER,2013,0.821,23.562,Latin America,21.54,70.2
Peru,30,PER,2014,0.822,23.983,Latin America,22.31,69.3
Peru,30,PER,2015,0.817,24.101,Latin America,22.31,67.66
Peru,30,PER,2016,0.788,24.492,Latin America,27.69,67.72
Peru,30,PER,2017,0.789,24.654,Latin America,27.69,69.39
Peru,30,PER,2018,0.81,24.878,Latin America,27.69,69.85
Peru,30,PER,2019,0.801,24.75,Latin America,30,70.04
Peru,30,PER,2020,0.818,NA,Latin America,26.15,59.86
Peru,30,PER,2021,0.771,NA,Latin America,40,64.84
Peru,30,PER,2022,0.733,NA,Latin America,40,66.72
Peru,30,PER,2023,0.7,NA,Latin America,38.76,65.08
Peru,30,PER,2024,0.642,NA,Latin America,38.46,64.94
Peru,30,PER,2025,0.667,NA,Latin America,41.54,65.04
Senegal,31,SEN,1990,0.505,4.8,Africa,NA,32.06
Senegal,31,SEN,1991,0.522,4.76,Africa,NA,32.14
Senegal,31,SEN,1992,0.53,4.694,Africa,NA,32.23
Senegal,31,SEN,1993,0.61,4.63,Africa,NA,32.33
Senegal,31,SEN,1994,0.627,4.548,Africa,NA,32.44
Senegal,31,SEN,1995,0.635,4.557,Africa,NA,32.54
Senegal,31,SEN,1996,0.638,4.569,Africa,NA,32.65
Senegal,31,SEN,1997,0.638,4.606,Africa,11.67,32.75
Senegal,31,SEN,1998,0.641,4.697,Africa,12.14,32.85
Senegal,31,SEN,1999,0.642,4.801,Africa,12.14,32.94
Senegal,31,SEN,2000,0.679,4.867,Africa,12.14,33.03
Senegal,31,SEN,2001,0.602,4.926,Africa,16.67,33.11
Senegal,31,SEN,2002,0.685,4.936,Africa,19.17,33.19
Senegal,31,SEN,2003,0.685,5.034,Africa,19.17,33.26
Senegal,31,SEN,2004,0.685,5.139,Africa,19.17,33.3
Senegal,31,SEN,2005,0.685,5.234,Africa,19.17,33.34
Senegal,31,SEN,2006,0.685,5.287,Africa,19.17,33.37
Senegal,31,SEN,2007,0.672,5.359,Africa,22,33.42
Senegal,31,SEN,2008,0.674,5.406,Africa,22,33.48
Senegal,31,SEN,2009,0.668,5.44,Africa,22.67,33.55
Senegal,31,SEN,2010,0.684,5.479,Africa,22.67,33.63
Senegal,31,SEN,2011,0.684,5.494,Africa,22.67,33.71
Senegal,31,SEN,2012,0.696,5.547,Africa,42.67,33.8
Senegal,31,SEN,2013,0.722,5.619,Africa,42.67,33.89
Senegal,31,SEN,2014,0.726,5.742,Africa,43.33,33.97
Senegal,31,SEN,2015,0.726,5.883,Africa,42.67,34.06
Senegal,31,SEN,2016,0.726,6.09,Africa,42.67,38.73
Senegal,31,SEN,2017,0.701,6.365,Africa,41.82,35.42
Senegal,31,SEN,2018,0.688,6.581,Africa,41.82,36.35
Senegal,31,SEN,2019,0.697,6.748,Africa,41.82,37.31
Senegal,31,SEN,2020,0.728,NA,Africa,43.03,37.08
Senegal,31,SEN,2021,0.714,NA,Africa,43.03,37.71
Senegal,31,SEN,2022,0.686,NA,Africa,44.24,37.71
Senegal,31,SEN,2023,0.625,NA,Africa,46.06,37.77
Senegal,31,SEN,2024,0.605,NA,Africa,41.21,37.99
Senegal,31,SEN,2025,0.633,NA,Africa,41.21,38.22
South Sudan,32,SSD,2011,0.194,4.312,Africa,26.51,72.1
South Sudan,32,SSD,2012,0.194,3.982,Africa,26.51,72.18
South Sudan,32,SSD,2013,0.169,3.833,Africa,26.51,72.2
South Sudan,32,SSD,2014,0.164,3.709,Africa,26.51,72
South Sudan,32,SSD,2015,0.166,3.581,Africa,26.51,71.81
South Sudan,32,SSD,2016,0.158,3.586,Africa,28.46,71.61
South Sudan,32,SSD,2017,0.157,3.605,Africa,28.46,71.24
South Sudan,32,SSD,2018,0.153,3.618,Africa,28.46,71.29
South Sudan,32,SSD,2019,0.16,3.619,Africa,28.46,71.68
South Sudan,32,SSD,2020,0.169,NA,Africa,28.46,71
South Sudan,32,SSD,2021,0.137,NA,Africa,32.36,71.34
South Sudan,32,SSD,2022,0.13,NA,Africa,32.36,70.63
South Sudan,32,SSD,2023,0.167,NA,Africa,32.36,70.39
South Sudan,32,SSD,2024,0.154,NA,Africa,32.36,NA
South Sudan,32,SSD,2025,0.133,NA,Africa,32.36,NA
Sudan,33,SDN,1990,0.086,3.702,Africa,NA,23.58
Sudan,33,SDN,1991,0.086,3.716,Africa,NA,24.4
Sudan,33,SDN,1992,0.088,3.738,Africa,NA,25.26
Sudan,33,SDN,1993,0.088,3.776,Africa,NA,26.14
Sudan,33,SDN,1994,0.088,3.822,Africa,NA,27.05
Sudan,33,SDN,1995,0.088,3.898,Africa,NA,27.99
Sudan,33,SDN,1996,0.136,4.003,Africa,NA,28.96
Sudan,33,SDN,1997,0.151,4.205,Africa,5.25,28.67
Sudan,33,SDN,1998,0.151,4.333,Africa,5.25,28.39
Sudan,33,SDN,1999,0.149,4.465,Africa,NA,28.11
Sudan,33,SDN,2000,0.131,4.623,Africa,NA,27.82
Sudan,33,SDN,2001,0.172,4.778,Africa,9.72,27.53
Sudan,33,SDN,2002,0.173,4.978,Africa,9.72,27.24
Sudan,33,SDN,2003,0.173,5.206,Africa,9.72,26.96
Sudan,33,SDN,2004,0.179,5.44,Africa,9.72,26.68
Sudan,33,SDN,2005,0.198,5.815,Africa,14.67,26.41
Sudan,33,SDN,2006,0.199,6.286,Africa,17.78,26.14
Sudan,33,SDN,2007,0.198,6.752,Africa,18.06,25.87
Sudan,33,SDN,2008,0.201,7.126,Africa,18.06,25.6
Sudan,33,SDN,2009,0.202,7.394,Africa,18.92,26.5
Sudan,33,SDN,2010,0.213,7.605,Africa,25.56,27.4
Sudan,33,SDN,2011,0.212,7.798,Africa,24.58,28.33
Sudan,33,SDN,2012,0.211,7.752,Africa,24.58,27.02
Sudan,33,SDN,2013,0.212,7.929,Africa,24.58,25.75
Sudan,33,SDN,2014,0.212,8.121,Africa,24.29,24.52
Sudan,33,SDN,2015,0.22,8.232,Africa,30.52,23.3
Sudan,33,SDN,2016,0.219,8.415,Africa,30.52,22.09
Sudan,33,SDN,2017,0.226,8.614,Africa,30.52,20.9
Sudan,33,SDN,2018,0.227,8.597,Africa,30.52,19.7
Sudan,33,SDN,2019,0.193,8.554,Africa,NA,18.47
Sudan,33,SDN,2020,0.167,NA,Africa,NA,17.01
Sudan,33,SDN,2021,0.163,NA,Africa,NA,15.81
Sudan,33,SDN,2022,0.158,NA,Africa,NA,14.45
Sudan,33,SDN,2023,0.139,NA,Africa,NA,NA
Sudan,33,SDN,2024,0.137,NA,Africa,NA,NA
Sudan,33,SDN,2025,0.13,NA,Africa,NA,NA
Vietnam,34,VNM,1990,0.154,3.527,Asia,NA,74.74
Vietnam,34,VNM,1991,0.155,3.699,Asia,NA,74.62
Vietnam,34,VNM,1992,0.153,3.918,Asia,NA,74.41
Vietnam,34,VNM,1993,0.15,4.185,Asia,NA,74.24
Vietnam,34,VNM,1994,0.15,4.477,Asia,NA,74.04
Vietnam,34,VNM,1995,0.15,4.795,Asia,NA,73.81
Vietnam,34,VNM,1996,0.153,5.141,Asia,NA,73.58
Vietnam,34,VNM,1997,0.153,5.453,Asia,26.22,72.53
Vietnam,34,VNM,1998,0.153,5.709,Asia,26.22,71.82
Vietnam,34,VNM,1999,0.153,5.944,Asia,26,71.18
Vietnam,34,VNM,2000,0.152,6.238,Asia,26,69.97
Vietnam,34,VNM,2001,0.152,6.568,Asia,26,71.49
Vietnam,34,VNM,2002,0.148,6.951,Asia,27.31,70.83
Vietnam,34,VNM,2003,0.146,7.337,Asia,27.31,70.35
Vietnam,34,VNM,2004,0.147,7.786,Asia,27.31,70.1
Vietnam,34,VNM,2005,0.147,8.268,Asia,27.31,70.38
Vietnam,34,VNM,2006,0.148,8.748,Asia,27.31,70.73
Vietnam,34,VNM,2007,0.149,9.264,Asia,25.76,71.14
Vietnam,34,VNM,2008,0.149,9.759,Asia,25.76,71.55
Vietnam,34,VNM,2009,0.148,10.225,Asia,25.76,71.91
Vietnam,34,VNM,2010,0.149,10.775,Asia,25.76,71.73
Vietnam,34,VNM,2011,0.149,11.295,Asia,24.4,71.72
Vietnam,34,VNM,2012,0.149,11.802,Asia,24.4,71.98
Vietnam,34,VNM,2013,0.147,12.307,Asia,24.4,72.91
Vietnam,34,VNM,2014,0.147,12.836,Asia,24.3,73.06
Vietnam,34,VNM,2015,0.148,13.309,Asia,24.3,72.86
Vietnam,34,VNM,2016,0.15,13.912,Asia,26.72,72.53
Vietnam,34,VNM,2017,0.15,14.644,Asia,26.72,72.58
Vietnam,34,VNM,2018,0.161,15.337,Asia,26.72,72.9
Vietnam,34,VNM,2019,0.211,15.775,Asia,26.72,71.51
Vietnam,34,VNM,2020,0.211,NA,Asia,26.72,69.1
Vietnam,34,VNM,2021,0.169,NA,Asia,30.26,69.11
Vietnam,34,VNM,2022,0.152,NA,Asia,30.26,69.88
Vietnam,34,VNM,2023,0.148,NA,Asia,30.26,69.22
Vietnam,34,VNM,2024,0.159,NA,Asia,30.63,68.9
Vietnam,34,VNM,2025,0.146,NA,Asia,31.38,68.55
Afghanistan,36,AFG,1990,0.094,3.332,Asia,NA,15.74
Afghanistan,36,AFG,1991,0.094,2.991,Asia,NA,15.7
Afghanistan,36,AFG,1992,0.095,2.618,Asia,NA,15.62
Afghanistan,36,AFG,1993,0.093,2.162,Asia,NA,15.51
Afghanistan,36,AFG,1994,0.093,1.878,Asia,NA,15.36
Afghanistan,36,AFG,1995,0.093,1.898,Asia,NA,15.19
Afghanistan,36,AFG,1996,0.076,1.842,Asia,NA,15.02
Afghanistan,36,AFG,1997,0.073,1.762,Asia,NA,14.82
Afghanistan,36,AFG,1998,0.073,1.687,Asia,NA,14.62
Afghanistan,36,AFG,1999,0.073,1.632,Asia,NA,14.44
Afghanistan,36,AFG,2000,0.073,1.635,Asia,NA,14.29
Afghanistan,36,AFG,2001,0.083,1.744,Asia,NA,14.2
Afghanistan,36,AFG,2002,0.218,2.074,Asia,NA,14.15
Afghanistan,36,AFG,2003,0.224,2.256,Asia,NA,14.15
Afghanistan,36,AFG,2004,0.235,2.36,Asia,NA,14.2
Afghanistan,36,AFG,2005,0.311,2.51,Asia,27.31,14.3
Afghanistan,36,AFG,2006,0.364,2.675,Asia,27.31,14.45
Afghanistan,36,AFG,2007,0.364,2.921,Asia,27.69,14.67
Afghanistan,36,AFG,2008,0.368,3.13,Asia,27.69,14.94
Afghanistan,36,AFG,2009,0.361,3.45,Asia,27.31,15.25
Afghanistan,36,AFG,2010,0.347,3.695,Asia,27.71,15.57
Afghanistan,36,AFG,2011,0.346,3.891,Asia,27.71,15.89
Afghanistan,36,AFG,2012,0.35,4.106,Asia,27.71,16.21
Afghanistan,36,AFG,2013,0.345,4.21,Asia,27.71,17.14
Afghanistan,36,AFG,2014,0.35,4.2,Asia,27.71,18.11
Afghanistan,36,AFG,2015,0.348,4.084,Asia,27.71,19.11
Afghanistan,36,AFG,2016,0.34,4.044,Asia,27.71,20.16
Afghanistan,36,AFG,2017,0.334,4.042,Asia,27.71,21.24
Afghanistan,36,AFG,2018,0.33,4.011,Asia,NA,19.8
Afghanistan,36,AFG,2019,0.329,3.975,Asia,27.87,18.3
Afghanistan,36,AFG,2020,0.336,NA,Asia,27.02,16.47
Afghanistan,36,AFG,2021,0.144,NA,Asia,27.02,14.62
Afghanistan,36,AFG,2022,0.076,NA,Asia,NA,5.16
Afghanistan,36,AFG,2023,0.073,NA,Asia,NA,5.14
Afghanistan,36,AFG,2024,0.08,NA,Asia,NA,5.12
Afghanistan,36,AFG,2025,0.069,NA,Asia,NA,5.09
Argentina,37,ARG,1990,0.826,28.115,Latin America,NA,43.12
Argentina,37,ARG,1991,0.829,29.71,Latin America,NA,44.64
Argentina,37,ARG,1992,0.829,31.777,Latin America,NA,46.08
Argentina,37,ARG,1993,0.829,33.551,Latin America,NA,47.55
Argentina,37,ARG,1994,0.834,34.856,Latin America,NA,48.66
Argentina,37,ARG,1995,0.833,35.233,Latin America,NA,48.5
Argentina,37,ARG,1996,0.83,36.332,Latin America,NA,49.45
Argentina,37,ARG,1997,0.829,37.491,Latin America,27.63,50.7
Argentina,37,ARG,1998,0.828,37.858,Latin America,27.63,51.29
Argentina,37,ARG,1999,0.828,36.957,Latin America,NA,50.75
Argentina,37,ARG,2000,0.833,35.88,Latin America,26.46,50.54
Argentina,37,ARG,2001,0.833,34.16,Latin America,NA,49.76
Argentina,37,ARG,2002,0.826,31.951,Latin America,30.74,47.94
Argentina,37,ARG,2003,0.807,32.676,Latin America,30.74,48.94
Argentina,37,ARG,2004,0.795,34.531,Latin America,33.73,49.96
Argentina,37,ARG,2005,0.793,36.84,Latin America,36.19,49.1
Argentina,37,ARG,2006,0.78,39.149,Latin America,35.02,49.74
Argentina,37,ARG,2007,0.781,41.325,Latin America,40,48.9
Argentina,37,ARG,2008,0.766,42.784,Latin America,40,48.06
Argentina,37,ARG,2009,0.756,42.92,Latin America,38.52,48.79
Argentina,37,ARG,2010,0.746,44.854,Latin America,38.52,47.69
Argentina,37,ARG,2011,0.749,46.333,Latin America,37.35,47.95
Argentina,37,ARG,2012,0.763,46.477,Latin America,37.35,48.06
Argentina,37,ARG,2013,0.772,46.377,Latin America,36.58,47.64
Argentina,37,ARG,2014,0.777,45.363,Latin America,36.58,47.42
Argentina,37,ARG,2015,0.765,44.416,Latin America,NA,47.5
Argentina,37,ARG,2016,0.751,43.719,Latin America,35.8,47.58
Argentina,37,ARG,2017,0.751,43.878,Latin America,38.13,47.67
Argentina,37,ARG,2018,0.78,43.409,Latin America,38.91,49.15
Argentina,37,ARG,2019,0.779,42.896,Latin America,40.16,50
Argentina,37,ARG,2020,0.797,NA,Latin America,40.86,46.49
Argentina,37,ARG,2021,0.796,NA,Latin America,44.75,50.26
Argentina,37,ARG,2022,0.831,NA,Latin America,44.75,51.87
Argentina,37,ARG,2023,0.838,NA,Latin America,43.19,52.96
Argentina,37,ARG,2024,0.721,NA,Latin America,42.41,52.28
Argentina,37,ARG,2025,0.69,NA,Latin America,41.25,52.47
Ethiopia,38,ETH,1990,0.15,2.024,Africa,NA,74.91
Ethiopia,38,ETH,1991,0.203,1.877,Africa,NA,74.9
Ethiopia,38,ETH,1992,0.23,1.745,Africa,NA,74.88
Ethiopia,38,ETH,1993,0.23,1.722,Africa,NA,74.85
Ethiopia,38,ETH,1994,0.195,1.722,Africa,NA,74.81
Ethiopia,38,ETH,1995,0.223,1.757,Africa,NA,74.77
Ethiopia,38,ETH,1996,0.245,1.802,Africa,NA,74.74
Ethiopia,38,ETH,1997,0.245,1.824,Africa,2.05,74.69
Ethiopia,38,ETH,1998,0.245,1.792,Africa,2.05,74.64
Ethiopia,38,ETH,1999,0.245,1.776,Africa,2.03,74.61
Ethiopia,38,ETH,2000,0.241,1.787,Africa,7.69,74.58
Ethiopia,38,ETH,2001,0.241,1.82,Africa,7.68,74.55
Ethiopia,38,ETH,2002,0.242,1.813,Africa,7.68,74.55
Ethiopia,38,ETH,2003,0.242,1.82,Africa,7.68,74.55
Ethiopia,38,ETH,2004,0.241,1.901,Africa,7.68,74.56
Ethiopia,38,ETH,2005,0.256,2.034,Africa,21.43,74.57
Ethiopia,38,ETH,2006,0.241,2.17,Africa,21.93,74.53
Ethiopia,38,ETH,2007,0.244,2.34,Africa,21.93,74.48
Ethiopia,38,ETH,2008,0.244,2.511,Africa,21.93,74.44
Ethiopia,38,ETH,2009,0.244,2.675,Africa,21.93,74.4
Ethiopia,38,ETH,2010,0.229,2.862,Africa,27.79,74.36
Ethiopia,38,ETH,2011,0.223,3.081,Africa,27.79,74.32
Ethiopia,38,ETH,2012,0.225,3.303,Africa,27.79,74.29
Ethiopia,38,ETH,2013,0.223,3.518,Africa,27.79,74.25
Ethiopia,38,ETH,2014,0.227,3.75,Africa,27.79,72.22
Ethiopia,38,ETH,2015,0.228,3.947,Africa,38.76,70.18
Ethiopia,38,ETH,2016,0.226,4.187,Africa,38.76,68.15
Ethiopia,38,ETH,2017,0.228,4.46,Africa,38.76,66.11
Ethiopia,38,ETH,2018,0.271,4.685,Africa,38.76,64.06
Ethiopia,38,ETH,2019,0.329,4.867,Africa,38.76,62
Ethiopia,38,ETH,2020,0.32,NA,Africa,38.76,59.3
Ethiopia,38,ETH,2021,0.29,NA,Africa,42.59,57.56
Ethiopia,38,ETH,2022,0.3,NA,Africa,41.49,58
Ethiopia,38,ETH,2023,0.279,NA,Africa,41.31,58.14
Ethiopia,38,ETH,2024,0.26,NA,Africa,41.31,58.39
Ethiopia,38,ETH,2025,0.257,NA,Africa,41.91,58.46
India,39,IND,1990,0.693,4.411,Asia,NA,30.26
India,39,IND,1991,0.713,4.501,Asia,NA,30.36
India,39,IND,1992,0.726,4.634,Asia,NA,30.48
India,39,IND,1993,0.731,4.804,Asia,NA,30.6
India,39,IND,1994,0.738,5.016,Asia,NA,30.74
India,39,IND,1995,0.738,5.252,Asia,NA,31.33
India,39,IND,1996,0.741,5.498,Asia,NA,31.93
India,39,IND,1997,0.742,5.696,Asia,7.16,32.54
India,39,IND,1998,0.746,5.945,Asia,8.1,33.16
India,39,IND,1999,0.737,6.211,Asia,8.44,33.78
India,39,IND,2000,0.735,6.416,Asia,9.01,34.4
India,39,IND,2001,0.735,6.654,Asia,8.84,34.48
India,39,IND,2002,0.739,6.886,Asia,8.84,34.57
India,39,IND,2003,0.736,7.247,Asia,8.84,34.66
India,39,IND,2004,0.731,7.678,Asia,8.26,34.75
India,39,IND,2005,0.723,8.185,Asia,8.29,34.85
India,39,IND,2006,0.721,8.727,Asia,8.26,33.5
India,39,IND,2007,0.721,9.284,Asia,9.06,32.18
India,39,IND,2008,0.721,9.8,Asia,9.06,30.89
India,39,IND,2009,0.683,10.414,Asia,10.83,29.64
India,39,IND,2010,0.671,11.109,Asia,10.83,28.42
India,39,IND,2011,0.671,11.71,Asia,11.01,27.58
India,39,IND,2012,0.659,12.23,Asia,11.01,26.76
India,39,IND,2013,0.65,12.748,Asia,11.01,26.67
India,39,IND,2014,0.617,13.365,Asia,11.42,26.61
India,39,IND,2015,0.543,13.992,Asia,11.97,26.58
India,39,IND,2016,0.524,14.682,Asia,11.97,26.58
India,39,IND,2017,0.488,15.262,Asia,11.81,26.58
India,39,IND,2018,0.482,15.794,Asia,11.81,26.57
India,39,IND,2019,0.43,16.082,Asia,14.39,26.54
India,39,IND,2020,0.39,NA,Asia,14.36,26
India,39,IND,2021,0.398,NA,Asia,14.44,27.72
India,39,IND,2022,0.384,NA,Asia,14.94,29.35
India,39,IND,2023,0.374,NA,Asia,15.24,30.98
India,39,IND,2024,0.381,NA,Asia,13.65,32.42
India,39,IND,2025,0.377,NA,Asia,13.79,32.42
Kenya,40,KEN,1990,0.189,5.028,Africa,NA,69.73
Kenya,40,KEN,1991,0.203,4.99,Africa,NA,69.8
Kenya,40,KEN,1992,0.291,4.89,Africa,NA,69.86
Kenya,40,KEN,1993,0.329,4.838,Africa,NA,69.93
Kenya,40,KEN,1994,0.334,4.882,Africa,NA,70.01
Kenya,40,KEN,1995,0.337,4.922,Africa,NA,70.09
Kenya,40,KEN,1996,0.337,4.965,Africa,NA,70.17
Kenya,40,KEN,1997,0.336,4.958,Africa,2.97,70.25
Kenya,40,KEN,1998,0.363,4.954,Africa,3.6,70.33
Kenya,40,KEN,1999,0.363,4.93,Africa,3.57,70.42
Kenya,40,KEN,2000,0.374,4.874,Africa,3.57,70.47
Kenya,40,KEN,2001,0.376,4.867,Africa,3.57,70.53
Kenya,40,KEN,2002,0.419,4.817,Africa,3.57,70.59
Kenya,40,KEN,2003,0.51,4.806,Africa,7.14,70.65
Kenya,40,KEN,2004,0.51,4.875,Africa,7.14,70.7
Kenya,40,KEN,2005,0.51,5.004,Africa,7.14,70.76
Kenya,40,KEN,2006,0.51,5.179,Africa,7.31,70.82
Kenya,40,KEN,2007,0.511,5.331,Africa,7.25,70.88
Kenya,40,KEN,2008,0.415,5.403,Africa,9.82,70.94
Kenya,40,KEN,2009,0.416,5.527,Africa,9.82,71
Kenya,40,KEN,2010,0.427,5.752,Africa,9.82,71.06
Kenya,40,KEN,2011,0.428,5.94,Africa,9.82,71.11
Kenya,40,KEN,2012,0.425,6.116,Africa,9.82,71.18
Kenya,40,KEN,2013,0.524,6.297,Africa,18.57,71.24
Kenya,40,KEN,2014,0.539,6.464,Africa,19.14,71.3
Kenya,40,KEN,2015,0.539,6.615,Africa,19.71,71.36
Kenya,40,KEN,2016,0.534,6.799,Africa,19.71,71.42
Kenya,40,KEN,2017,0.512,7.027,Africa,21.78,68.68
Kenya,40,KEN,2018,0.496,7.216,Africa,21.78,65.81
Kenya,40,KEN,2019,0.501,7.28,Africa,21.78,62.82
Kenya,40,KEN,2020,0.503,NA,Africa,21.78,62.17
Kenya,40,KEN,2021,0.507,NA,Africa,21.61,62.67
Kenya,40,KEN,2022,0.55,NA,Africa,23.43,62.83
Kenya,40,KEN,2023,0.57,NA,Africa,23.28,62.95
Kenya,40,KEN,2024,0.557,NA,Africa,23.28,63.01
Kenya,40,KEN,2025,0.563,NA,Africa,23.39,63.04
North Korea,41,PRK,1990,0.086,5.96,Asia,NA,76.64
North Korea,41,PRK,1991,0.087,5.598,Asia,NA,76.82
North Korea,41,PRK,1992,0.084,5.219,Asia,NA,77.1
North Korea,41,PRK,1993,0.084,4.865,Asia,NA,77.3
North Korea,41,PRK,1994,0.084,4.605,Asia,NA,77.42
North Korea,41,PRK,1995,0.084,4.373,Asia,NA,77.61
North Korea,41,PRK,1996,0.084,4.181,Asia,NA,77.77
North Korea,41,PRK,1997,0.084,4.012,Asia,20.09,78.04
North Korea,41,PRK,1998,0.084,3.953,Asia,20.09,78.1
North Korea,41,PRK,1999,0.083,3.983,Asia,20.09,77.91
North Korea,41,PRK,2000,0.083,4.008,Asia,20.09,77.92
North Korea,41,PRK,2001,0.083,4.061,Asia,20.09,77.81
North Korea,41,PRK,2002,0.083,4.101,Asia,20.09,77.78
North Korea,41,PRK,2003,0.083,4.15,Asia,NA,77.74
North Korea,41,PRK,2004,0.085,4.19,Asia,20.09,77.68
North Korea,41,PRK,2005,0.085,4.218,Asia,20.09,77.57
North Korea,41,PRK,2006,0.085,4.192,Asia,20.09,77.63
North Korea,41,PRK,2007,0.085,4.158,Asia,20.09,77.68
North Korea,41,PRK,2008,0.085,4.154,Asia,20.09,77.59
North Korea,41,PRK,2009,0.085,4.134,Asia,15.57,77.64
North Korea,41,PRK,2010,0.086,4.093,Asia,15.57,77.66
North Korea,41,PRK,2011,0.086,4.086,Asia,15.57,77.65
North Korea,41,PRK,2012,0.086,4.088,Asia,15.57,77.61
North Korea,41,PRK,2013,0.086,4.099,Asia,15.57,77.58
North Korea,41,PRK,2014,0.085,4.101,Asia,16.3,77.56
North Korea,41,PRK,2015,0.085,4.106,Asia,16.3,77.61
North Korea,41,PRK,2016,0.085,4.075,Asia,16.3,77.48
North Korea,41,PRK,2017,0.085,4.029,Asia,16.3,77.62
North Korea,41,PRK,2018,0.085,3.996,Asia,16.3,77.79
North Korea,41,PRK,2019,0.083,4.007,Asia,17.61,77.79
North Korea,41,PRK,2020,0.083,NA,Asia,17.61,76.31
North Korea,41,PRK,2021,0.083,NA,Asia,17.61,76.48
North Korea,41,PRK,2022,0.083,NA,Asia,17.61,77.69
North Korea,41,PRK,2023,0.083,NA,Asia,17.61,77.72
North Korea,41,PRK,2024,0.084,NA,Asia,17.61,77.72
North Korea,41,PRK,2025,0.083,NA,Asia,17.61,77.71
South Korea,42,KOR,1990,0.647,30.784,Asia,NA,47.21
South Korea,42,KOR,1991,0.647,33.32,Asia,NA,47.22
South Korea,42,KOR,1992,0.651,35.549,Asia,NA,47.2
South Korea,42,KOR,1993,0.724,38.049,Asia,NA,47.16
South Korea,42,KOR,1994,0.731,40.945,Asia,NA,47.91
South Korea,42,KOR,1995,0.731,43.914,Asia,NA,48.45
South Korea,42,KOR,1996,0.736,46.277,Asia,NA,48.95
South Korea,42,KOR,1997,0.743,47.653,Asia,3.01,49.83
South Korea,42,KOR,1998,0.804,47.688,Asia,3.68,47.12
South Korea,42,KOR,1999,0.811,50.444,Asia,3.68,47.68
South Korea,42,KOR,2000,0.829,53.612,Asia,5.86,49.35
South Korea,42,KOR,2001,0.833,56.166,Asia,5.86,50
South Korea,42,KOR,2002,0.833,59.156,Asia,5.86,50.37
South Korea,42,KOR,2003,0.835,61.438,Asia,5.86,49.48
South Korea,42,KOR,2004,0.834,63.879,Asia,13.04,50.64
South Korea,42,KOR,2005,0.834,66.28,Asia,13.38,50.66
South Korea,42,KOR,2006,0.834,68.669,Asia,13.38,50.83
South Korea,42,KOR,2007,0.834,70.993,Asia,14.38,50.65
South Korea,42,KOR,2008,0.759,72.424,Asia,13.71,50.35
South Korea,42,KOR,2009,0.759,73.769,Asia,14.72,49.58
South Korea,42,KOR,2010,0.762,76.43,Asia,14.72,49.77
South Korea,42,KOR,2011,0.762,78.073,Asia,14.72,49.99
South Korea,42,KOR,2012,0.753,79.504,Asia,15.67,50.29
South Korea,42,KOR,2013,0.716,81.202,Asia,15.67,50.8
South Korea,42,KOR,2014,0.705,82.888,Asia,16.33,51.84
South Korea,42,KOR,2015,0.705,84.006,Asia,16.33,52.39
South Korea,42,KOR,2016,0.718,85.723,Asia,17,52.57
South Korea,42,KOR,2017,0.852,87.955,Asia,17,53.07
South Korea,42,KOR,2018,0.857,89.966,Asia,17,53.22
South Korea,42,KOR,2019,0.842,91.211,Asia,16.67,53.77
South Korea,42,KOR,2020,0.85,NA,Asia,19,53.14
South Korea,42,KOR,2021,0.852,NA,Asia,19,53.65
South Korea,42,KOR,2022,0.802,NA,Asia,18.64,55.03
South Korea,42,KOR,2023,0.722,NA,Asia,19.06,56.04
South Korea,42,KOR,2024,0.724,NA,Asia,20,56.83
South Korea,42,KOR,2025,0.819,NA,Asia,20.33,56.78
Kosovo,43,XKX,1999,0.219,8.859,Eastern Europe,NA,NA
Kosovo,43,XKX,2000,0.238,8.929,Eastern Europe,NA,NA
Kosovo,43,XKX,2001,0.25,9.534,Eastern Europe,NA,NA
Kosovo,43,XKX,2002,0.493,9.972,Eastern Europe,NA,NA
Kosovo,43,XKX,2003,0.532,10.453,Eastern Europe,NA,NA
Kosovo,43,XKX,2004,0.527,10.898,Eastern Europe,NA,NA
Kosovo,43,XKX,2005,0.512,11.407,Eastern Europe,NA,NA
Kosovo,43,XKX,2006,0.512,11.962,Eastern Europe,NA,NA
Kosovo,43,XKX,2007,0.519,12.568,Eastern Europe,NA,NA
Kosovo,43,XKX,2008,0.512,13.209,Eastern Europe,NA,NA
Kosovo,43,XKX,2009,0.514,13.754,Eastern Europe,NA,NA
Kosovo,43,XKX,2010,0.533,14.214,Eastern Europe,NA,NA
Kosovo,43,XKX,2011,0.504,14.661,Eastern Europe,NA,NA
Kosovo,43,XKX,2012,0.507,15.056,Eastern Europe,NA,NA
Kosovo,43,XKX,2013,0.519,15.459,Eastern Europe,NA,NA
Kosovo,43,XKX,2014,0.593,15.832,Eastern Europe,NA,NA
Kosovo,43,XKX,2015,0.651,16.164,Eastern Europe,NA,NA
Kosovo,43,XKX,2016,0.653,16.659,Eastern Europe,NA,NA
Kosovo,43,XKX,2017,0.574,17.093,Eastern Europe,NA,NA
Kosovo,43,XKX,2018,0.662,17.508,Eastern Europe,NA,NA
Kosovo,43,XKX,2019,0.677,17.835,Eastern Europe,NA,NA
Kosovo,43,XKX,2020,0.67,NA,Eastern Europe,NA,NA
Kosovo,43,XKX,2021,0.674,NA,Eastern Europe,NA,NA
Kosovo,43,XKX,2022,0.676,NA,Eastern Europe,NA,NA
Kosovo,43,XKX,2023,0.676,NA,Eastern Europe,NA,NA
Kosovo,43,XKX,2024,0.648,NA,Eastern Europe,NA,NA
Kosovo,43,XKX,2025,0.631,NA,Eastern Europe,NA,NA
Lebanon,44,LBN,1990,0.342,12.773,Middle East,NA,17.98
Lebanon,44,LBN,1991,0.336,15.043,Middle East,NA,18.05
Lebanon,44,LBN,1992,0.336,16.572,Middle East,NA,18.45
Lebanon,44,LBN,1993,0.317,17.851,Middle East,NA,18.71
Lebanon,44,LBN,1994,0.312,19.03,Middle East,NA,18.92
Lebanon,44,LBN,1995,0.312,20.034,Middle East,NA,19.09
Lebanon,44,LBN,1996,0.312,20.999,Middle East,NA,19.35
Lebanon,44,LBN,1997,0.312,21.374,Middle East,2.34,19.43
Lebanon,44,LBN,1998,0.312,21.861,Middle East,2.34,19.56
Lebanon,44,LBN,1999,0.312,22.061,Middle East,2.34,19.61
Lebanon,44,LBN,2000,0.323,22.275,Middle East,2.34,19.7
Lebanon,44,LBN,2001,0.354,22.673,Middle East,2.34,19.83
Lebanon,44,LBN,2002,0.351,23.046,Middle East,2.34,19.96
Lebanon,44,LBN,2003,0.351,23.439,Middle East,2.34,20.09
Lebanon,44,LBN,2004,0.355,24.11,Middle East,2.34,20.28
Lebanon,44,LBN,2005,0.402,24.63,Middle East,4.69,20.51
Lebanon,44,LBN,2006,0.441,25.15,Middle East,4.69,20.74
Lebanon,44,LBN,2007,0.442,26.614,Middle East,4.69,20.98
Lebanon,44,LBN,2008,0.443,28.596,Middle East,4.69,21.58
Lebanon,44,LBN,2009,0.467,30.758,Middle East,3.12,22.2
Lebanon,44,LBN,2010,0.466,32.136,Middle East,3.12,22.82
Lebanon,44,LBN,2011,0.479,32.115,Middle East,3.12,23.45
Lebanon,44,LBN,2012,0.477,31.422,Middle East,3.12,24.09
Lebanon,44,LBN,2013,0.486,30.021,Middle East,3.12,24.74
Lebanon,44,LBN,2014,0.486,28.433,Middle East,3.12,25.4
Lebanon,44,LBN,2015,0.48,27.074,Middle East,3.12,26.11
Lebanon,44,LBN,2016,0.479,26.567,Middle East,3.12,26.88
Lebanon,44,LBN,2017,0.47,26.375,Middle East,3.12,27.67
Lebanon,44,LBN,2018,0.44,25.853,Middle East,4.69,28.47
Lebanon,44,LBN,2019,0.429,25.081,Middle East,4.69,29.29
Lebanon,44,LBN,2020,0.436,NA,Middle East,4.69,25.94
Lebanon,44,LBN,2021,0.433,NA,Middle East,4.69,23.88
Lebanon,44,LBN,2022,0.405,NA,Middle East,6.25,22.34
Lebanon,44,LBN,2023,0.361,NA,Middle East,6.25,22.23
Lebanon,44,LBN,2024,0.347,NA,Middle East,6.25,NA
Lebanon,44,LBN,2025,0.419,NA,Middle East,6.25,NA
Nigeria,45,NGA,1990,0.203,5.904,Africa,NA,74.63
Nigeria,45,NGA,1991,0.204,5.822,Africa,NA,75.41
Nigeria,45,NGA,1992,0.223,5.744,Africa,NA,76.26
Nigeria,45,NGA,1993,0.229,5.571,Africa,NA,76.76
Nigeria,45,NGA,1994,0.197,5.419,Africa,NA,77.54
Nigeria,45,NGA,1995,0.189,5.376,Africa,NA,77.72
Nigeria,45,NGA,1996,0.189,5.386,Africa,NA,77.55
Nigeria,45,NGA,1997,0.2,5.398,Africa,NA,77.62
Nigeria,45,NGA,1998,0.222,5.401,Africa,NA,77.55
Nigeria,45,NGA,1999,0.376,5.448,Africa,NA,77.63
Nigeria,45,NGA,2000,0.471,5.639,Africa,3.42,77.55
Nigeria,45,NGA,2001,0.471,5.944,Africa,3.42,77.4
Nigeria,45,NGA,2002,0.471,6.448,Africa,3.42,77.38
Nigeria,45,NGA,2003,0.428,6.924,Africa,4.72,77.13
Nigeria,45,NGA,2004,0.412,7.432,Africa,4.72,76.99
Nigeria,45,NGA,2005,0.412,7.903,Africa,6.39,76.76
Nigeria,45,NGA,2006,0.417,8.34,Africa,6.11,76.73
Nigeria,45,NGA,2007,0.408,8.88,Africa,6.98,76.71
Nigeria,45,NGA,2008,0.414,9.363,Africa,6.98,76.59
Nigeria,45,NGA,2009,0.413,9.938,Africa,6.98,76.45
Nigeria,45,NGA,2010,0.43,10.596,Africa,6.98,76.36
Nigeria,45,NGA,2011,0.481,11.013,Africa,6.82,75.94
Nigeria,45,NGA,2012,0.506,11.3,Africa,6.67,75.92
Nigeria,45,NGA,2013,0.52,11.572,Africa,6.67,75.77
Nigeria,45,NGA,2014,0.525,11.703,Africa,6.67,75.66
Nigeria,45,NGA,2015,0.554,11.496,Africa,5.56,75.76
Nigeria,45,NGA,2016,0.555,11.155,Africa,5.56,75.89
Nigeria,45,NGA,2017,0.556,10.862,Africa,5.56,76.16
Nigeria,45,NGA,2018,0.555,10.675,Africa,5.56,76.36
Nigeria,45,NGA,2019,0.52,10.467,Africa,3.38,76.6
Nigeria,45,NGA,2020,0.512,NA,Africa,7.22,74.89
Nigeria,45,NGA,2021,0.488,NA,Africa,3.61,75.89
Nigeria,45,NGA,2022,0.49,NA,Africa,3.61,76.93
Nigeria,45,NGA,2023,0.484,NA,Africa,3.91,80.69
Nigeria,45,NGA,2024,0.499,NA,Africa,3.91,80.71
Nigeria,45,NGA,2025,0.505,NA,Africa,4.21,80.7
Philippines,46,PHL,1990,0.565,8.28,Asia,NA,47.35
Philippines,46,PHL,1991,0.565,8.267,Asia,NA,47.43
Philippines,46,PHL,1992,0.555,8.293,Asia,NA,47.48
Philippines,46,PHL,1993,0.542,8.426,Asia,NA,47.48
Philippines,46,PHL,1994,0.542,8.663,Asia,NA,47.43
Philippines,46,PHL,1995,0.55,8.941,Asia,NA,47.37
Philippines,46,PHL,1996,0.555,9.207,Asia,NA,47.28
Philippines,46,PHL,1997,0.555,9.294,Asia,11.06,47.2
Philippines,46,PHL,1998,0.579,9.2,Asia,12.44,47.27
Philippines,46,PHL,1999,0.576,9.191,Asia,12.44,47.23
Philippines,46,PHL,2000,0.585,9.252,Asia,11.26,47.18
Philippines,46,PHL,2001,0.545,9.337,Asia,17.76,47.15
Philippines,46,PHL,2002,0.531,9.464,Asia,17.76,47.11
Philippines,46,PHL,2003,0.529,9.652,Asia,17.76,47.03
Philippines,46,PHL,2004,0.486,9.899,Asia,15.25,46.71
Philippines,46,PHL,2005,0.463,10.203,Asia,15.25,47.45
Philippines,46,PHL,2006,0.463,10.544,Asia,15.25,47.6
Philippines,46,PHL,2007,0.459,10.944,Asia,20.5,47.6
Philippines,46,PHL,2008,0.456,11.322,Asia,20.5,47.06
Philippines,46,PHL,2009,0.46,11.629,Asia,20.97,47.87
Philippines,46,PHL,2010,0.506,12.128,Asia,22.14,48.12
Philippines,46,PHL,2011,0.524,12.594,Asia,22.89,48.94
Philippines,46,PHL,2012,0.524,13.143,Asia,22.89,48.46
Philippines,46,PHL,2013,0.521,13.722,Asia,27.34,48.34
Philippines,46,PHL,2014,0.521,14.244,Asia,27.34,49.12
Philippines,46,PHL,2015,0.522,14.694,Asia,27.24,48.67
Philippines,46,PHL,2016,0.485,15.297,Asia,29.79,48.19
Philippines,46,PHL,2017,0.469,15.917,Asia,29.45,45.04
Philippines,46,PHL,2018,0.45,16.365,Asia,29.45,45.53
Philippines,46,PHL,2019,0.428,16.533,Asia,27.96,46.57
Philippines,46,PHL,2020,0.405,NA,Asia,27.96,42.68
Philippines,46,PHL,2021,0.411,NA,Asia,27.96,44.2
Philippines,46,PHL,2022,0.411,NA,Asia,27.33,50.38
Philippines,46,PHL,2023,0.416,NA,Asia,27.33,50.44
Philippines,46,PHL,2024,0.411,NA,Asia,27.33,50.51
Philippines,46,PHL,2025,0.392,NA,Asia,28.34,50.49
Tanzania,47,TZA,1990,0.287,2.757,Africa,NA,84.05
Tanzania,47,TZA,1991,0.294,2.719,Africa,NA,84.08
Tanzania,47,TZA,1992,0.393,2.645,Africa,NA,84.12
Tanzania,47,TZA,1993,0.402,2.585,Africa,NA,84.18
Tanzania,47,TZA,1994,0.414,2.552,Africa,NA,84.28
Tanzania,47,TZA,1995,0.473,2.578,Africa,NA,84.33
Tanzania,47,TZA,1996,0.491,2.635,Africa,NA,84.31
Tanzania,47,TZA,1997,0.491,2.703,Africa,17.45,84.3
Tanzania,47,TZA,1998,0.491,2.776,Africa,17.45,84.32
Tanzania,47,TZA,1999,0.491,2.857,Africa,16.36,84.33
Tanzania,47,TZA,2000,0.477,2.95,Africa,NA,84.34
Tanzania,47,TZA,2001,0.44,3.061,Africa,22.26,84.35
Tanzania,47,TZA,2002,0.44,3.196,Africa,22.26,84.94
Tanzania,47,TZA,2003,0.44,3.325,Africa,21.36,85.51
Tanzania,47,TZA,2004,0.44,3.471,Africa,21.36,86.06
Tanzania,47,TZA,2005,0.429,3.637,Africa,30.41,86.6
Tanzania,47,TZA,2006,0.465,3.794,Africa,30.41,87.12
Tanzania,47,TZA,2007,0.462,3.969,Africa,30.41,86.36
Tanzania,47,TZA,2008,0.464,4.138,Africa,30.41,85.57
Tanzania,47,TZA,2009,0.465,4.297,Africa,30.65,84.75
Tanzania,47,TZA,2010,0.467,4.481,Africa,NA,83.9
Tanzania,47,TZA,2011,0.477,4.672,Africa,36,83
Tanzania,47,TZA,2012,0.475,4.804,Africa,36,82.07
Tanzania,47,TZA,2013,0.47,4.942,Africa,36,81.1
Tanzania,47,TZA,2014,0.467,5.075,Africa,36,80.09
Tanzania,47,TZA,2015,0.453,5.167,Africa,36,80.12
Tanzania,47,TZA,2016,0.409,5.301,Africa,36.56,80.16
Tanzania,47,TZA,2017,0.401,5.383,Africa,37.18,80.2
Tanzania,47,TZA,2018,0.385,5.437,Africa,37.18,80.23
Tanzania,47,TZA,2019,0.383,5.408,Africa,36.9,80.26
Tanzania,47,TZA,2020,0.383,NA,Africa,36.72,79.34
Tanzania,47,TZA,2021,0.366,NA,Africa,36.86,80.42
Tanzania,47,TZA,2022,0.397,NA,Africa,36.86,80.27
Tanzania,47,TZA,2023,0.409,NA,Africa,37.4,80.33
Tanzania,47,TZA,2024,0.413,NA,Africa,37.4,80.29
Tanzania,47,TZA,2025,0.365,NA,Africa,39.53,80.28
Taiwan,48,TWN,1990,0.263,43.474,Asia,NA,NA
Taiwan,48,TWN,1991,0.265,46.446,Asia,NA,NA
Taiwan,48,TWN,1992,0.296,49.51,Asia,NA,NA
Taiwan,48,TWN,1993,0.319,52.52,Asia,NA,NA
Taiwan,48,TWN,1994,0.32,55.53,Asia,NA,NA
Taiwan,48,TWN,1995,0.324,58.327,Asia,NA,NA
Taiwan,48,TWN,1996,0.505,61.197,Asia,NA,NA
Taiwan,48,TWN,1997,0.643,64.073,Asia,NA,NA
Taiwan,48,TWN,1998,0.659,66.623,Asia,NA,NA
Taiwan,48,TWN,1999,0.649,69.443,Asia,NA,NA
Taiwan,48,TWN,2000,0.772,72.007,Asia,NA,NA
Taiwan,48,TWN,2001,0.782,73.169,Asia,NA,NA
Taiwan,48,TWN,2002,0.787,75.157,Asia,NA,NA
Taiwan,48,TWN,2003,0.784,77.146,Asia,NA,NA
Taiwan,48,TWN,2004,0.776,79.871,Asia,NA,NA
Taiwan,48,TWN,2005,0.771,82.96,Asia,NA,NA
Taiwan,48,TWN,2006,0.776,85.385,Asia,NA,NA
Taiwan,48,TWN,2007,0.775,87.555,Asia,NA,NA
Taiwan,48,TWN,2008,0.793,88.461,Asia,NA,NA
Taiwan,48,TWN,2009,0.794,89.817,Asia,NA,NA
Taiwan,48,TWN,2010,0.798,92.803,Asia,NA,NA
Taiwan,48,TWN,2011,0.798,94.575,Asia,NA,NA
Taiwan,48,TWN,2012,0.799,95.078,Asia,NA,NA
Taiwan,48,TWN,2013,0.803,93.865,Asia,NA,NA
Taiwan,48,TWN,2014,0.806,88.714,Asia,NA,NA
Taiwan,48,TWN,2015,0.806,75.579,Asia,NA,NA
Taiwan,48,TWN,2016,0.835,88.232,Asia,NA,NA
Taiwan,48,TWN,2017,0.845,93.973,Asia,NA,NA
Taiwan,48,TWN,2018,0.845,97.516,Asia,NA,NA
Taiwan,48,TWN,2019,0.834,98.923,Asia,NA,NA
Taiwan,48,TWN,2020,0.82,NA,Asia,NA,NA
Taiwan,48,TWN,2021,0.82,NA,Asia,NA,NA
Taiwan,48,TWN,2022,0.827,NA,Asia,NA,NA
Taiwan,48,TWN,2023,0.823,NA,Asia,NA,NA
Taiwan,48,TWN,2024,0.804,NA,Asia,NA,NA
Taiwan,48,TWN,2025,0.801,NA,Asia,NA,NA
Thailand,49,THA,1990,0.371,15.191,Asia,NA,65.6
Thailand,49,THA,1991,0.209,16.371,Asia,NA,65.52
Thailand,49,THA,1992,0.271,17.601,Asia,NA,65.47
Thailand,49,THA,1993,0.405,18.922,Asia,NA,65.45
Thailand,49,THA,1994,0.404,20.173,Asia,NA,65.46
Thailand,49,THA,1995,0.412,21.313,Asia,NA,66.56
Thailand,49,THA,1996,0.394,21.89,Asia,NA,67.56
Thailand,49,THA,1997,0.476,21.356,Asia,5.6,67.74
Thailand,49,THA,1998,0.507,20.35,Asia,5.6,66.36
Thailand,49,THA,1999,0.507,20.451,Asia,5.6,65.18
Thailand,49,THA,2000,0.501,20.904,Asia,4.81,65.6
Thailand,49,THA,2001,0.55,21.558,Asia,9.2,65.26
Thailand,49,THA,2002,0.547,22.569,Asia,9.2,65.11
Thailand,49,THA,2003,0.537,23.751,Asia,9.2,64.99
Thailand,49,THA,2004,0.53,24.964,Asia,8.83,64.81
Thailand,49,THA,2005,0.507,26.061,Asia,10.6,65.23
Thailand,49,THA,2006,0.227,27.17,Asia,8.68,64.28
Thailand,49,THA,2007,0.181,28.29,Asia,11.74,64.81
Thailand,49,THA,2008,0.402,28.967,Asia,11.67,64.87
Thailand,49,THA,2009,0.418,29.559,Asia,13.32,64.66
Thailand,49,THA,2010,0.411,30.849,Asia,13.32,63.68
Thailand,49,THA,2011,0.462,31.806,Asia,15.8,65.81
Thailand,49,THA,2012,0.493,33.12,Asia,15.8,65.07
Thailand,49,THA,2013,0.446,33.801,Asia,15.8,61.78
Thailand,49,THA,2014,0.162,34.071,Asia,6.09,61.45
Thailand,49,THA,2015,0.16,34.475,Asia,6.09,61.07
Thailand,49,THA,2016,0.16,35.338,Asia,6.09,60.17
Thailand,49,THA,2017,0.154,36.58,Asia,4.8,59.35
Thailand,49,THA,2018,0.17,37.501,Asia,5.28,59.57
Thailand,49,THA,2019,0.208,37.955,Asia,16.2,58.9
Thailand,49,THA,2020,0.201,NA,Asia,15.75,59.11
Thailand,49,THA,2021,0.208,NA,Asia,15.75,59.18
Thailand,49,THA,2022,0.216,NA,Asia,15.75,59.58
Thailand,49,THA,2023,0.295,NA,Asia,18.84,60.31
Thailand,49,THA,2024,0.41,NA,Asia,19.4,59.47
Thailand,49,THA,2025,0.424,NA,Asia,19.6,58.96
Uganda,50,UGA,1990,0.178,2.231,Africa,NA,70.78
Uganda,50,UGA,1991,0.255,2.234,Africa,NA,70.8
Uganda,50,UGA,1992,0.258,2.264,Africa,NA,70.84
Uganda,50,UGA,1993,0.265,2.335,Africa,NA,70.91
Uganda,50,UGA,1994,0.287,2.438,Africa,NA,70.98
Uganda,50,UGA,1995,0.293,2.561,Africa,NA,71.07
Uganda,50,UGA,1996,0.304,2.655,Africa,NA,71.15
Uganda,50,UGA,1997,0.305,2.718,Africa,18.12,71.2
Uganda,50,UGA,1998,0.305,2.788,Africa,18.12,71.24
Uganda,50,UGA,1999,0.305,2.86,Africa,17.92,71.25
Uganda,50,UGA,2000,0.304,2.923,Africa,17.79,71.25
Uganda,50,UGA,2001,0.27,3.012,Africa,24.67,71.23
Uganda,50,UGA,2002,0.262,3.103,Africa,24.67,71.19
Uganda,50,UGA,2003,0.257,3.194,Africa,24.67,71.14
Uganda,50,UGA,2004,0.265,3.299,Africa,23.93,71.08
Uganda,50,UGA,2005,0.294,3.435,Africa,23.93,71.03
Uganda,50,UGA,2006,0.318,3.587,Africa,29.82,70.96
Uganda,50,UGA,2007,0.323,3.769,Africa,30.72,70.9
Uganda,50,UGA,2008,0.32,3.96,Africa,30.72,70.84
Uganda,50,UGA,2009,0.318,4.166,Africa,31.48,70.76
Uganda,50,UGA,2010,0.317,4.321,Africa,31.29,70.7
Uganda,50,UGA,2011,0.317,4.452,Africa,34.97,77.92
Uganda,50,UGA,2012,0.316,4.503,Africa,34.97,65.5
Uganda,50,UGA,2013,0.312,4.533,Africa,34.97,81.91
Uganda,50,UGA,2014,0.305,4.566,Africa,34.97,75.64
Uganda,50,UGA,2015,0.3,4.586,Africa,34.97,73.72
Uganda,50,UGA,2016,0.289,4.615,Africa,33.49,71.59
Uganda,50,UGA,2017,0.291,4.685,Africa,34.3,69.22
Uganda,50,UGA,2018,0.283,4.769,Africa,34.3,71.69
Uganda,50,UGA,2019,0.284,4.827,Africa,34.86,73.85
Uganda,50,UGA,2020,0.285,NA,Africa,34.86,73.98
Uganda,50,UGA,2021,0.274,NA,Africa,33.81,74.67
Uganda,50,UGA,2022,0.269,NA,Africa,33.81,75.36
Uganda,50,UGA,2023,0.259,NA,Africa,33.81,75.44
Uganda,50,UGA,2024,0.261,NA,Africa,33.93,75.56
Uganda,50,UGA,2025,0.253,NA,Africa,34.05,75.6
Venezuela,51,VEN,1990,0.741,24.534,Latin America,NA,48.56
Venezuela,51,VEN,1991,0.742,25.161,Latin America,NA,49.03
Venezuela,51,VEN,1992,0.733,25.735,Latin America,NA,49.44
Venezuela,51,VEN,1993,0.744,25.529,Latin America,NA,49.12
Venezuela,51,VEN,1994,0.748,25.041,Latin America,NA,48.52
Venezuela,51,VEN,1995,0.748,24.992,Latin America,NA,48.5
Venezuela,51,VEN,1996,0.748,24.836,Latin America,NA,48.68
Venezuela,51,VEN,1997,0.746,24.891,Latin America,5.91,48.74
Venezuela,51,VEN,1998,0.73,24.5,Latin America,5.91,48.98
Venezuela,51,VEN,1999,0.665,24.095,Latin America,12.14,48.12
Venezuela,51,VEN,2000,0.573,24.396,Latin America,NA,47.91
Venezuela,51,VEN,2001,0.529,24.19,Latin America,9.7,48.53
Venezuela,51,VEN,2002,0.495,23.318,Latin America,9.7,47.76
Venezuela,51,VEN,2003,0.487,23.035,Latin America,9.7,46.46
Venezuela,51,VEN,2004,0.475,25.036,Latin America,9.7,47.56
Venezuela,51,VEN,2005,0.474,27.461,Latin America,17.37,49.46
Venezuela,51,VEN,2006,0.45,29.859,Latin America,17.96,50.02
Venezuela,51,VEN,2007,0.434,31.943,Latin America,18.56,49.73
Venezuela,51,VEN,2008,0.432,33.45,Latin America,18.56,49.73
Venezuela,51,VEN,2009,0.431,33.684,Latin America,17.47,50
Venezuela,51,VEN,2010,0.419,34.341,Latin America,16.97,49.6
Venezuela,51,VEN,2011,0.415,35.194,Latin America,16.97,49.64
Venezuela,51,VEN,2012,0.399,35.77,Latin America,16.97,49.49
Venezuela,51,VEN,2013,0.327,35.708,Latin America,16.97,49.08
Venezuela,51,VEN,2014,0.312,33.012,Latin America,16.97,48.68
Venezuela,51,VEN,2015,0.3,28.863,Latin America,16.97,48.27
Venezuela,51,VEN,2016,0.293,23.407,Latin America,14.37,47.87
Venezuela,51,VEN,2017,0.233,18.213,Latin America,22.16,46.18
Venezuela,51,VEN,2018,0.213,14.944,Latin America,22.16,44.85
Venezuela,51,VEN,2019,0.209,12.79,Latin America,22.16,42.34
Venezuela,51,VEN,2020,0.206,NA,Latin America,22.16,36.89
Venezuela,51,VEN,2021,0.215,NA,Latin America,22.16,37.37
Venezuela,51,VEN,2022,0.209,NA,Latin America,NA,35.32
Venezuela,51,VEN,2023,0.206,NA,Latin America,NA,36.16
Venezuela,51,VEN,2024,0.196,NA,Latin America,NA,37.33
Venezuela,51,VEN,2025,0.181,NA,Latin America,32.13,37.1
Benin,52,BEN,1990,0.221,3.815,Africa,NA,57.11
Benin,52,BEN,1991,0.462,3.869,Africa,NA,57.1
Benin,52,BEN,1992,0.598,3.875,Africa,NA,57.08
Benin,52,BEN,1993,0.598,3.898,Africa,NA,57.8
Benin,52,BEN,1994,0.598,3.854,Africa,NA,58.55
Benin,52,BEN,1995,0.624,3.937,Africa,NA,59.32
Benin,52,BEN,1996,0.617,4.018,Africa,NA,60.11
Benin,52,BEN,1997,0.618,4.11,Africa,7.23,60.91
Benin,52,BEN,1998,0.618,4.185,Africa,7.23,61.74
Benin,52,BEN,1999,0.613,4.295,Africa,6.02,62.59
Benin,52,BEN,2000,0.611,4.409,Africa,6.02,63.47
Benin,52,BEN,2001,0.609,4.517,Africa,6.02,64.38
Benin,52,BEN,2002,0.61,4.617,Africa,6.02,65.32
Benin,52,BEN,2003,0.603,4.678,Africa,6.02,65.78
Benin,52,BEN,2004,0.601,4.72,Africa,7.23,66.24
Benin,52,BEN,2005,0.622,4.726,Africa,7.23,66.72
Benin,52,BEN,2006,0.659,4.75,Africa,7.23,67.19
Benin,52,BEN,2007,0.645,4.817,Africa,10.84,67.66
Benin,52,BEN,2008,0.635,4.872,Africa,10.84,68.14
Benin,52,BEN,2009,0.633,4.863,Africa,10.84,68.62
Benin,52,BEN,2010,0.635,4.845,Africa,10.84,69.1
Benin,52,BEN,2011,0.599,4.877,Africa,8.43,69.59
Benin,52,BEN,2012,0.596,4.958,Africa,8.43,70.2
Benin,52,BEN,2013,0.603,5.11,Africa,8.43,70.81
Benin,52,BEN,2014,0.606,5.261,Africa,8.43,71.41
Benin,52,BEN,2015,0.652,5.334,Africa,7.23,72.01
Benin,52,BEN,2016,0.712,5.455,Africa,7.23,72.6
Benin,52,BEN,2017,0.713,5.711,Africa,7.23,73.18
Benin,52,BEN,2018,0.606,5.928,Africa,7.23,73.76
Benin,52,BEN,2019,0.452,6.148,Africa,7.23,74.32
Benin,52,BEN,2020,0.408,NA,Africa,7.23,73.59
Benin,52,BEN,2021,0.39,NA,Africa,8.43,74.75
Benin,52,BEN,2022,0.423,NA,Africa,7.41,74.63
Benin,52,BEN,2023,0.487,NA,Africa,26.61,74.8
Benin,52,BEN,2024,0.491,NA,Africa,26.61,74.98
Benin,52,BEN,2025,0.493,NA,Africa,26.61,75.16
Bhutan,53,BTN,1990,0.059,6.262,Asia,NA,54.67
Bhutan,53,BTN,1991,0.059,6.438,Asia,NA,54.86
Bhutan,53,BTN,1992,0.063,6.664,Asia,NA,55.12
Bhutan,53,BTN,1993,0.065,6.923,Asia,NA,55.46
Bhutan,53,BTN,1994,0.064,7.246,Asia,NA,55.84
Bhutan,53,BTN,1995,0.064,7.606,Asia,NA,56.27
Bhutan,53,BTN,1996,0.064,7.963,Asia,NA,56.77
Bhutan,53,BTN,1997,0.064,8.324,Asia,2,57.31
Bhutan,53,BTN,1998,0.064,8.703,Asia,2,57.91
Bhutan,53,BTN,1999,0.088,9.159,Asia,2,58.58
Bhutan,53,BTN,2000,0.091,9.657,Asia,9.33,59.31
Bhutan,53,BTN,2001,0.093,10.243,Asia,9.33,60.14
Bhutan,53,BTN,2002,0.095,10.928,Asia,9.33,61.03
Bhutan,53,BTN,2003,0.096,11.606,Asia,9.33,61.96
Bhutan,53,BTN,2004,0.098,12.271,Asia,9.21,62.92
Bhutan,53,BTN,2005,0.099,13.083,Asia,9.33,63.75
Bhutan,53,BTN,2006,0.107,14.037,Asia,2.67,64.33
Bhutan,53,BTN,2007,0.133,15.294,Asia,2.67,64.81
Bhutan,53,BTN,2008,0.491,16.387,Asia,8.51,65.25
Bhutan,53,BTN,2009,0.587,17.505,Asia,8.51,65.61
Bhutan,53,BTN,2010,0.601,18.784,Asia,8.51,63.32
Bhutan,53,BTN,2011,0.601,19.919,Asia,8.51,62.33
Bhutan,53,BTN,2012,0.597,20.811,Asia,8.51,63.07
Bhutan,53,BTN,2013,0.573,21.477,Asia,6.38,58.19
Bhutan,53,BTN,2014,0.564,22.19,Asia,8.51,53.93
Bhutan,53,BTN,2015,0.568,22.956,Asia,8.51,54.98
Bhutan,53,BTN,2016,0.558,23.911,Asia,8.51,54.89
Bhutan,53,BTN,2017,0.571,24.658,Asia,8.51,54.82
Bhutan,53,BTN,2018,0.579,25.211,Asia,14.89,54.74
Bhutan,53,BTN,2019,0.598,25.697,Asia,14.89,60.63
Bhutan,53,BTN,2020,0.598,NA,Asia,14.89,63
Bhutan,53,BTN,2021,0.574,NA,Asia,17.02,64.9
Bhutan,53,BTN,2022,0.558,NA,Asia,17.39,52.51
Bhutan,53,BTN,2023,0.532,NA,Asia,17.39,56.62
Bhutan,53,BTN,2024,0.565,NA,Asia,4.26,56.64
Bhutan,53,BTN,2025,0.566,NA,Asia,4.26,56.7
Burkina Faso,54,BFA,1990,0.167,3.191,Africa,NA,79.39
Burkina Faso,54,BFA,1991,0.193,3.214,Africa,NA,79.37
Burkina Faso,54,BFA,1992,0.415,3.163,Africa,NA,79.15
Burkina Faso,54,BFA,1993,0.481,3.128,Africa,NA,78.94
Burkina Faso,54,BFA,1994,0.481,3.087,Africa,NA,78.71
Burkina Faso,54,BFA,1995,0.481,3.141,Africa,NA,78.49
Burkina Faso,54,BFA,1996,0.484,3.26,Africa,NA,78.26
Burkina Faso,54,BFA,1997,0.486,3.36,Africa,9.01,78.04
Burkina Faso,54,BFA,1998,0.492,3.466,Africa,8.11,77.8
Burkina Faso,54,BFA,1999,0.487,3.542,Africa,8.11,77.56
Burkina Faso,54,BFA,2000,0.516,3.551,Africa,8.11,77.32
Burkina Faso,54,BFA,2001,0.519,3.593,Africa,8.11,77.07
Burkina Faso,54,BFA,2002,0.517,3.624,Africa,11.71,76.82
Burkina Faso,54,BFA,2003,0.516,3.693,Africa,11.71,76.57
Burkina Faso,54,BFA,2004,0.516,3.75,Africa,11.71,76.32
Burkina Faso,54,BFA,2005,0.52,3.854,Africa,11.71,76.06
Burkina Faso,54,BFA,2006,0.542,3.926,Africa,11.71,75.81
Burkina Faso,54,BFA,2007,0.534,3.954,Africa,15.32,75.56
Burkina Faso,54,BFA,2008,0.531,4.012,Africa,15.32,75.31
Burkina Faso,54,BFA,2009,0.537,4.059,Africa,15.32,75.07
Burkina Faso,54,BFA,2010,0.559,4.171,Africa,15.32,74.82
Burkina Faso,54,BFA,2011,0.561,4.292,Africa,15.32,74.56
Burkina Faso,54,BFA,2012,0.571,4.43,Africa,15.75,74.31
Burkina Faso,54,BFA,2013,0.598,4.505,Africa,15.75,74.05
Burkina Faso,54,BFA,2014,0.569,4.566,Africa,NA,73.79
Burkina Faso,54,BFA,2015,0.376,4.59,Africa,9.45,73.53
Burkina Faso,54,BFA,2016,0.683,4.717,Africa,9.45,73.27
Burkina Faso,54,BFA,2017,0.683,4.982,Africa,11.02,73
Burkina Faso,54,BFA,2018,0.666,5.223,Africa,11.02,72.73
Burkina Faso,54,BFA,2019,0.657,5.487,Africa,13.39,72.47
Burkina Faso,54,BFA,2020,0.662,NA,Africa,6.3,69.46
Burkina Faso,54,BFA,2021,0.634,NA,Africa,6.3,67.67
Burkina Faso,54,BFA,2022,0.275,NA,Africa,16.9,65.4
Burkina Faso,54,BFA,2023,0.212,NA,Africa,16.9,64.72
Burkina Faso,54,BFA,2024,0.154,NA,Africa,18.31,64.11
Burkina Faso,54,BFA,2025,0.134,NA,Africa,18.31,64.07
Cambodia,55,KHM,1990,0.138,2.827,Asia,NA,77.49
Cambodia,55,KHM,1991,0.139,2.918,Asia,NA,77.39
Cambodia,55,KHM,1992,0.164,3.042,Asia,NA,77.34
Cambodia,55,KHM,1993,0.318,3.173,Asia,NA,77.38
Cambodia,55,KHM,1994,0.365,3.063,Asia,NA,78.81
Cambodia,55,KHM,1995,0.365,3.094,Asia,NA,78.77
Cambodia,55,KHM,1996,0.365,3.13,Asia,NA,78.84
Cambodia,55,KHM,1997,0.365,3.185,Asia,5.83,78.94
Cambodia,55,KHM,1998,0.347,3.258,Asia,5.83,78.92
Cambodia,55,KHM,1999,0.321,3.453,Asia,8.2,78.6
Cambodia,55,KHM,2000,0.318,3.666,Asia,7.38,77.83
Cambodia,55,KHM,2001,0.317,3.881,Asia,7.38,77.07
Cambodia,55,KHM,2002,0.317,4.084,Asia,7.38,76.32
Cambodia,55,KHM,2003,0.321,4.334,Asia,9.76,75.56
Cambodia,55,KHM,2004,0.324,4.659,Asia,9.76,75.32
Cambodia,55,KHM,2005,0.32,5.078,Asia,9.76,75.1
Cambodia,55,KHM,2006,0.32,5.471,Asia,9.76,74.89
Cambodia,55,KHM,2007,0.319,5.861,Asia,19.51,74.68
Cambodia,55,KHM,2008,0.316,6.14,Asia,16.26,71.97
Cambodia,55,KHM,2009,0.308,6.258,Asia,21.14,77.38
Cambodia,55,KHM,2010,0.308,6.448,Asia,21.14,81.28
Cambodia,55,KHM,2011,0.308,6.726,Asia,20.33,81.84
Cambodia,55,KHM,2012,0.305,7.063,Asia,20.33,78.36
Cambodia,55,KHM,2013,0.297,7.443,Asia,20.33,74.4
Cambodia,55,KHM,2014,0.293,7.788,Asia,20.33,74.39
Cambodia,55,KHM,2015,0.291,8.12,Asia,20.33,73.42
Cambodia,55,KHM,2016,0.275,8.507,Asia,20.33,75.92
Cambodia,55,KHM,2017,0.234,8.976,Asia,20.33,76.42
Cambodia,55,KHM,2018,0.211,9.442,Asia,20,76.84
Cambodia,55,KHM,2019,0.194,9.816,Asia,20,77.29
Cambodia,55,KHM,2020,0.191,NA,Asia,20,77.09
Cambodia,55,KHM,2021,0.19,NA,Asia,21.6,73.71
Cambodia,55,KHM,2022,0.199,NA,Asia,20.8,77.17
Cambodia,55,KHM,2023,0.189,NA,Asia,13.6,77.22
Cambodia,55,KHM,2024,0.184,NA,Asia,13.6,77.3
Cambodia,55,KHM,2025,0.183,NA,Asia,13.6,77.35
Indonesia,56,IDN,1990,0.192,9.316,Asia,NA,50.49
Indonesia,56,IDN,1991,0.195,9.872,Asia,NA,49.54
Indonesia,56,IDN,1992,0.194,10.403,Asia,NA,50.38
Indonesia,56,IDN,1993,0.193,10.983,Asia,NA,49.43
Indonesia,56,IDN,1994,0.193,11.607,Asia,NA,50.67
Indonesia,56,IDN,1995,0.193,12.253,Asia,NA,50.67
Indonesia,56,IDN,1996,0.193,12.702,Asia,NA,50.67
Indonesia,56,IDN,1997,0.2,12.611,Asia,11.4,49.83
Indonesia,56,IDN,1998,0.286,11.704,Asia,11.4,51.09
Indonesia,56,IDN,1999,0.55,11.487,Asia,NA,51.17
Indonesia,56,IDN,2000,0.666,11.572,Asia,8,51.67
Indonesia,56,IDN,2001,0.666,11.761,Asia,8,49.99
Indonesia,56,IDN,2002,0.666,12.05,Asia,8,48.05
Indonesia,56,IDN,2003,0.666,12.393,Asia,8,47.85
Indonesia,56,IDN,2004,0.689,12.856,Asia,11.27,47.24
Indonesia,56,IDN,2005,0.7,13.413,Asia,11.27,46.08
Indonesia,56,IDN,2006,0.696,14.122,Asia,11.27,46.01
Indonesia,56,IDN,2007,0.697,14.933,Asia,11.64,49.84
Indonesia,56,IDN,2008,0.707,15.957,Asia,11.64,50.39
Indonesia,56,IDN,2009,0.684,16.931,Asia,17.86,50.3
Indonesia,56,IDN,2010,0.686,18.058,Asia,18.04,50.97
Indonesia,56,IDN,2011,0.686,19.201,Asia,18.21,50.99
Indonesia,56,IDN,2012,0.685,20.114,Asia,18.57,51.49
Indonesia,56,IDN,2013,0.668,20.829,Asia,18.57,50.71
Indonesia,56,IDN,2014,0.658,21.438,Asia,16.94,50.64
Indonesia,56,IDN,2015,0.654,21.93,Asia,17.12,50.77
Indonesia,56,IDN,2016,0.639,22.494,Asia,17.12,50.95
Indonesia,56,IDN,2017,0.627,22.959,Asia,19.82,51.94
Indonesia,56,IDN,2018,0.599,23.392,Asia,19.82,53.13
Indonesia,56,IDN,2019,0.596,23.4,Asia,17.39,53.95
Indonesia,56,IDN,2020,0.566,NA,Asia,20.35,53.2
Indonesia,56,IDN,2021,0.545,NA,Asia,21.04,52.07
Indonesia,56,IDN,2022,0.561,NA,Asia,21.91,52.56
Indonesia,56,IDN,2023,0.538,NA,Asia,21.57,53.49
Indonesia,56,IDN,2024,0.496,NA,Asia,21.03,53.59
Indonesia,56,IDN,2025,0.462,NA,Asia,21.9,53.72
Mozambique,57,MOZ,1990,0.123,1.857,Africa,NA,86.79
Mozambique,57,MOZ,1991,0.16,1.866,Africa,NA,86.81
Mozambique,57,MOZ,1992,0.183,1.798,Africa,NA,86.83
Mozambique,57,MOZ,1993,0.22,1.805,Africa,NA,86.86
Mozambique,57,MOZ,1994,0.246,1.808,Africa,NA,86.91
Mozambique,57,MOZ,1995,0.463,1.809,Africa,NA,86.97
Mozambique,57,MOZ,1996,0.457,1.93,Africa,NA,87.02
Mozambique,57,MOZ,1997,0.457,2.055,Africa,25.2,87.04
Mozambique,57,MOZ,1998,0.46,2.159,Africa,25.2,87.16
Mozambique,57,MOZ,1999,0.453,2.238,Africa,NA,87.3
Mozambique,57,MOZ,2000,0.419,2.295,Africa,30,87.43
Mozambique,57,MOZ,2001,0.419,2.412,Africa,30,87.56
Mozambique,57,MOZ,2002,0.419,2.543,Africa,30,87.69
Mozambique,57,MOZ,2003,0.422,2.645,Africa,30,87.82
Mozambique,57,MOZ,2004,0.425,2.734,Africa,34.8,87.17
Mozambique,57,MOZ,2005,0.463,2.826,Africa,34.8,86.48
Mozambique,57,MOZ,2006,0.464,2.928,Africa,34.8,85.77
Mozambique,57,MOZ,2007,0.464,3.008,Africa,34.8,85.04
Mozambique,57,MOZ,2008,0.456,3.089,Africa,34.8,84.27
Mozambique,57,MOZ,2009,0.453,3.151,Africa,39.2,83.48
Mozambique,57,MOZ,2010,0.425,3.203,Africa,39.2,82.66
Mozambique,57,MOZ,2011,0.427,3.271,Africa,39.2,81.82
Mozambique,57,MOZ,2012,0.427,3.396,Africa,39.2,80.94
Mozambique,57,MOZ,2013,0.437,3.552,Africa,39.2,80.04
Mozambique,57,MOZ,2014,0.43,3.689,Africa,NA,79.11
Mozambique,57,MOZ,2015,0.437,3.776,Africa,39.6,78.14
Mozambique,57,MOZ,2016,0.433,3.833,Africa,39.6,78.04
Mozambique,57,MOZ,2017,0.408,3.903,Africa,39.6,77.94
Mozambique,57,MOZ,2018,0.4,3.98,Africa,39.6,77.84
Mozambique,57,MOZ,2019,0.397,4.132,Africa,41.2,77.74
Mozambique,57,MOZ,2020,0.364,NA,Africa,42.4,76.87
Mozambique,57,MOZ,2021,0.367,NA,Africa,42.4,76.78
Mozambique,57,MOZ,2022,0.366,NA,Africa,42.4,77.2
Mozambique,57,MOZ,2023,0.351,NA,Africa,43.2,77.27
Mozambique,57,MOZ,2024,0.31,NA,Africa,39.2,77.21
Mozambique,57,MOZ,2025,0.279,NA,Africa,38.31,77.09
Nepal,58,NPL,1990,0.258,2.82,Asia,NA,20.63
Nepal,58,NPL,1991,0.383,2.902,Asia,NA,20.69
Nepal,58,NPL,1992,0.407,2.958,Asia,NA,20.79
Nepal,58,NPL,1993,0.407,3.046,Asia,NA,20.85
Nepal,58,NPL,1994,0.407,3.184,Asia,NA,20.84
Nepal,58,NPL,1995,0.405,3.277,Asia,NA,20.81
Nepal,58,NPL,1996,0.398,3.366,Asia,NA,20.79
Nepal,58,NPL,1997,0.395,3.428,Asia,3.41,20.84
Nepal,58,NPL,1998,0.395,3.461,Asia,3.41,20.95
Nepal,58,NPL,1999,0.388,3.517,Asia,5.85,21.11
Nepal,58,NPL,2000,0.36,3.597,Asia,5.85,21.28
Nepal,58,NPL,2001,0.352,3.657,Asia,5.85,21.5
Nepal,58,NPL,2002,0.271,3.675,Asia,5.85,21.72
Nepal,58,NPL,2003,0.224,3.743,Asia,5.85,21.95
Nepal,58,NPL,2004,0.224,3.804,Asia,5.85,22.21
Nepal,58,NPL,2005,0.222,3.881,Asia,5.85,22.5
Nepal,58,NPL,2006,0.23,3.979,Asia,5.88,22.83
Nepal,58,NPL,2007,0.274,4.118,Asia,17.33,23.18
Nepal,58,NPL,2008,0.478,4.323,Asia,33.16,23.61
Nepal,58,NPL,2009,0.56,4.545,Asia,33.16,24.11
Nepal,58,NPL,2010,0.554,4.77,Asia,33.16,24.65
Nepal,58,NPL,2011,0.556,4.971,Asia,33.16,25.22
Nepal,58,NPL,2012,0.39,5.169,Asia,33.16,25.73
Nepal,58,NPL,2013,0.28,5.347,Asia,NA,26.16
Nepal,58,NPL,2014,0.625,5.523,Asia,29.48,26.58
Nepal,58,NPL,2015,0.643,5.614,Asia,29.55,27.01
Nepal,58,NPL,2016,0.665,5.712,Asia,29.58,27.35
Nepal,58,NPL,2017,0.66,5.981,Asia,29.58,27.53
Nepal,58,NPL,2018,0.633,6.213,Asia,32.73,27.63
Nepal,58,NPL,2019,0.606,6.354,Asia,32.73,27.54
Nepal,58,NPL,2020,0.598,NA,Asia,32.73,27.21
Nepal,58,NPL,2021,0.609,NA,Asia,32.73,27.26
Nepal,58,NPL,2022,0.631,NA,Asia,33.09,27.24
Nepal,58,NPL,2023,0.685,NA,Asia,33.09,27.3
Nepal,58,NPL,2024,0.669,NA,Asia,33.09,27.38
Nepal,58,NPL,2025,0.656,NA,Asia,NA,27.47
Nicaragua,59,NIC,1990,0.631,5.666,Latin America,NA,33.03
Nicaragua,59,NIC,1991,0.688,5.525,Latin America,NA,32.94
Nicaragua,59,NIC,1992,0.688,5.428,Latin America,NA,32.91
Nicaragua,59,NIC,1993,0.691,5.381,Latin America,NA,32.84
Nicaragua,59,NIC,1994,0.69,5.502,Latin America,NA,33.02
Nicaragua,59,NIC,1995,0.689,5.684,Latin America,NA,33.39
Nicaragua,59,NIC,1996,0.676,5.881,Latin America,NA,33.69
Nicaragua,59,NIC,1997,0.632,6.054,Latin America,10.75,33.96
Nicaragua,59,NIC,1998,0.632,6.244,Latin America,10.75,34.24
Nicaragua,59,NIC,1999,0.597,6.485,Latin America,9.68,35.06
Nicaragua,59,NIC,2000,0.586,6.659,Latin America,9.68,35.88
Nicaragua,59,NIC,2001,0.588,6.782,Latin America,NA,36.72
Nicaragua,59,NIC,2002,0.601,6.849,Latin America,20.65,37.56
Nicaragua,59,NIC,2003,0.591,6.955,Latin America,20.65,38.41
Nicaragua,59,NIC,2004,0.591,7.153,Latin America,20.65,39.26
Nicaragua,59,NIC,2005,0.591,7.37,Latin America,20.65,40.12
Nicaragua,59,NIC,2006,0.563,7.584,Latin America,15.22,40.98
Nicaragua,59,NIC,2007,0.457,7.823,Latin America,18.48,41.84
Nicaragua,59,NIC,2008,0.445,7.997,Latin America,18.48,42.71
Nicaragua,59,NIC,2009,0.441,8.054,Latin America,20.65,43.58
Nicaragua,59,NIC,2010,0.436,8.245,Latin America,20.65,44.44
Nicaragua,59,NIC,2011,0.425,8.552,Latin America,40.22,45.32
Nicaragua,59,NIC,2012,0.371,8.86,Latin America,40.22,46.19
Nicaragua,59,NIC,2013,0.319,9.138,Latin America,40.22,47.06
Nicaragua,59,NIC,2014,0.319,9.395,Latin America,42.39,47.94
Nicaragua,59,NIC,2015,0.318,9.584,Latin America,41.3,48.34
Nicaragua,59,NIC,2016,0.305,9.784,Latin America,45.65,48.73
Nicaragua,59,NIC,2017,0.281,9.91,Latin America,45.65,49.12
Nicaragua,59,NIC,2018,0.221,9.702,Latin America,45.65,48.85
Nicaragua,59,NIC,2019,0.215,9.4,Latin America,44.57,48.63
Nicaragua,59,NIC,2020,0.215,NA,Latin America,47.25,48.12
Nicaragua,59,NIC,2021,0.195,NA,Latin America,50.55,49.08
Nicaragua,59,NIC,2022,0.158,NA,Latin America,51.65,50.14
Nicaragua,59,NIC,2023,0.158,NA,Latin America,51.65,50.73
Nicaragua,59,NIC,2024,0.151,NA,Latin America,53.85,51.08
Nicaragua,59,NIC,2025,0.151,NA,Latin America,54.95,51.25
Niger,60,NER,1990,0.35,2.249,Africa,NA,69.24
Niger,60,NER,1991,0.385,2.192,Africa,NA,69.23
Niger,60,NER,1992,0.334,2.111,Africa,NA,69.22
Niger,60,NER,1993,0.528,2.049,Africa,NA,69.22
Niger,60,NER,1994,0.541,2.009,Africa,NA,69.21
Niger,60,NER,1995,0.532,1.952,Africa,NA,69.19
Niger,60,NER,1996,0.292,1.917,Africa,NA,69.17
Niger,60,NER,1997,0.385,1.9,Africa,1.2,69.14
Niger,60,NER,1998,0.385,1.934,Africa,1.2,69.1
Niger,60,NER,1999,0.255,1.918,Africa,NA,69.06
Niger,60,NER,2000,0.546,1.878,Africa,1.2,69.01
Niger,60,NER,2001,0.543,1.901,Africa,1.2,68.96
Niger,60,NER,2002,0.543,1.921,Africa,1.2,68.91
Niger,60,NER,2003,0.543,1.927,Africa,1.2,68.85
Niger,60,NER,2004,0.547,1.907,Africa,12.39,68.8
Niger,60,NER,2005,0.573,1.927,Africa,12.39,68.75
Niger,60,NER,2006,0.578,1.951,Africa,12.39,68.7
Niger,60,NER,2007,0.578,1.963,Africa,12.39,68.65
Niger,60,NER,2008,0.576,2.01,Africa,12.39,68.61
Niger,60,NER,2009,0.421,2.026,Africa,9.73,68.58
Niger,60,NER,2010,0.265,2.074,Africa,NA,68.55
Niger,60,NER,2011,0.541,2.093,Africa,13.27,68.53
Niger,60,NER,2012,0.624,2.168,Africa,13.27,66.42
Niger,60,NER,2013,0.629,2.214,Africa,13.27,64.26
Niger,60,NER,2014,0.633,2.249,Africa,13.27,62.07
Niger,60,NER,2015,0.622,2.257,Africa,13.27,61.7
Niger,60,NER,2016,0.573,2.29,Africa,14.62,61.33
Niger,60,NER,2017,0.542,2.352,Africa,16.96,60.96
Niger,60,NER,2018,0.53,2.417,Africa,16.96,60.59
Niger,60,NER,2019,0.528,2.461,Africa,16.96,60.21
Niger,60,NER,2020,0.544,NA,Africa,16.96,63.67
Niger,60,NER,2021,0.523,NA,Africa,25.9,67.8
Niger,60,NER,2022,0.504,NA,Africa,25.9,72.61
Niger,60,NER,2023,0.388,NA,Africa,NA,72.5
Niger,60,NER,2024,0.237,NA,Africa,NA,72.79
Niger,60,NER,2025,0.227,NA,Africa,19.59,72.78
Zambia,61,ZMB,1990,0.217,3.435,Africa,NA,51
Zambia,61,ZMB,1991,0.287,3.372,Africa,NA,51.03
Zambia,61,ZMB,1992,0.439,3.282,Africa,NA,51.06
Zambia,61,ZMB,1993,0.447,3.183,Africa,NA,51.08
Zambia,61,ZMB,1994,0.482,3.008,Africa,NA,51.1
Zambia,61,ZMB,1995,0.482,2.971,Africa,NA,51.1
Zambia,61,ZMB,1996,0.49,3.011,Africa,NA,51.09
Zambia,61,ZMB,1997,0.478,3.056,Africa,9.68,51.1
Zambia,61,ZMB,1998,0.478,3.036,Africa,10.26,51.1
Zambia,61,ZMB,1999,0.478,3.064,Africa,10.13,51.11
Zambia,61,ZMB,2000,0.486,3.164,Africa,10.13,51.13
Zambia,61,ZMB,2001,0.489,3.287,Africa,10.13,51.16
Zambia,61,ZMB,2002,0.484,3.413,Africa,12.03,51.2
Zambia,61,ZMB,2003,0.484,3.583,Africa,12.03,51.23
Zambia,61,ZMB,2004,0.484,3.78,Africa,12.03,51.26
Zambia,61,ZMB,2005,0.498,4.017,Africa,12.66,51.28
Zambia,61,ZMB,2006,0.498,4.32,Africa,14.65,51.31
Zambia,61,ZMB,2007,0.5,4.678,Africa,15.19,51.34
Zambia,61,ZMB,2008,0.51,4.995,Africa,15.19,51.37
Zambia,61,ZMB,2009,0.517,5.337,Africa,14.01,51.41
Zambia,61,ZMB,2010,0.514,5.695,Africa,14.01,51.45
Zambia,61,ZMB,2011,0.503,5.979,Africa,11.46,51.5
Zambia,61,ZMB,2012,0.503,6.206,Africa,11.46,51.54
Zambia,61,ZMB,2013,0.485,6.324,Africa,11.46,51.61
Zambia,61,ZMB,2014,0.478,6.373,Africa,10.76,51.69
Zambia,61,ZMB,2015,0.458,6.305,Africa,12.66,51.79
Zambia,61,ZMB,2016,0.397,6.263,Africa,17.96,51.89
Zambia,61,ZMB,2017,0.36,6.162,Africa,17.96,52.01
Zambia,61,ZMB,2018,0.37,6.08,Africa,17.96,52.14
Zambia,61,ZMB,2019,0.358,5.907,Africa,17.96,52.17
Zambia,61,ZMB,2020,0.353,NA,Africa,16.77,54.41
Zambia,61,ZMB,2021,0.421,NA,Africa,15.06,54.12
Zambia,61,ZMB,2022,0.52,NA,Africa,15.06,53.97
Zambia,61,ZMB,2023,0.525,NA,Africa,14.97,56.36
Zambia,61,ZMB,2024,0.512,NA,Africa,14.97,56.37
Zambia,61,ZMB,2025,0.497,NA,Africa,14.97,56.43
Zimbabwe,62,ZWE,1990,0.303,6.705,Africa,NA,59.15
Zimbabwe,62,ZWE,1991,0.31,6.728,Africa,NA,59.3
Zimbabwe,62,ZWE,1992,0.31,6.433,Africa,NA,59.28
Zimbabwe,62,ZWE,1993,0.31,6.378,Africa,NA,59.28
Zimbabwe,62,ZWE,1994,0.31,6.549,Africa,NA,59.46
Zimbabwe,62,ZWE,1995,0.31,6.654,Africa,NA,59.68
Zimbabwe,62,ZWE,1996,0.313,6.911,Africa,NA,59.95
Zimbabwe,62,ZWE,1997,0.309,6.994,Africa,14.67,60.23
Zimbabwe,62,ZWE,1998,0.308,6.982,Africa,14.67,60.49
Zimbabwe,62,ZWE,1999,0.31,6.84,Africa,14,60.71
Zimbabwe,62,ZWE,2000,0.284,6.575,Africa,9.33,60.88
Zimbabwe,62,ZWE,2001,0.267,6.315,Africa,10,61
Zimbabwe,62,ZWE,2002,0.268,5.808,Africa,10,61.04
Zimbabwe,62,ZWE,2003,0.269,5.15,Africa,10,61.01
Zimbabwe,62,ZWE,2004,0.259,4.718,Africa,10,60.96
Zimbabwe,62,ZWE,2005,0.258,4.377,Africa,16,60.91
Zimbabwe,62,ZWE,2006,0.255,4.125,Africa,16.67,60.87
Zimbabwe,62,ZWE,2007,0.255,3.908,Africa,16,60.84
Zimbabwe,62,ZWE,2008,0.251,3.656,Africa,15.24,60.77
Zimbabwe,62,ZWE,2009,0.254,3.848,Africa,14.95,60.68
Zimbabwe,62,ZWE,2010,0.265,4.171,Africa,14.95,60.58
Zimbabwe,62,ZWE,2011,0.266,4.508,Africa,14.95,60.5
Zimbabwe,62,ZWE,2012,0.266,4.829,Africa,14.95,60.42
Zimbabwe,62,ZWE,2013,0.289,4.994,Africa,31.48,60.37
Zimbabwe,62,ZWE,2014,0.303,5.036,Africa,31.48,60.36
Zimbabwe,62,ZWE,2015,0.302,5.009,Africa,31.48,60.38
Zimbabwe,62,ZWE,2016,0.297,5.098,Africa,31.48,60.44
Zimbabwe,62,ZWE,2017,0.3,5.433,Africa,32.58,60.52
Zimbabwe,62,ZWE,2018,0.313,5.671,Africa,31.48,60.62
Zimbabwe,62,ZWE,2019,0.304,5.818,Africa,31.85,60.72
Zimbabwe,62,ZWE,2020,0.299,NA,Africa,31.85,59.43
Zimbabwe,62,ZWE,2021,0.297,NA,Africa,31.85,60.12
Zimbabwe,62,ZWE,2022,0.292,NA,Africa,30.57,59.77
Zimbabwe,62,ZWE,2023,0.296,NA,Africa,30.68,62.18
Zimbabwe,62,ZWE,2024,0.272,NA,Africa,28.09,62.12
Zimbabwe,62,ZWE,2025,0.268,NA,Africa,30.11,62.16
Guinea,63,GIN,1990,0.117,2.82,Africa,NA,63.49
Guinea,63,GIN,1991,0.142,2.806,Africa,NA,63.46
Guinea,63,GIN,1992,0.163,2.811,Africa,NA,63.42
Guinea,63,GIN,1993,0.166,2.855,Africa,NA,63.38
Guinea,63,GIN,1994,0.185,2.886,Africa,NA,63.33
Guinea,63,GIN,1995,0.255,2.93,Africa,NA,63.3
Guinea,63,GIN,1996,0.259,2.974,Africa,NA,63.26
Guinea,63,GIN,1997,0.262,3.026,Africa,7.02,63.14
Guinea,63,GIN,1998,0.259,3.054,Africa,8.77,63.03
Guinea,63,GIN,1999,0.265,3.072,Africa,8.77,62.98
Guinea,63,GIN,2000,0.272,3.083,Africa,8.77,62.91
Guinea,63,GIN,2001,0.277,3.115,Africa,8.77,62.78
Guinea,63,GIN,2002,0.273,3.153,Africa,NA,62.71
Guinea,63,GIN,2003,0.277,3.138,Africa,19.3,61.57
Guinea,63,GIN,2004,0.274,3.127,Africa,19.3,60.41
Guinea,63,GIN,2005,0.274,3.119,Africa,19.3,59.25
Guinea,63,GIN,2006,0.271,3.125,Africa,19.3,58.08
Guinea,63,GIN,2007,0.271,3.205,Africa,19.3,56.89
Guinea,63,GIN,2008,0.271,3.265,Africa,NA,55.7
Guinea,63,GIN,2009,0.177,3.26,Africa,NA,54.5
Guinea,63,GIN,2010,0.236,3.349,Africa,NA,53.29
Guinea,63,GIN,2011,0.318,3.46,Africa,NA,52.08
Guinea,63,GIN,2012,0.318,3.568,Africa,NA,50.86
Guinea,63,GIN,2013,0.322,3.652,Africa,NA,49.64
Guinea,63,GIN,2014,0.375,3.713,Africa,21.93,48.41
Guinea,63,GIN,2015,0.375,3.763,Africa,21.93,47.18
Guinea,63,GIN,2016,0.377,3.934,Africa,21.93,45.95
Guinea,63,GIN,2017,0.369,4.237,Africa,21.93,44.72
Guinea,63,GIN,2018,0.373,4.429,Africa,21.93,43.5
Guinea,63,GIN,2019,0.36,4.594,Africa,22.81,42.27
Guinea,63,GIN,2020,0.295,NA,Africa,16.67,41.85
Guinea,63,GIN,2021,0.258,NA,Africa,NA,41.99
Guinea,63,GIN,2022,0.172,NA,Africa,29.63,42.53
Guinea,63,GIN,2023,0.169,NA,Africa,29.63,42.74
Guinea,63,GIN,2024,0.159,NA,Africa,29.63,42.88
Guinea,63,GIN,2025,0.187,NA,Africa,29.63,42.65
Ivory Coast,64,CIV,1990,0.306,5.925,Africa,NA,47.77
Ivory Coast,64,CIV,1991,0.306,5.74,Africa,NA,47.84
Ivory Coast,64,CIV,1992,0.306,5.598,Africa,NA,47.93
Ivory Coast,64,CIV,1993,0.329,5.487,Africa,NA,48.01
Ivory Coast,64,CIV,1994,0.356,5.408,Africa,NA,48.09
Ivory Coast,64,CIV,1995,0.263,5.535,Africa,NA,48.17
Ivory Coast,64,CIV,1996,0.397,5.702,Africa,NA,48.24
Ivory Coast,64,CIV,1997,0.396,5.796,Africa,8,48.31
Ivory Coast,64,CIV,1998,0.392,5.864,Africa,8,48.36
Ivory Coast,64,CIV,1999,0.389,5.806,Africa,8,49.36
Ivory Coast,64,CIV,2000,0.274,5.648,Africa,NA,50.36
Ivory Coast,64,CIV,2001,0.447,5.563,Africa,8.52,51.37
Ivory Coast,64,CIV,2002,0.446,5.426,Africa,8.52,52.37
Ivory Coast,64,CIV,2003,0.439,5.305,Africa,8.52,53.38
Ivory Coast,64,CIV,2004,0.446,5.21,Africa,8.52,54.38
Ivory Coast,64,CIV,2005,0.434,5.162,Africa,8.52,55.4
Ivory Coast,64,CIV,2006,0.434,5.171,Africa,8.52,56.41
Ivory Coast,64,CIV,2007,0.435,5.201,Africa,8.87,57.42
Ivory Coast,64,CIV,2008,0.436,5.275,Africa,8.87,58.42
Ivory Coast,64,CIV,2009,0.435,5.382,Africa,8.87,59.41
Ivory Coast,64,CIV,2010,0.446,5.456,Africa,8.87,60.41
Ivory Coast,64,CIV,2011,0.427,5.457,Africa,11.02,61.42
Ivory Coast,64,CIV,2012,0.461,5.736,Africa,10.44,62.43
Ivory Coast,64,CIV,2013,0.465,6.072,Africa,10.44,61.35
Ivory Coast,64,CIV,2014,0.463,6.413,Africa,9.45,60.28
Ivory Coast,64,CIV,2015,0.473,6.722,Africa,9.16,59.23
Ivory Coast,64,CIV,2016,0.529,7.039,Africa,9.16,58.17
Ivory Coast,64,CIV,2017,0.539,7.362,Africa,10.59,57.51
Ivory Coast,64,CIV,2018,0.54,7.576,Africa,10.59,56.84
Ivory Coast,64,CIV,2019,0.534,7.669,Africa,10.98,56.18
Ivory Coast,64,CIV,2020,0.499,NA,Africa,11.37,56.48
Ivory Coast,64,CIV,2021,0.435,NA,Africa,14.17,57.85
Ivory Coast,64,CIV,2022,0.443,NA,Africa,14.17,59.06
Ivory Coast,64,CIV,2023,0.445,NA,Africa,13.73,59.26
Ivory Coast,64,CIV,2024,0.429,NA,Africa,13.39,59.46
Ivory Coast,64,CIV,2025,0.394,NA,Africa,13.39,59.45
Mauritania,65,MRT,1990,0.114,4.71,Africa,NA,25.23
Mauritania,65,MRT,1991,0.13,4.798,Africa,NA,25.53
Mauritania,65,MRT,1992,0.272,4.854,Africa,NA,25.82
Mauritania,65,MRT,1993,0.301,4.984,Africa,NA,26.12
Mauritania,65,MRT,1994,0.307,5.035,Africa,NA,26.42
Mauritania,65,MRT,1995,0.311,5.075,Africa,NA,26.73
Mauritania,65,MRT,1996,0.308,5.195,Africa,NA,27.04
Mauritania,65,MRT,1997,0.3,5.117,Africa,1.27,27.36
Mauritania,65,MRT,1998,0.302,5.118,Africa,3.8,27.68
Mauritania,65,MRT,1999,0.302,5.155,Africa,3.8,28
Mauritania,65,MRT,2000,0.308,5.089,Africa,3.8,28.32
Mauritania,65,MRT,2001,0.315,5.063,Africa,NA,28.23
Mauritania,65,MRT,2002,0.318,5.118,Africa,NA,28.16
Mauritania,65,MRT,2003,0.313,5.288,Africa,3.7,28.09
Mauritania,65,MRT,2004,0.319,5.515,Africa,3.7,28.01
Mauritania,65,MRT,2005,0.29,5.859,Africa,NA,27.93
Mauritania,65,MRT,2006,0.25,6.314,Africa,17.89,27.85
Mauritania,65,MRT,2007,0.45,6.407,Africa,22.11,27.77
Mauritania,65,MRT,2008,0.4,6.398,Africa,22.11,27.68
Mauritania,65,MRT,2009,0.364,6.366,Africa,22.11,27.59
Mauritania,65,MRT,2010,0.468,6.48,Africa,22.11,27.5
Mauritania,65,MRT,2011,0.468,6.638,Africa,22.11,27.43
Mauritania,65,MRT,2012,0.471,6.755,Africa,22.11,27.35
Mauritania,65,MRT,2013,0.416,6.852,Africa,NA,27.14
Mauritania,65,MRT,2014,0.422,6.976,Africa,25.17,26.91
Mauritania,65,MRT,2015,0.431,7.003,Africa,25.17,26.68
Mauritania,65,MRT,2016,0.431,7.036,Africa,25.17,26.45
Mauritania,65,MRT,2017,0.389,7.147,Africa,25.17,26.22
Mauritania,65,MRT,2018,0.391,7.177,Africa,20.26,26.23
Mauritania,65,MRT,2019,0.407,7.151,Africa,20.26,26.26
Mauritania,65,MRT,2020,0.389,NA,Africa,20.26,25.87
Mauritania,65,MRT,2021,0.391,NA,Africa,20.26,26.07
Mauritania,65,MRT,2022,0.396,NA,Africa,20.26,26.05
Mauritania,65,MRT,2023,0.368,NA,Africa,23.3,26.2
Mauritania,65,MRT,2024,0.337,NA,Africa,23.3,26.24
Mauritania,65,MRT,2025,0.328,NA,Africa,23.3,26.18
Canada,66,CAN,1990,0.833,76.586,The West,NA,57.88
Canada,66,CAN,1991,0.833,75.595,The West,NA,57.83
Canada,66,CAN,1992,0.831,75.718,The West,NA,57.2
Canada,66,CAN,1993,0.832,76.552,The West,NA,57.01
Canada,66,CAN,1994,0.842,78.252,The West,NA,56.86
Canada,66,CAN,1995,0.842,79.425,The West,NA,56.81
Canada,66,CAN,1996,0.846,80.327,The West,NA,56.77
Canada,66,CAN,1997,0.84,80.919,The West,20.6,57.09
Canada,66,CAN,1998,0.836,82.456,The West,20.6,57.67
Canada,66,CAN,1999,0.836,84.921,The West,20.6,58.2
Canada,66,CAN,2000,0.836,87.745,The West,NA,58.67
Canada,66,CAN,2001,0.832,89.07,The West,20.6,58.98
Canada,66,CAN,2002,0.825,90.516,The West,20.6,60.16
Canada,66,CAN,2003,0.825,92.239,The West,20.6,61.17
Canada,66,CAN,2004,0.825,94.384,The West,21.1,61.29
Canada,66,CAN,2005,0.824,96.879,The West,21.1,60.99
Canada,66,CAN,2006,0.83,98.833,The West,20.78,61.27
Canada,66,CAN,2007,0.832,100.383,The West,21.31,61.77
Canada,66,CAN,2008,0.827,100.847,The West,22.08,61.9
Canada,66,CAN,2009,0.826,99.467,The West,22.08,61.89
Canada,66,CAN,2010,0.826,100.167,The West,22.08,61.87
Canada,66,CAN,2011,0.811,101.336,The West,24.76,61.64
Canada,66,CAN,2012,0.81,102.114,The West,24.68,61.73
Canada,66,CAN,2013,0.817,102.856,The West,24.68,61.82
Canada,66,CAN,2014,0.814,103.101,The West,25.08,61.2
Canada,66,CAN,2015,0.807,101.801,The West,26.04,60.97
Canada,66,CAN,2016,0.834,101.859,The West,26.04,60.88
Canada,66,CAN,2017,0.839,103.064,The West,26.27,61.07
Canada,66,CAN,2018,0.84,103.69,The West,26.95,60.96
Canada,66,CAN,2019,0.85,104.068,The West,28.99,61.25
Canada,66,CAN,2020,0.849,NA,The West,28.99,59.38
Canada,66,CAN,2021,0.843,NA,The West,30.47,60.63
Canada,66,CAN,2022,0.848,NA,The West,30.47,61.05
Canada,66,CAN,2023,0.847,NA,The West,30.65,61.13
Canada,66,CAN,2024,0.841,NA,The West,30.65,60.42
Canada,66,CAN,2025,0.84,NA,The West,30.32,60.2
Australia,67,AUS,1990,0.892,70.534,The West,NA,52.31
Australia,67,AUS,1991,0.892,70.518,The West,NA,52.04
Australia,67,AUS,1992,0.892,71.302,The West,NA,52
Australia,67,AUS,1993,0.89,73.047,The West,NA,51.77
Australia,67,AUS,1994,0.889,75.438,The West,NA,52.67
Australia,67,AUS,1995,0.889,77.641,The West,NA,53.68
Australia,67,AUS,1996,0.891,80.124,The West,NA,53.86
Australia,67,AUS,1997,0.882,82.731,The West,15.54,53.66
Australia,67,AUS,1998,0.882,85.367,The West,15.54,53.72
Australia,67,AUS,1999,0.883,88.159,The West,22.45,53.73
Australia,67,AUS,2000,0.888,90.492,The West,22.97,54.62
Australia,67,AUS,2001,0.885,92.287,The West,NA,55.16
Australia,67,AUS,2002,0.879,94.516,The West,25.33,55.36
Australia,67,AUS,2003,0.879,96.803,The West,25.33,56.01
Australia,67,AUS,2004,0.879,99.329,The West,24.67,55.77
Australia,67,AUS,2005,0.878,101.62,The West,24.67,57.05
Australia,67,AUS,2006,0.878,103.464,The West,24.67,57.58
Australia,67,AUS,2007,0.88,105.39,The West,26.67,58.14
Australia,67,AUS,2008,0.889,106.992,The West,26.67,58.6
Australia,67,AUS,2009,0.889,107.859,The West,27.33,58.79
Australia,67,AUS,2010,0.896,109.397,The West,24.67,58.68
Australia,67,AUS,2011,0.896,110.829,The West,24.67,58.93
Australia,67,AUS,2012,0.896,111.805,The West,24.67,58.83
Australia,67,AUS,2013,0.862,112.16,The West,26,58.74
Australia,67,AUS,2014,0.855,111.923,The West,26,58.7
Australia,67,AUS,2015,0.865,110.23,The West,26.67,59.15
Australia,67,AUS,2016,0.871,110.881,The West,28.67,59.38
Australia,67,AUS,2017,0.871,113.022,The West,28.67,59.88
Australia,67,AUS,2018,0.86,114.599,The West,28.67,60.63
Australia,67,AUS,2019,0.825,115.34,The West,30.46,61.03
Australia,67,AUS,2020,0.837,NA,The West,30.46,60.14
Australia,67,AUS,2021,0.828,NA,The West,31.13,61.52
Australia,67,AUS,2022,0.846,NA,The West,38.41,62.52
Australia,67,AUS,2023,0.851,NA,The West,38.41,62.58
Australia,67,AUS,2024,0.848,NA,The West,38,62.65
Australia,67,AUS,2025,0.844,NA,The West,46,62.51
Botswana,68,BWA,1990,0.683,15.11,Africa,NA,48.67
Botswana,68,BWA,1991,0.683,15.872,Africa,NA,48.7
Botswana,68,BWA,1992,0.683,16.29,Africa,NA,48.75
Botswana,68,BWA,1993,0.683,16.53,Africa,NA,48.82
Botswana,68,BWA,1994,0.676,16.903,Africa,NA,48.89
Botswana,68,BWA,1995,0.684,17.547,Africa,NA,48.95
Botswana,68,BWA,1996,0.684,18.316,Africa,NA,49.01
Botswana,68,BWA,1997,0.698,19.088,Africa,8.51,49.06
Botswana,68,BWA,1998,0.702,19.55,Africa,8.51,49.1
Botswana,68,BWA,1999,0.703,20.419,Africa,NA,49.26
Botswana,68,BWA,2000,0.702,20.941,Africa,17.02,49.51
Botswana,68,BWA,2001,0.702,21.26,Africa,17.02,50.09
Botswana,68,BWA,2002,0.702,22.017,Africa,17.02,50.66
Botswana,68,BWA,2003,0.702,22.682,Africa,17.02,51.26
Botswana,68,BWA,2004,0.713,23.347,Africa,11.11,51.9
Botswana,68,BWA,2005,0.717,24.305,Africa,11.11,52.58
Botswana,68,BWA,2006,0.722,25.335,Africa,11.11,53.28
Botswana,68,BWA,2007,0.72,26.249,Africa,11.11,54.17
Botswana,68,BWA,2008,0.715,26.726,Africa,11.11,55.07
Botswana,68,BWA,2009,0.712,26.424,Africa,7.94,55.99
Botswana,68,BWA,2010,0.717,27.362,Africa,7.94,53.34
Botswana,68,BWA,2011,0.719,28.435,Africa,7.94,54.16
Botswana,68,BWA,2012,0.719,29.369,Africa,7.94,54.89
Botswana,68,BWA,2013,0.713,30.636,Africa,7.94,55.43
Botswana,68,BWA,2014,0.711,31.474,Africa,9.52,55.89
Botswana,68,BWA,2015,0.69,31.366,Africa,9.52,56.29
Botswana,68,BWA,2016,0.685,31.734,Africa,9.52,56.68
Botswana,68,BWA,2017,0.675,32.112,Africa,9.52,57.1
Botswana,68,BWA,2018,0.672,32.36,Africa,9.52,57.56
Botswana,68,BWA,2019,0.656,32.139,Africa,10.77,58.04
Botswana,68,BWA,2020,0.589,NA,Africa,10.77,56.14
Botswana,68,BWA,2021,0.587,NA,Africa,10.77,58.94
Botswana,68,BWA,2022,0.573,NA,Africa,11.11,59.93
Botswana,68,BWA,2023,0.564,NA,Africa,11.11,63.43
Botswana,68,BWA,2024,0.595,NA,Africa,8.7,63.45
Botswana,68,BWA,2025,0.665,NA,Africa,8.96,63.71
Burundi,69,BDI,1990,0.089,2.831,Africa,NA,90.45
Burundi,69,BDI,1991,0.089,2.846,Africa,NA,89.95
Burundi,69,BDI,1992,0.165,2.793,Africa,NA,89.44
Burundi,69,BDI,1993,0.277,2.679,Africa,NA,88.76
Burundi,69,BDI,1994,0.237,2.564,Africa,NA,88.08
Burundi,69,BDI,1995,0.253,2.379,Africa,NA,87.48
Burundi,69,BDI,1996,0.224,2.21,Africa,NA,86.71
Burundi,69,BDI,1997,0.188,2.134,Africa,NA,85.85
Burundi,69,BDI,1998,0.183,2.117,Africa,11.86,84.97
Burundi,69,BDI,1999,0.185,2.071,Africa,5.98,84.18
Burundi,69,BDI,2000,0.187,2.019,Africa,14.41,83.35
Burundi,69,BDI,2001,0.188,1.997,Africa,14.41,82.48
Burundi,69,BDI,2002,0.202,1.991,Africa,18.44,81.56
Burundi,69,BDI,2003,0.209,1.961,Africa,18.44,80.58
Burundi,69,BDI,2004,0.208,1.956,Africa,18.44,79.53
Burundi,69,BDI,2005,0.299,1.935,Africa,30.51,78.36
Burundi,69,BDI,2006,0.418,1.926,Africa,30.51,77.06
Burundi,69,BDI,2007,0.413,1.906,Africa,30.51,77.68
Burundi,69,BDI,2008,0.405,1.907,Africa,30.51,78.22
Burundi,69,BDI,2009,0.397,1.904,Africa,31.36,78.77
Burundi,69,BDI,2010,0.323,1.908,Africa,32.08,79.27
Burundi,69,BDI,2011,0.287,1.914,Africa,30.48,79.63
Burundi,69,BDI,2012,0.287,1.927,Africa,30.48,79.95
Burundi,69,BDI,2013,0.278,1.937,Africa,30.48,80.24
Burundi,69,BDI,2014,0.27,1.921,Africa,30.48,80.46
Burundi,69,BDI,2015,0.196,1.823,Africa,36.36,80.78
Burundi,69,BDI,2016,0.166,1.765,Africa,36.36,81
Burundi,69,BDI,2017,0.157,1.746,Africa,36.36,81.09
Burundi,69,BDI,2018,0.157,1.733,Africa,36.36,81.07
Burundi,69,BDI,2019,0.159,1.743,Africa,36.36,80.89
Burundi,69,BDI,2020,0.168,NA,Africa,38.21,78.56
Burundi,69,BDI,2021,0.181,NA,Africa,38.21,80.49
Burundi,69,BDI,2022,0.189,NA,Africa,38.21,80.25
Burundi,69,BDI,2023,0.186,NA,Africa,38.21,79.98
Burundi,69,BDI,2024,0.178,NA,Africa,38.21,79.73
Burundi,69,BDI,2025,0.185,NA,Africa,39.64,79.5
Cape Verde,70,CPV,1990,0.338,4.761,Africa,NA,40.95
Cape Verde,70,CPV,1991,0.662,4.783,Africa,NA,41.2
Cape Verde,70,CPV,1992,0.714,4.957,Africa,NA,41.46
Cape Verde,70,CPV,1993,0.714,5.246,Africa,NA,41.74
Cape Verde,70,CPV,1994,0.714,5.64,Africa,NA,42.04
Cape Verde,70,CPV,1995,0.732,5.993,Africa,NA,42.35
Cape Verde,70,CPV,1996,0.776,6.417,Africa,NA,42.67
Cape Verde,70,CPV,1997,0.778,6.832,Africa,11.11,43.02
Cape Verde,70,CPV,1998,0.778,7.374,Africa,11.11,43.38
Cape Verde,70,CPV,1999,0.778,8.002,Africa,11.11,43.75
Cape Verde,70,CPV,2000,0.772,8.547,Africa,11.11,44.13
Cape Verde,70,CPV,2001,0.762,8.941,Africa,11.11,44.52
Cape Verde,70,CPV,2002,0.767,9.318,Africa,11.11,44.93
Cape Verde,70,CPV,2003,0.767,9.706,Africa,11.11,45.35
Cape Verde,70,CPV,2004,0.767,10.202,Africa,11.11,45.8
Cape Verde,70,CPV,2005,0.767,10.716,Africa,11.11,46.27
Cape Verde,70,CPV,2006,0.778,11.422,Africa,15.28,46.76
Cape Verde,70,CPV,2007,0.781,12.291,Africa,18.06,47.28
Cape Verde,70,CPV,2008,0.782,12.93,Africa,18.06,47.83
Cape Verde,70,CPV,2009,0.782,13.173,Africa,18.06,48.4
Cape Verde,70,CPV,2010,0.779,13.338,Africa,18.06,51.33
Cape Verde,70,CPV,2011,0.788,13.552,Africa,20.83,51.43
Cape Verde,70,CPV,2012,0.788,13.547,Africa,20.83,51.54
Cape Verde,70,CPV,2013,0.794,13.458,Africa,20.83,51.64
Cape Verde,70,CPV,2014,0.794,13.453,Africa,20.83,51.74
Cape Verde,70,CPV,2015,0.795,13.442,Africa,20.83,51.84
Cape Verde,70,CPV,2016,0.8,13.648,Africa,23.61,51.94
Cape Verde,70,CPV,2017,0.797,13.91,Africa,23.61,52.04
Cape Verde,70,CPV,2018,0.783,14.163,Africa,23.61,48.62
Cape Verde,70,CPV,2019,0.79,14.275,Africa,23.61,50.41
Cape Verde,70,CPV,2020,0.793,NA,Africa,25,46.76
Cape Verde,70,CPV,2021,0.775,NA,Africa,38.89,47.64
Cape Verde,70,CPV,2022,0.754,NA,Africa,38.89,49.93
Cape Verde,70,CPV,2023,0.75,NA,Africa,41.67,50.22
Cape Verde,70,CPV,2024,0.752,NA,Africa,38.89,50.43
Cape Verde,70,CPV,2025,0.745,NA,Africa,44.44,50.47
Central African Republic,71,CAF,1990,0.224,2.531,Africa,NA,65.97
Central African Republic,71,CAF,1991,0.249,2.454,Africa,NA,65.87
Central African Republic,71,CAF,1992,0.289,2.353,Africa,NA,65.8
Central African Republic,71,CAF,1993,0.346,2.301,Africa,NA,65.76
Central African Republic,71,CAF,1994,0.352,2.308,Africa,NA,65.74
Central African Republic,71,CAF,1995,0.352,2.313,Africa,NA,65.71
Central African Republic,71,CAF,1996,0.352,2.229,Africa,NA,65.69
Central African Republic,71,CAF,1997,0.352,2.231,Africa,3.53,65.69
Central African Republic,71,CAF,1998,0.352,2.251,Africa,3.53,65.71
Central African Republic,71,CAF,1999,0.346,2.258,Africa,7.34,65.74
Central African Republic,71,CAF,2000,0.341,2.244,Africa,7.34,65.77
Central African Republic,71,CAF,2001,0.341,2.231,Africa,7.34,65.79
Central African Republic,71,CAF,2002,0.341,2.197,Africa,7.34,65.82
Central African Republic,71,CAF,2003,0.245,2.123,Africa,NA,65.86
Central African Republic,71,CAF,2004,0.221,2.115,Africa,NA,65.88
Central African Republic,71,CAF,2005,0.294,2.121,Africa,10.48,65.9
Central African Republic,71,CAF,2006,0.342,2.148,Africa,10.48,65.88
Central African Republic,71,CAF,2007,0.342,2.181,Africa,10.48,65.85
Central African Republic,71,CAF,2008,0.342,2.208,Africa,10.48,65.82
Central African Republic,71,CAF,2009,0.342,2.242,Africa,9.62,65.87
Central African Republic,71,CAF,2010,0.343,2.26,Africa,9.62,65.91
Central African Republic,71,CAF,2011,0.319,2.233,Africa,12.5,65.83
Central African Republic,71,CAF,2012,0.317,2.099,Africa,12.5,65.69
Central African Republic,71,CAF,2013,0.272,1.712,Africa,NA,65.55
Central African Republic,71,CAF,2014,0.282,1.594,Africa,NA,65.39
Central African Republic,71,CAF,2015,0.284,1.565,Africa,NA,65.3
Central African Republic,71,CAF,2016,0.4,1.599,Africa,7.19,65.3
Central African Republic,71,CAF,2017,0.396,1.687,Africa,8.57,65.31
Central African Republic,71,CAF,2018,0.406,1.751,Africa,8.57,65.31
Central African Republic,71,CAF,2019,0.379,1.813,Africa,8.57,65.36
Central African Republic,71,CAF,2020,0.374,NA,Africa,8.57,64.78
Central African Republic,71,CAF,2021,0.343,NA,Africa,12.86,64.8
Central African Republic,71,CAF,2022,0.326,NA,Africa,12.86,65.53
Central African Republic,71,CAF,2023,0.301,NA,Africa,12.86,65.61
Central African Republic,71,CAF,2024,0.299,NA,Africa,11.43,65.54
Central African Republic,71,CAF,2025,0.293,NA,Africa,11.43,65.46
Chile,72,CHL,1990,0.721,22.534,Latin America,NA,30.98
Chile,72,CHL,1991,0.816,23.871,Latin America,NA,31.87
Chile,72,CHL,1992,0.816,25.612,Latin America,NA,33.2
Chile,72,CHL,1993,0.813,27.1,Latin America,NA,34.09
Chile,72,CHL,1994,0.85,28.59,Latin America,NA,34.78
Chile,72,CHL,1995,0.85,30.373,Latin America,NA,35.9
Chile,72,CHL,1996,0.85,31.88,Latin America,NA,36.76
Chile,72,CHL,1997,0.85,33.012,Latin America,7.5,37.49
Chile,72,CHL,1998,0.851,33.492,Latin America,10.83,37.85
Chile,72,CHL,1999,0.85,33.424,Latin America,10.83,38.1
Chile,72,CHL,2000,0.876,33.991,Latin America,10.83,37.7
Chile,72,CHL,2001,0.876,34.455,Latin America,10.83,36.73
Chile,72,CHL,2002,0.88,35.139,Latin America,12.5,36.45
Chile,72,CHL,2003,0.88,36.138,Latin America,12.5,37.8
Chile,72,CHL,2004,0.88,37.851,Latin America,12.5,39.21
Chile,72,CHL,2005,0.877,39.873,Latin America,15,40.13
Chile,72,CHL,2006,0.894,42.102,Latin America,15,41.29
Chile,72,CHL,2007,0.894,43.603,Latin America,15,42.24
Chile,72,CHL,2008,0.894,44.339,Latin America,15,44.18
Chile,72,CHL,2009,0.887,44.891,Latin America,14.17,44.62
Chile,72,CHL,2010,0.888,46.817,Latin America,14.17,46.86
Chile,72,CHL,2011,0.889,48.834,Latin America,14.17,48.91
Chile,72,CHL,2012,0.893,50.497,Latin America,14.17,49.18
Chile,72,CHL,2013,0.894,51.633,Latin America,15.83,49.66
Chile,72,CHL,2014,0.893,51.977,Latin America,15.83,50.29
Chile,72,CHL,2015,0.886,51.875,Latin America,15.83,50.35
Chile,72,CHL,2016,0.886,51.965,Latin America,15.83,50.76
Chile,72,CHL,2017,0.889,52.417,Latin America,NA,51.74
Chile,72,CHL,2018,0.87,52.906,Latin America,22.58,52.42
Chile,72,CHL,2019,0.829,53.121,Latin America,22.58,52.65
Chile,72,CHL,2020,0.837,NA,Latin America,22.58,45.44
Chile,72,CHL,2021,0.841,NA,Latin America,35.48,46.58
Chile,72,CHL,2022,0.833,NA,Latin America,35.48,50.02
Chile,72,CHL,2023,0.836,NA,Latin America,35.48,51.96
Chile,72,CHL,2024,0.845,NA,Latin America,35.48,52.78
Chile,72,CHL,2025,0.839,NA,Latin America,33.55,52.89
Costa Rica,73,CRI,1990,0.891,18.898,Latin America,NA,32.87
Costa Rica,73,CRI,1991,0.892,19.295,Latin America,NA,33.33
Costa Rica,73,CRI,1992,0.892,20.151,Latin America,NA,32.6
Costa Rica,73,CRI,1993,0.892,20.876,Latin America,NA,33.52
Costa Rica,73,CRI,1994,0.893,21.381,Latin America,NA,34.66
Costa Rica,73,CRI,1995,0.893,21.714,Latin America,NA,35.58
Costa Rica,73,CRI,1996,0.893,21.807,Latin America,NA,34.07
Costa Rica,73,CRI,1997,0.893,22.315,Latin America,15.79,37.12
Costa Rica,73,CRI,1998,0.893,22.997,Latin America,19.3,39.44
Costa Rica,73,CRI,1999,0.893,23.415,Latin America,19.3,39.94
Costa Rica,73,CRI,2000,0.892,23.792,Latin America,19.3,38.64
Costa Rica,73,CRI,2001,0.892,24.114,Latin America,19.3,41.56
Costa Rica,73,CRI,2002,0.895,24.472,Latin America,35.09,41.14
Costa Rica,73,CRI,2003,0.895,24.911,Latin America,35.09,41.45
Costa Rica,73,CRI,2004,0.894,25.473,Latin America,35.09,39.83
Costa Rica,73,CRI,2005,0.894,26.159,Latin America,35.09,43.68
Costa Rica,73,CRI,2006,0.905,27.228,Latin America,38.6,43.31
Costa Rica,73,CRI,2007,0.908,28.427,Latin America,36.84,44.3
Costa Rica,73,CRI,2008,0.908,29.327,Latin America,36.84,44.44
Costa Rica,73,CRI,2009,0.908,29.795,Latin America,36.84,44.83
Costa Rica,73,CRI,2010,0.91,30.585,Latin America,38.6,44.11
Costa Rica,73,CRI,2011,0.91,31.39,Latin America,38.6,46.48
Costa Rica,73,CRI,2012,0.91,32.131,Latin America,38.6,51.44
Costa Rica,73,CRI,2013,0.907,32.678,Latin America,38.6,51.25
Costa Rica,73,CRI,2014,0.906,33.275,Latin America,33.33,51.34
Costa Rica,73,CRI,2015,0.906,33.767,Latin America,33.33,50.06
Costa Rica,73,CRI,2016,0.902,34.835,Latin America,33.33,46.02
Costa Rica,73,CRI,2017,0.898,36.125,Latin America,35.09,45.9
Costa Rica,73,CRI,2018,0.89,36.999,Latin America,45.61,48.66
Costa Rica,73,CRI,2019,0.893,37.622,Latin America,45.61,52.73
Costa Rica,73,CRI,2020,0.895,NA,Latin America,45.61,48.64
Costa Rica,73,CRI,2021,0.894,NA,Latin America,45.61,50.25
Costa Rica,73,CRI,2022,0.866,NA,Latin America,47.37,50.28
Costa Rica,73,CRI,2023,0.862,NA,Latin America,47.37,44.09
Costa Rica,73,CRI,2024,0.862,NA,Latin America,49.12,45.98
Costa Rica,73,CRI,2025,0.862,NA,Latin America,49.12,46.02
Timor-Leste,74,TLS,1990,0.077,5.235,Asia,NA,66.88
Timor-Leste,74,TLS,1991,0.077,5.283,Asia,NA,66.53
Timor-Leste,74,TLS,1992,0.077,5.313,Asia,NA,66.3
Timor-Leste,74,TLS,1993,0.077,5.348,Asia,NA,66.08
Timor-Leste,74,TLS,1994,0.077,5.366,Asia,NA,66.01
Timor-Leste,74,TLS,1995,0.077,5.394,Asia,NA,65.91
Timor-Leste,74,TLS,1996,0.077,5.427,Asia,NA,65.68
Timor-Leste,74,TLS,1997,0.077,5.442,Asia,NA,65.6
Timor-Leste,74,TLS,1998,0.09,5.476,Asia,NA,65.76
Timor-Leste,74,TLS,1999,0.11,5.507,Asia,NA,67.54
Timor-Leste,74,TLS,2000,0.222,5.537,Asia,NA,64.18
Timor-Leste,74,TLS,2001,0.289,5.649,Asia,NA,63.7
Timor-Leste,74,TLS,2002,0.561,5.574,Asia,26.14,64.12
Timor-Leste,74,TLS,2003,0.573,5.446,Asia,26.14,64.22
Timor-Leste,74,TLS,2004,0.573,5.366,Asia,25.29,64.06
Timor-Leste,74,TLS,2005,0.572,5.343,Asia,25.29,63.84
Timor-Leste,74,TLS,2006,0.569,5.365,Asia,25.29,64.04
Timor-Leste,74,TLS,2007,0.609,5.591,Asia,29.23,63.51
Timor-Leste,74,TLS,2008,0.618,5.952,Asia,29.23,62.93
Timor-Leste,74,TLS,2009,0.617,6.356,Asia,29.23,62.38
Timor-Leste,74,TLS,2010,0.632,6.742,Asia,29.23,61.93
Timor-Leste,74,TLS,2011,0.632,7.068,Asia,32.31,61.7
Timor-Leste,74,TLS,2012,0.65,7.318,Asia,38.46,61.58
Timor-Leste,74,TLS,2013,0.661,7.47,Asia,38.46,61.51
Timor-Leste,74,TLS,2014,0.639,7.551,Asia,38.46,61.36
Timor-Leste,74,TLS,2015,0.644,7.503,Asia,38.46,61.3
Timor-Leste,74,TLS,2016,0.628,7.475,Asia,38.46,61.26
Timor-Leste,74,TLS,2017,0.671,7.391,Asia,32.31,61.48
Timor-Leste,74,TLS,2018,0.689,7.409,Asia,33.85,61.62
Timor-Leste,74,TLS,2019,0.703,7.587,Asia,38.46,61.03
Timor-Leste,74,TLS,2020,0.679,NA,Asia,38.46,60.46
Timor-Leste,74,TLS,2021,0.693,NA,Asia,38.46,61.21
Timor-Leste,74,TLS,2022,0.709,NA,Asia,40,61.17
Timor-Leste,74,TLS,2023,0.714,NA,Asia,36.92,60.77
Timor-Leste,74,TLS,2024,0.734,NA,Asia,35.38,61.46
Timor-Leste,74,TLS,2025,0.736,NA,Asia,35.38,61.68
Ecuador,75,ECU,1990,0.716,14.373,Latin America,NA,46.95
Ecuador,75,ECU,1991,0.716,14.643,Latin America,NA,47.26
Ecuador,75,ECU,1992,0.714,14.873,Latin America,NA,47.34
Ecuador,75,ECU,1993,0.706,14.949,Latin America,NA,47.42
Ecuador,75,ECU,1994,0.697,15.122,Latin America,NA,47.81
Ecuador,75,ECU,1995,0.699,15.19,Latin America,NA,47.97
Ecuador,75,ECU,1996,0.696,15.235,Latin America,NA,48.08
Ecuador,75,ECU,1997,0.695,15.341,Latin America,3.66,48.54
Ecuador,75,ECU,1998,0.696,15.301,Latin America,17.36,51.69
Ecuador,75,ECU,1999,0.693,14.929,Latin America,17.36,48.8
Ecuador,75,ECU,2000,0.689,14.946,Latin America,14.63,45.88
Ecuador,75,ECU,2001,0.689,15.302,Latin America,14.63,46.98
Ecuador,75,ECU,2002,0.689,15.783,Latin America,NA,48.07
Ecuador,75,ECU,2003,0.698,16.244,Latin America,16,49.17
Ecuador,75,ECU,2004,0.698,16.992,Latin America,16,52.73
Ecuador,75,ECU,2005,0.698,17.746,Latin America,16,51.92
Ecuador,75,ECU,2006,0.693,18.369,Latin America,25,52.7
Ecuador,75,ECU,2007,0.671,18.825,Latin America,25,51.96
Ecuador,75,ECU,2008,0.634,19.487,Latin America,25,52.02
Ecuador,75,ECU,2009,0.613,19.852,Latin America,32.26,49.66
Ecuador,75,ECU,2010,0.588,20.46,Latin America,32.26,48.01
Ecuador,75,ECU,2011,0.581,21.394,Latin America,32.26,47.06
Ecuador,75,ECU,2012,0.586,22.182,Latin America,32.26,48.08
Ecuador,75,ECU,2013,0.538,22.799,Latin America,38.69,48.13
Ecuador,75,ECU,2014,0.534,23.029,Latin America,41.61,47.69
Ecuador,75,ECU,2015,0.533,22.609,Latin America,41.61,51.9
Ecuador,75,ECU,2016,0.54,22.183,Latin America,41.61,55.41
Ecuador,75,ECU,2017,0.552,22.029,Latin America,37.96,56.17
Ecuador,75,ECU,2018,0.641,21.802,Latin America,37.96,54.48
Ecuador,75,ECU,2019,0.617,21.463,Latin America,37.96,54.4
Ecuador,75,ECU,2020,0.626,NA,Latin America,39.42,48.24
Ecuador,75,ECU,2021,0.625,NA,Latin America,39.42,53.63
Ecuador,75,ECU,2022,0.661,NA,Latin America,38.69,54.24
Ecuador,75,ECU,2023,0.641,NA,Latin America,43.07,52.52
Ecuador,75,ECU,2024,0.641,NA,Latin America,43.07,52.39
Ecuador,75,ECU,2025,0.607,NA,Latin America,45.03,52.39
France,76,FRA,1990,0.875,69.529,The West,NA,46.42
France,76,FRA,1991,0.875,70.361,The West,NA,46.46
France,76,FRA,1992,0.875,71.018,The West,NA,46.85
France,76,FRA,1993,0.875,71.337,The West,NA,47.31
France,76,FRA,1994,0.875,72.262,The West,NA,47.47
France,76,FRA,1995,0.869,73.228,The West,NA,47.78
France,76,FRA,1996,0.874,74.217,The West,NA,48.15
France,76,FRA,1997,0.874,75.856,The West,10.92,47.74
France,76,FRA,1998,0.873,77.851,The West,10.92,48.06
France,76,FRA,1999,0.873,79.967,The West,10.92,48.45
France,76,FRA,2000,0.873,81.999,The West,10.92,48.54
France,76,FRA,2001,0.873,83.249,The West,10.92,48.32
France,76,FRA,2002,0.874,83.616,The West,12.13,48.54
France,76,FRA,2003,0.874,83.886,The West,12.2,49.74
France,76,FRA,2004,0.874,84.887,The West,12.2,49.58
France,76,FRA,2005,0.874,85.831,The West,12.2,50.14
France,76,FRA,2006,0.874,86.971,The West,12.2,50.23
France,76,FRA,2007,0.877,88.278,The West,18.2,50.62
France,76,FRA,2008,0.885,88.325,The West,18.2,50.74
France,76,FRA,2009,0.885,87.686,The West,18.89,51.06
France,76,FRA,2010,0.885,87.975,The West,18.89,51.08
France,76,FRA,2011,0.887,88.543,The West,18.89,51
France,76,FRA,2012,0.89,88.64,The West,26.86,51.2
France,76,FRA,2013,0.89,88.718,The West,26.86,51.32
France,76,FRA,2014,0.889,88.267,The West,26.17,51.01
France,76,FRA,2015,0.883,87.435,The West,26.17,50.96
France,76,FRA,2016,0.883,87.842,The West,26.17,50.83
France,76,FRA,2017,0.886,89.675,The West,38.99,50.62
France,76,FRA,2018,0.874,90.691,The West,39.58,50.81
France,76,FRA,2019,0.866,91.636,The West,39.69,50.62
France,76,FRA,2020,0.866,NA,The West,39.51,50.05
France,76,FRA,2021,0.868,NA,The West,39.51,51.6
France,76,FRA,2022,0.875,NA,The West,37.26,51.86
France,76,FRA,2023,0.871,NA,The West,37.78,52.11
France,76,FRA,2024,0.864,NA,The West,36.05,51.77
France,76,FRA,2025,0.865,NA,The West,36.17,51.48
Germany,77,DEU,1990,0.892,67.053,The West,NA,45.17
Germany,77,DEU,1991,0.893,68.226,The West,NA,47.91
Germany,77,DEU,1992,0.893,69.319,The West,NA,47.82
Germany,77,DEU,1993,0.893,69.704,The West,NA,47.47
Germany,77,DEU,1994,0.893,70.882,The West,NA,47.98
Germany,77,DEU,1995,0.893,72.175,The West,NA,47.83
Germany,77,DEU,1996,0.893,73.034,The West,NA,47.85
Germany,77,DEU,1997,0.893,74.307,The West,26.19,48.36
Germany,77,DEU,1998,0.894,75.987,The West,26.19,48.54
Germany,77,DEU,1999,0.899,77.676,The West,30.94,49.05
Germany,77,DEU,2000,0.899,79.41,The West,30.94,49
Germany,77,DEU,2001,0.899,80.842,The West,31.08,49.35
Germany,77,DEU,2002,0.898,82.509,The West,32.17,49.58
Germany,77,DEU,2003,0.896,83.519,The West,32.17,49.98
Germany,77,DEU,2004,0.896,84.643,The West,32.75,49.74
Germany,77,DEU,2005,0.896,86.164,The West,31.76,50.69
Germany,77,DEU,2006,0.902,88.43,The West,31.6,51.76
Germany,77,DEU,2007,0.902,90.585,The West,31.65,52.21
Germany,77,DEU,2008,0.902,91.771,The West,32.19,52
Germany,77,DEU,2009,0.9,91.272,The West,32.8,52.62
Germany,77,DEU,2010,0.898,93.049,The West,32.8,52.53
Germany,77,DEU,2011,0.9,95.57,The West,32.9,53.71
Germany,77,DEU,2012,0.899,96.673,The West,32.9,53.68
Germany,77,DEU,2013,0.892,97.564,The West,36.45,54.19
Germany,77,DEU,2014,0.885,98.126,The West,36.45,54.47
Germany,77,DEU,2015,0.883,97.654,The West,36.45,54.44
Germany,77,DEU,2016,0.888,98.286,The West,36.45,54.81
Germany,77,DEU,2017,0.889,99.729,The West,30.75,55.14
Germany,77,DEU,2018,0.881,100.587,The West,30.75,55.21
Germany,77,DEU,2019,0.878,100.56,The West,30.89,55.71
Germany,77,DEU,2020,0.87,NA,The West,31.17,55.11
Germany,77,DEU,2021,0.863,NA,The West,34.92,55.02
Germany,77,DEU,2022,0.855,NA,The West,34.92,55.54
Germany,77,DEU,2023,0.855,NA,The West,35.19,55.82
Germany,77,DEU,2024,0.825,NA,The West,35.33,55.62
Germany,77,DEU,2025,0.828,NA,The West,32.38,55.29
Guatemala,78,GTM,1990,0.371,10.675,Latin America,NA,44.29
Guatemala,78,GTM,1991,0.382,10.836,Latin America,NA,44.42
Guatemala,78,GTM,1992,0.382,11.052,Latin America,NA,44.67
Guatemala,78,GTM,1993,0.385,11.276,Latin America,NA,44.84
Guatemala,78,GTM,1994,0.396,11.479,Latin America,NA,44.99
Guatemala,78,GTM,1995,0.412,11.711,Latin America,NA,45.21
Guatemala,78,GTM,1996,0.454,11.872,Latin America,NA,45.28
Guatemala,78,GTM,1997,0.489,12.077,Latin America,12.5,45.48
Guatemala,78,GTM,1998,0.489,12.329,Latin America,12.5,45.74
Guatemala,78,GTM,1999,0.491,12.523,Latin America,7.08,45.91
Guatemala,78,GTM,2000,0.542,12.693,Latin America,8.85,46.08
Guatemala,78,GTM,2001,0.542,12.798,Latin America,8.85,46.14
Guatemala,78,GTM,2002,0.542,12.95,Latin America,8.85,46.35
Guatemala,78,GTM,2003,0.543,13.059,Latin America,8.23,47.98
Guatemala,78,GTM,2004,0.552,13.194,Latin America,8.23,42.04
Guatemala,78,GTM,2005,0.552,13.407,Latin America,8.23,41.95
Guatemala,78,GTM,2006,0.552,13.719,Latin America,8.23,41.86
Guatemala,78,GTM,2007,0.563,14.077,Latin America,12.03,41.78
Guatemala,78,GTM,2008,0.582,14.345,Latin America,12.03,41.71
Guatemala,78,GTM,2009,0.58,14.457,Latin America,12.03,41.65
Guatemala,78,GTM,2010,0.583,14.598,Latin America,12.03,41.6
Guatemala,78,GTM,2011,0.581,14.801,Latin America,13.29,40.1
Guatemala,78,GTM,2012,0.576,15.012,Latin America,13.29,44.99
Guatemala,78,GTM,2013,0.574,15.199,Latin America,13.29,39.69
Guatemala,78,GTM,2014,0.572,15.407,Latin America,13.29,39.98
Guatemala,78,GTM,2015,0.587,15.46,Latin America,13.92,38.44
Guatemala,78,GTM,2016,0.626,15.593,Latin America,13.92,39.52
Guatemala,78,GTM,2017,0.621,15.784,Latin America,12.66,38.66
Guatemala,78,GTM,2018,0.602,15.877,Latin America,12.66,38.41
Guatemala,78,GTM,2019,0.597,15.925,Latin America,19.38,37.11
Guatemala,78,GTM,2020,0.589,NA,Latin America,19.38,38.3
Guatemala,78,GTM,2021,0.555,NA,Latin America,19.38,42.5
Guatemala,78,GTM,2022,0.509,NA,Latin America,19.38,40.5
Guatemala,78,GTM,2023,0.506,NA,Latin America,20,38.14
Guatemala,78,GTM,2024,0.609,NA,Latin America,20,38.42
Guatemala,78,GTM,2025,0.637,NA,Latin America,20,38.32
Iran,79,IRN,1990,0.16,13.932,Middle East,NA,9.57
Iran,79,IRN,1991,0.16,14.749,Middle East,NA,9.77
Iran,79,IRN,1992,0.159,15.316,Middle East,NA,9.91
Iran,79,IRN,1993,0.162,15.385,Middle East,NA,10.05
Iran,79,IRN,1994,0.165,15.411,Middle East,NA,10.21
Iran,79,IRN,1995,0.165,15.693,Middle East,NA,10.4
Iran,79,IRN,1996,0.174,16.259,Middle East,NA,10.59
Iran,79,IRN,1997,0.218,16.667,Middle East,4.89,11.3
Iran,79,IRN,1998,0.231,17.082,Middle East,4.89,12.06
Iran,79,IRN,1999,0.234,17.589,Middle East,4.89,12.85
Iran,79,IRN,2000,0.233,18.391,Middle East,3.45,13.69
Iran,79,IRN,2001,0.234,19.39,Middle East,3.45,14.58
Iran,79,IRN,2002,0.232,20.752,Middle East,4.14,15.5
Iran,79,IRN,2003,0.232,22.239,Middle East,4.14,16.49
Iran,79,IRN,2004,0.207,23.651,Middle East,4.14,17.56
Iran,79,IRN,2005,0.177,25.077,Middle East,4.14,18.68
Iran,79,IRN,2006,0.173,26.459,Middle East,4.14,18.04
Iran,79,IRN,2007,0.173,27.847,Middle East,4.14,17
Iran,79,IRN,2008,0.167,28.61,Middle East,2.8,14.76
Iran,79,IRN,2009,0.158,29.268,Middle East,2.76,15.69
Iran,79,IRN,2010,0.144,29.933,Middle East,2.76,15.14
Iran,79,IRN,2011,0.145,29.952,Middle East,2.76,13.6
Iran,79,IRN,2012,0.158,28.695,Middle East,3.1,14.89
Iran,79,IRN,2013,0.174,27.92,Middle East,3.1,13.34
Iran,79,IRN,2014,0.183,27.525,Middle East,3.1,12.99
Iran,79,IRN,2015,0.186,27.057,Middle East,3.1,14.36
Iran,79,IRN,2016,0.186,27.295,Middle East,5.88,16.17
Iran,79,IRN,2017,0.185,26.65,Middle East,5.88,17.36
Iran,79,IRN,2018,0.182,25.246,Middle East,5.88,17.34
Iran,79,IRN,2019,0.181,23.538,Middle East,5.88,16.81
Iran,79,IRN,2020,0.165,NA,Middle East,5.59,13.72
Iran,79,IRN,2021,0.158,NA,Middle East,5.59,13.09
Iran,79,IRN,2022,0.148,NA,Middle East,5.59,13.47
Iran,79,IRN,2023,0.153,NA,Middle East,5.59,14.13
Iran,79,IRN,2024,0.166,NA,Middle East,4.83,14.14
Iran,79,IRN,2025,0.159,NA,Middle East,4.91,14.01
Iraq,80,IRQ,1990,0.081,11.507,Middle East,NA,8.51
Iraq,80,IRQ,1991,0.08,7.404,Middle East,NA,8.55
Iraq,80,IRQ,1992,0.08,6.935,Middle East,NA,8.67
Iraq,80,IRQ,1993,0.082,6.911,Middle East,NA,8.69
Iraq,80,IRQ,1994,0.083,6.769,Middle East,NA,8.71
Iraq,80,IRQ,1995,0.097,6.653,Middle East,NA,8.75
Iraq,80,IRQ,1996,0.146,6.978,Middle East,NA,8.78
Iraq,80,IRQ,1997,0.146,7.305,Middle East,6.4,8.85
Iraq,80,IRQ,1998,0.146,8.146,Middle East,6.4,9.15
Iraq,80,IRQ,1999,0.146,9.003,Middle East,6.4,9.45
Iraq,80,IRQ,2000,0.145,9.775,Middle East,7.6,9.76
Iraq,80,IRQ,2001,0.147,10.208,Middle East,7.6,10.09
Iraq,80,IRQ,2002,0.147,10.139,Middle East,7.6,10.42
Iraq,80,IRQ,2003,0.184,9.577,Middle East,NA,10.77
Iraq,80,IRQ,2004,0.21,11.164,Middle East,NA,11.13
Iraq,80,IRQ,2005,0.237,12.207,Middle East,NA,11.5
Iraq,80,IRQ,2006,0.397,13.219,Middle East,25.45,11.89
Iraq,80,IRQ,2007,0.426,14.162,Middle East,25.45,12.29
Iraq,80,IRQ,2008,0.426,15.382,Middle East,25.45,12.22
Iraq,80,IRQ,2009,0.425,16.469,Middle East,25.45,12.13
Iraq,80,IRQ,2010,0.414,17.739,Middle East,25.23,12.05
Iraq,80,IRQ,2011,0.413,19.18,Middle East,25.23,11.96
Iraq,80,IRQ,2012,0.41,20.561,Middle East,25.23,11.88
Iraq,80,IRQ,2013,0.414,21.239,Middle East,25.23,12.78
Iraq,80,IRQ,2014,0.403,21.053,Middle East,25.3,13.72
Iraq,80,IRQ,2015,0.396,20.736,Middle East,26.52,14.18
Iraq,80,IRQ,2016,0.39,21.052,Middle East,26.52,14.65
Iraq,80,IRQ,2017,0.375,20.662,Middle East,25.3,11.33
Iraq,80,IRQ,2018,0.398,20.121,Middle East,25.23,11.45
Iraq,80,IRQ,2019,0.393,19.391,Middle East,25.23,11.58
Iraq,80,IRQ,2020,0.376,NA,Middle East,26.44,10.88
Iraq,80,IRQ,2021,0.374,NA,Middle East,28.88,10.9
Iraq,80,IRQ,2022,0.385,NA,Middle East,28.88,11.18
Iraq,80,IRQ,2023,0.371,NA,Middle East,29.05,10.91
Iraq,80,IRQ,2024,0.361,NA,Middle East,28.88,11
Iraq,80,IRQ,2025,0.369,NA,Middle East,25.53,10.94
Ireland,81,IRL,1990,0.851,46.324,The West,NA,41.72
Ireland,81,IRL,1991,0.866,48.066,The West,NA,42.45
Ireland,81,IRL,1992,0.867,49.922,The West,NA,42.89
Ireland,81,IRL,1993,0.871,51.934,The West,NA,44.31
Ireland,81,IRL,1994,0.871,54.961,The West,NA,45.28
Ireland,81,IRL,1995,0.871,59.266,The West,NA,46.3
Ireland,81,IRL,1996,0.875,63.943,The West,NA,48.15
Ireland,81,IRL,1997,0.878,69.68,The West,12.05,48.34
Ireland,81,IRL,1998,0.88,75.498,The West,12.05,49.78
Ireland,81,IRL,1999,0.88,81.966,The West,12.05,50.81
Ireland,81,IRL,2000,0.885,88.201,The West,12.05,51.94
Ireland,81,IRL,2001,0.885,93.54,The West,12.05,52.42
Ireland,81,IRL,2002,0.883,99.284,The West,13.25,53.12
Ireland,81,IRL,2003,0.882,103.208,The West,13.25,53.23
Ireland,81,IRL,2004,0.882,107.445,The West,13.25,53.32
Ireland,81,IRL,2005,0.882,110.898,The West,13.25,54.98
Ireland,81,IRL,2006,0.882,113.237,The West,13.25,55.74
Ireland,81,IRL,2007,0.891,113.463,The West,13.25,56.97
Ireland,81,IRL,2008,0.896,109.497,The West,13.25,56.83
Ireland,81,IRL,2009,0.896,106.238,The West,13.94,56.1
Ireland,81,IRL,2010,0.896,105.318,The West,13.94,55.25
Ireland,81,IRL,2011,0.896,105.286,The West,15.06,54.93
Ireland,81,IRL,2012,0.897,105.19,The West,15.06,54.72
Ireland,81,IRL,2013,0.895,107.468,The West,15.66,55.23
Ireland,81,IRL,2014,0.895,113.232,The West,15.66,54.88
Ireland,81,IRL,2015,0.895,121.649,The West,16.27,54.81
Ireland,81,IRL,2016,0.886,128.992,The West,22.15,55.53
Ireland,81,IRL,2017,0.887,138.47,The West,22.15,55.59
Ireland,81,IRL,2018,0.89,145.837,The West,22.15,56
Ireland,81,IRL,2019,0.887,149.77,The West,22.15,56.21
Ireland,81,IRL,2020,0.891,NA,The West,22.5,55.06
Ireland,81,IRL,2021,0.898,NA,The West,22.5,57.85
Ireland,81,IRL,2022,0.892,NA,The West,23.12,59.11
Ireland,81,IRL,2023,0.894,NA,The West,23.12,60.16
Ireland,81,IRL,2024,0.895,NA,The West,25.29,59.84
Ireland,81,IRL,2025,0.887,NA,The West,25.29,59.76
Italy,82,ITA,1990,0.821,61.254,The West,NA,34.96
Italy,82,ITA,1991,0.829,62.558,The West,NA,35.48
Italy,82,ITA,1992,0.831,63.338,The West,NA,33.87
Italy,82,ITA,1993,0.835,63.859,The West,NA,33.33
Italy,82,ITA,1994,0.83,64.827,The West,NA,33.1
Italy,82,ITA,1995,0.828,66.333,The West,NA,33.14
Italy,82,ITA,1996,0.835,67.657,The West,NA,33.79
Italy,82,ITA,1997,0.843,68.818,The West,11.11,33.98
Italy,82,ITA,1998,0.843,70.352,The West,11.11,34.48
Italy,82,ITA,1999,0.843,71.761,The West,11.11,35.16
Italy,82,ITA,2000,0.84,73.578,The West,11.11,35.4
Italy,82,ITA,2001,0.833,75.053,The West,9.84,35.86
Italy,82,ITA,2002,0.837,76.428,The West,9.84,36.33
Italy,82,ITA,2003,0.837,76.907,The West,11.49,36.8
Italy,82,ITA,2004,0.837,77.461,The West,11.53,38.13
Italy,82,ITA,2005,0.846,78.083,The West,11.53,37.76
Italy,82,ITA,2006,0.852,78.96,The West,17.3,37.89
Italy,82,ITA,2007,0.861,79.599,The West,17.3,37.67
Italy,82,ITA,2008,0.855,79.068,The West,21.27,38.4
Italy,82,ITA,2009,0.857,77.555,The West,21.27,37.95
Italy,82,ITA,2010,0.856,76.988,The West,21.27,37.88
Italy,82,ITA,2011,0.862,76.542,The West,21.59,38.07
Italy,82,ITA,2012,0.869,75.073,The West,21.43,39.37
Italy,82,ITA,2013,0.864,73.637,The West,31.43,39.32
Italy,82,ITA,2014,0.865,72.762,The West,31.43,39.75
Italy,82,ITA,2015,0.865,71.358,The West,30.95,39.39
Italy,82,ITA,2016,0.869,71.716,The West,30.95,40.07
Italy,82,ITA,2017,0.87,72.823,The West,30.95,40.58
Italy,82,ITA,2018,0.864,73.353,The West,35.71,40.78
Italy,82,ITA,2019,0.854,73.132,The West,35.71,40.91
Italy,82,ITA,2020,0.857,NA,The West,35.71,39.5
Italy,82,ITA,2021,0.857,NA,The West,35.71,39.88
Italy,82,ITA,2022,0.842,NA,The West,32.25,40.52
Italy,82,ITA,2023,0.806,NA,The West,32.25,41.31
Italy,82,ITA,2024,0.784,NA,The West,32.25,41.03
Italy,82,ITA,2025,0.745,NA,The West,32.75,40.81
Jordan,83,JOR,1990,0.22,12.777,Middle East,NA,11.2
Jordan,83,JOR,1991,0.221,12.23,Middle East,NA,11.14
Jordan,83,JOR,1992,0.227,12.387,Middle East,NA,11.41
Jordan,83,JOR,1993,0.235,12.438,Middle East,NA,11.44
Jordan,83,JOR,1994,0.227,12.526,Middle East,NA,11.49
Jordan,83,JOR,1995,0.227,12.653,Middle East,NA,11.57
Jordan,83,JOR,1996,0.227,12.683,Middle East,NA,11.57
Jordan,83,JOR,1997,0.224,12.829,Middle East,0,11.61
Jordan,83,JOR,1998,0.224,13.044,Middle East,0,11.66
Jordan,83,JOR,1999,0.222,13.345,Middle East,0,11.74
Jordan,83,JOR,2000,0.186,13.724,Middle East,0,11.84
Jordan,83,JOR,2001,0.185,14.242,Middle East,1.25,11.29
Jordan,83,JOR,2002,0.185,14.831,Middle East,1.25,11.89
Jordan,83,JOR,2003,0.208,15.405,Middle East,5.45,10.85
Jordan,83,JOR,2004,0.228,16.275,Middle East,5.45,11.12
Jordan,83,JOR,2005,0.228,17.243,Middle East,5.45,11.38
Jordan,83,JOR,2006,0.229,18.237,Middle East,5.45,11.58
Jordan,83,JOR,2007,0.229,19.248,Middle East,6.36,14.37
Jordan,83,JOR,2008,0.232,20.289,Middle East,6.36,13.94
Jordan,83,JOR,2009,0.233,20.968,Middle East,6.36,14.59
Jordan,83,JOR,2010,0.239,21.078,Middle East,10.83,14.46
Jordan,83,JOR,2011,0.247,21.066,Middle East,10.83,14.42
Jordan,83,JOR,2012,0.246,20.923,Middle East,10.83,13.86
Jordan,83,JOR,2013,0.255,20.636,Middle East,12.16,12.95
Jordan,83,JOR,2014,0.255,20.37,Middle East,12,12.28
Jordan,83,JOR,2015,0.255,19.909,Middle East,12,13.6
Jordan,83,JOR,2016,0.239,19.47,Middle East,15.38,15.05
Jordan,83,JOR,2017,0.263,18.753,Middle East,15.38,16.61
Jordan,83,JOR,2018,0.261,18.226,Middle East,15.38,14.65
Jordan,83,JOR,2019,0.26,17.52,Middle East,15.38,13.68
Jordan,83,JOR,2020,0.258,NA,Middle East,11.54,14.98
Jordan,83,JOR,2021,0.257,NA,Middle East,11.54,13.96
Jordan,83,JOR,2022,0.256,NA,Middle East,12.31,13.92
Jordan,83,JOR,2023,0.252,NA,Middle East,12.31,15.93
Jordan,83,JOR,2024,0.274,NA,Middle East,19.57,16.01
Jordan,83,JOR,2025,0.282,NA,Middle East,19.57,16.03
Latvia,84,LVA,1990,0.562,31.018,Eastern Europe,NA,53.78
Latvia,84,LVA,1991,0.594,28.36,Eastern Europe,NA,53.41
Latvia,84,LVA,1992,0.674,24.003,Eastern Europe,NA,53.84
Latvia,84,LVA,1993,0.749,21.679,Eastern Europe,NA,53.56
Latvia,84,LVA,1994,0.8,20.955,Eastern Europe,NA,53.03
Latvia,84,LVA,1995,0.799,20.688,Eastern Europe,NA,52.75
Latvia,84,LVA,1996,0.788,21.254,Eastern Europe,NA,52.42
Latvia,84,LVA,1997,0.808,22.626,Eastern Europe,9,51.89
Latvia,84,LVA,1998,0.809,24.083,Eastern Europe,9,51.58
Latvia,84,LVA,1999,0.816,25.374,Eastern Europe,17,49.84
Latvia,84,LVA,2000,0.816,26.98,Eastern Europe,17,48.98
Latvia,84,LVA,2001,0.816,28.842,Eastern Europe,17,49.94
Latvia,84,LVA,2002,0.815,30.677,Eastern Europe,18,51.07
Latvia,84,LVA,2003,0.822,32.984,Eastern Europe,21,50.52
Latvia,84,LVA,2004,0.822,35.842,Eastern Europe,21,50.4
Latvia,84,LVA,2005,0.822,39.291,Eastern Europe,21,50.39
Latvia,84,LVA,2006,0.814,43.132,Eastern Europe,19,51.94
Latvia,84,LVA,2007,0.793,46.057,Eastern Europe,20,52.91
Latvia,84,LVA,2008,0.792,46.231,Eastern Europe,20,54.84
Latvia,84,LVA,2009,0.793,44.119,Eastern Europe,22,54.36
Latvia,84,LVA,2010,0.798,43.733,Eastern Europe,20,53.73
Latvia,84,LVA,2011,0.816,45.52,Eastern Europe,23,52.91
Latvia,84,LVA,2012,0.82,47.468,Eastern Europe,23,54.09
Latvia,84,LVA,2013,0.83,49.186,Eastern Europe,23,53.77
Latvia,84,LVA,2014,0.832,50.785,Eastern Europe,18,53.3
Latvia,84,LVA,2015,0.838,52.267,Eastern Europe,18,54.03
Latvia,84,LVA,2016,0.84,54.058,Eastern Europe,18,54.86
Latvia,84,LVA,2017,0.833,56.545,Eastern Europe,16,55.06
Latvia,84,LVA,2018,0.832,58.76,Eastern Europe,31,55.64
Latvia,84,LVA,2019,0.826,60.021,Eastern Europe,30,55.47
Latvia,84,LVA,2020,0.822,NA,Eastern Europe,30,55.84
Latvia,84,LVA,2021,0.831,NA,Eastern Europe,29,54.17
Latvia,84,LVA,2022,0.829,NA,Eastern Europe,30,55.3
Latvia,84,LVA,2023,0.846,NA,Eastern Europe,32,55.44
Latvia,84,LVA,2024,0.834,NA,Eastern Europe,32,55.52
Latvia,84,LVA,2025,0.834,NA,Eastern Europe,31,55.25
Lesotho,85,LSO,1990,0.159,3.842,Africa,NA,66.65
Lesotho,85,LSO,1991,0.158,3.961,Africa,NA,66.66
Lesotho,85,LSO,1992,0.158,4.071,Africa,NA,66.69
Lesotho,85,LSO,1993,0.501,4.195,Africa,NA,66.74
Lesotho,85,LSO,1994,0.469,4.305,Africa,NA,66.81
Lesotho,85,LSO,1995,0.314,4.396,Africa,NA,66.9
Lesotho,85,LSO,1996,0.314,4.509,Africa,NA,66.99
Lesotho,85,LSO,1997,0.314,4.582,Africa,4.62,67.1
Lesotho,85,LSO,1998,0.371,4.624,Africa,3.75,67.24
Lesotho,85,LSO,1999,0.315,4.68,Africa,3.8,67.39
Lesotho,85,LSO,2000,0.315,4.777,Africa,3.8,66.71
Lesotho,85,LSO,2001,0.315,4.898,Africa,3.8,66.02
Lesotho,85,LSO,2002,0.496,4.994,Africa,NA,65.32
Lesotho,85,LSO,2003,0.614,5.134,Africa,11.67,64.62
Lesotho,85,LSO,2004,0.614,5.257,Africa,11.67,63.91
Lesotho,85,LSO,2005,0.614,5.401,Africa,11.67,63.2
Lesotho,85,LSO,2006,0.614,5.577,Africa,11.67,62.47
Lesotho,85,LSO,2007,0.568,5.76,Africa,23.53,61.75
Lesotho,85,LSO,2008,0.561,6.003,Africa,25,61.02
Lesotho,85,LSO,2009,0.559,6.157,Africa,24.17,60.28
Lesotho,85,LSO,2010,0.566,6.3,Africa,24.17,59.54
Lesotho,85,LSO,2011,0.574,6.515,Africa,24.17,58.79
Lesotho,85,LSO,2012,0.582,6.794,Africa,26.67,58.04
Lesotho,85,LSO,2013,0.619,7.022,Africa,26.67,57.28
Lesotho,85,LSO,2014,0.621,7.197,Africa,26.67,55.91
Lesotho,85,LSO,2015,0.597,7.294,Africa,25,54.53
Lesotho,85,LSO,2016,0.576,7.375,Africa,25,53.15
Lesotho,85,LSO,2017,0.501,7.348,Africa,22.13,51.75
Lesotho,85,LSO,2018,0.601,7.32,Africa,22.13,50.36
Lesotho,85,LSO,2019,0.621,7.374,Africa,23.33,48.96
Lesotho,85,LSO,2020,0.627,NA,Africa,23.33,48.49
Lesotho,85,LSO,2021,0.616,NA,Africa,23.33,48.25
Lesotho,85,LSO,2022,0.648,NA,Africa,26.45,48.44
Lesotho,85,LSO,2023,0.667,NA,Africa,26.45,48.43
Lesotho,85,LSO,2024,0.652,NA,Africa,25,48.46
Lesotho,85,LSO,2025,0.661,NA,Africa,25,48.09
Liberia,86,LBR,1990,0.167,2.157,Africa,NA,71.45
Liberia,86,LBR,1991,0.198,1.706,Africa,NA,71.48
Liberia,86,LBR,1992,0.198,1.239,Africa,NA,71.51
Liberia,86,LBR,1993,0.202,0.913,Africa,NA,71.55
Liberia,86,LBR,1994,0.169,0.746,Africa,NA,71.59
Liberia,86,LBR,1995,0.166,0.703,Africa,NA,71.64
Liberia,86,LBR,1996,0.15,0.761,Africa,NA,71.68
Liberia,86,LBR,1997,0.241,0.994,Africa,NA,71.72
Liberia,86,LBR,1998,0.348,1.24,Africa,NA,71.74
Liberia,86,LBR,1999,0.346,1.541,Africa,NA,71.77
Liberia,86,LBR,2000,0.346,2.023,Africa,7.81,71.78
Liberia,86,LBR,2001,0.343,2.287,Africa,7.81,71.8
Liberia,86,LBR,2002,0.343,2.358,Africa,7.81,71.81
Liberia,86,LBR,2003,0.303,2.013,Africa,7.81,71.82
Liberia,86,LBR,2004,0.239,1.965,Africa,5.26,71.81
Liberia,86,LBR,2005,0.276,1.992,Africa,12.5,71.8
Liberia,86,LBR,2006,0.643,2.082,Africa,12.5,71.78
Liberia,86,LBR,2007,0.655,2.165,Africa,12.5,71.76
Liberia,86,LBR,2008,0.655,2.276,Africa,12.5,71.76
Liberia,86,LBR,2009,0.657,2.358,Africa,12.5,71.77
Liberia,86,LBR,2010,0.649,2.434,Africa,12.5,71.77
Liberia,86,LBR,2011,0.646,2.479,Africa,9.59,71.86
Liberia,86,LBR,2012,0.64,2.544,Africa,10.96,71.93
Liberia,86,LBR,2013,0.618,2.609,Africa,10.96,71.91
Liberia,86,LBR,2014,0.611,2.608,Africa,10.96,71.9
Liberia,86,LBR,2015,0.611,2.567,Africa,10.96,71.92
Liberia,86,LBR,2016,0.615,2.552,Africa,10.96,71.95
Liberia,86,LBR,2017,0.62,2.66,Africa,9.86,71.98
Liberia,86,LBR,2018,0.621,2.73,Africa,12.33,72.02
Liberia,86,LBR,2019,0.623,2.796,Africa,12.33,72.08
Liberia,86,LBR,2020,0.633,NA,Africa,12.33,71.39
Liberia,86,LBR,2021,0.616,NA,Africa,10.96,71.7
Liberia,86,LBR,2022,0.618,NA,Africa,10.96,71.92
Liberia,86,LBR,2023,0.624,NA,Africa,10.96,71.97
Liberia,86,LBR,2024,0.61,NA,Africa,10.96,72.02
Liberia,86,LBR,2025,0.597,NA,Africa,10.96,72.03
Malawi,87,MWI,1990,0.167,2.198,Africa,NA,78.35
Malawi,87,MWI,1991,0.167,2.203,Africa,NA,78.29
Malawi,87,MWI,1992,0.188,2.136,Africa,NA,78.23
Malawi,87,MWI,1993,0.252,2.182,Africa,NA,78.18
Malawi,87,MWI,1994,0.463,2.193,Africa,NA,78.14
Malawi,87,MWI,1995,0.566,2.313,Africa,NA,78.12
Malawi,87,MWI,1996,0.567,2.41,Africa,NA,78.11
Malawi,87,MWI,1997,0.567,2.465,Africa,5.65,78.1
Malawi,87,MWI,1998,0.567,2.43,Africa,5.65,78.09
Malawi,87,MWI,1999,0.512,2.405,Africa,8.29,78.09
Malawi,87,MWI,2000,0.478,2.359,Africa,9.33,78.11
Malawi,87,MWI,2001,0.478,2.283,Africa,9.33,78.12
Malawi,87,MWI,2002,0.478,2.303,Africa,9.33,78.13
Malawi,87,MWI,2003,0.478,2.34,Africa,9.33,78.15
Malawi,87,MWI,2004,0.459,2.402,Africa,13.99,78.16
Malawi,87,MWI,2005,0.443,2.442,Africa,13.61,78.16
Malawi,87,MWI,2006,0.439,2.485,Africa,13.61,76.75
Malawi,87,MWI,2007,0.442,2.599,Africa,12.95,75.28
Malawi,87,MWI,2008,0.443,2.699,Africa,12.95,73.75
Malawi,87,MWI,2009,0.5,2.741,Africa,20.83,72.15
Malawi,87,MWI,2010,0.514,2.788,Africa,20.83,70.49
Malawi,87,MWI,2011,0.521,2.829,Africa,22.28,68.77
Malawi,87,MWI,2012,0.536,2.803,Africa,22.28,67.19
Malawi,87,MWI,2013,0.56,2.813,Africa,22.28,65.57
Malawi,87,MWI,2014,0.547,2.809,Africa,16.67,63.92
Malawi,87,MWI,2015,0.54,2.781,Africa,16.67,62.23
Malawi,87,MWI,2016,0.538,2.776,Africa,16.67,60.51
Malawi,87,MWI,2017,0.546,2.829,Africa,16.67,58.77
Malawi,87,MWI,2018,0.528,2.864,Africa,16.67,58.9
Malawi,87,MWI,2019,0.48,2.915,Africa,22.92,59.03
Malawi,87,MWI,2020,0.534,NA,Africa,22.92,63.12
Malawi,87,MWI,2021,0.603,NA,Africa,22.92,58.79
Malawi,87,MWI,2022,0.611,NA,Africa,22.92,58.75
Malawi,87,MWI,2023,0.571,NA,Africa,20.73,58.64
Malawi,87,MWI,2024,0.563,NA,Africa,20.73,58.53
Malawi,87,MWI,2025,0.557,NA,Africa,21.43,58.18
Maldives,88,MDV,1990,0.167,11.204,Asia,NA,19.88
Maldives,88,MDV,1991,0.16,12.042,Asia,NA,21.34
Maldives,88,MDV,1992,0.16,12.938,Asia,NA,22.85
Maldives,88,MDV,1993,0.16,13.912,Asia,NA,24.43
Maldives,88,MDV,1994,0.158,14.985,Asia,NA,26.06
Maldives,88,MDV,1995,0.16,16.165,Asia,NA,27.73
Maldives,88,MDV,1996,0.16,17.314,Asia,NA,29.5
Maldives,88,MDV,1997,0.16,18.403,Asia,6.25,31.32
Maldives,88,MDV,1998,0.161,19.362,Asia,6.25,33.18
Maldives,88,MDV,1999,0.158,20.131,Asia,NA,35.08
Maldives,88,MDV,2000,0.161,20.709,Asia,6,37.04
Maldives,88,MDV,2001,0.162,21.064,Asia,6,37.04
Maldives,88,MDV,2002,0.163,21.778,Asia,6,37.05
Maldives,88,MDV,2003,0.171,22.691,Asia,6,37.06
Maldives,88,MDV,2004,0.175,23.291,Asia,6,37.06
Maldives,88,MDV,2005,0.283,23.35,Asia,12,37.07
Maldives,88,MDV,2006,0.303,24.93,Asia,12,36.96
Maldives,88,MDV,2007,0.308,26.241,Asia,12,36.73
Maldives,88,MDV,2008,0.459,27.199,Asia,12,36.49
Maldives,88,MDV,2009,0.609,27.297,Asia,6.49,36.28
Maldives,88,MDV,2010,0.599,27.646,Asia,6.49,36.62
Maldives,88,MDV,2011,0.6,28.179,Asia,6.49,36.98
Maldives,88,MDV,2012,0.543,28.463,Asia,6.49,37.36
Maldives,88,MDV,2013,0.453,28.831,Asia,6.49,37.76
Maldives,88,MDV,2014,0.407,29.103,Asia,5.88,38.16
Maldives,88,MDV,2015,0.38,29.032,Asia,5.88,38.57
Maldives,88,MDV,2016,0.365,29.328,Asia,5.88,38.99
Maldives,88,MDV,2017,0.353,29.914,Asia,5.88,39.78
Maldives,88,MDV,2018,0.391,30.59,Asia,5.88,40.38
Maldives,88,MDV,2019,0.57,31.125,Asia,4.6,40.76
Maldives,88,MDV,2020,0.581,NA,Asia,4.6,37.1
Maldives,88,MDV,2021,0.582,NA,Asia,4.6,37.99
Maldives,88,MDV,2022,0.586,NA,Asia,4.6,40.17
Maldives,88,MDV,2023,0.596,NA,Asia,4.6,40.31
Maldives,88,MDV,2024,0.577,NA,Asia,3.23,40.46
Maldives,88,MDV,2025,0.556,NA,Asia,3.23,40.73
Mongolia,89,MNG,1990,0.372,6.292,Eastern Europe,NA,51.43
Mongolia,89,MNG,1991,0.555,5.783,Eastern Europe,NA,51.97
Mongolia,89,MNG,1992,0.667,5.332,Eastern Europe,NA,52.49
Mongolia,89,MNG,1993,0.698,5.07,Eastern Europe,NA,52.8
Mongolia,89,MNG,1994,0.698,5.11,Eastern Europe,NA,52.97
Mongolia,89,MNG,1995,0.698,5.37,Eastern Europe,NA,53.02
Mongolia,89,MNG,1996,0.7,5.501,Eastern Europe,NA,53.2
Mongolia,89,MNG,1997,0.707,5.677,Eastern Europe,7.89,53.34
Mongolia,89,MNG,1998,0.707,5.843,Eastern Europe,7.89,53.49
Mongolia,89,MNG,1999,0.707,6.054,Eastern Europe,7.89,53.65
Mongolia,89,MNG,2000,0.674,6.317,Eastern Europe,10.53,53.83
Mongolia,89,MNG,2001,0.663,6.642,Eastern Europe,10.53,53.93
Mongolia,89,MNG,2002,0.671,7.053,Eastern Europe,10.53,53.97
Mongolia,89,MNG,2003,0.672,7.617,Eastern Europe,10.53,53.95
Mongolia,89,MNG,2004,0.67,8.371,Eastern Europe,6.76,53.88
Mongolia,89,MNG,2005,0.673,9.211,Eastern Europe,6.67,53.89
Mongolia,89,MNG,2006,0.685,10.151,Eastern Europe,6.58,53.93
Mongolia,89,MNG,2007,0.685,11.085,Eastern Europe,6.58,54.03
Mongolia,89,MNG,2008,0.653,11.915,Eastern Europe,4.17,53.37
Mongolia,89,MNG,2009,0.662,12.404,Eastern Europe,3.95,53.54
Mongolia,89,MNG,2010,0.679,13.411,Eastern Europe,3.95,53.2
Mongolia,89,MNG,2011,0.676,15.082,Eastern Europe,3.95,53.9
Mongolia,89,MNG,2012,0.683,16.637,Eastern Europe,14.86,53.79
Mongolia,89,MNG,2013,0.684,17.908,Eastern Europe,14.86,53.65
Mongolia,89,MNG,2014,0.686,18.665,Eastern Europe,14.86,53.53
Mongolia,89,MNG,2015,0.681,18.864,Eastern Europe,14.47,53.43
Mongolia,89,MNG,2016,0.671,18.953,Eastern Europe,17.11,52.09
Mongolia,89,MNG,2017,0.661,19.09,Eastern Europe,17.11,52.69
Mongolia,89,MNG,2018,0.653,19.162,Eastern Europe,17.11,51.72
Mongolia,89,MNG,2019,0.653,18.664,Eastern Europe,17.33,57.9
Mongolia,89,MNG,2020,0.629,NA,Eastern Europe,17.33,56.05
Mongolia,89,MNG,2021,0.609,NA,Eastern Europe,17.11,53.16
Mongolia,89,MNG,2022,0.573,NA,Eastern Europe,17.11,54.63
Mongolia,89,MNG,2023,0.534,NA,Eastern Europe,17.11,52.47
Mongolia,89,MNG,2024,0.498,NA,Eastern Europe,25.4,52.1
Mongolia,89,MNG,2025,0.535,NA,Eastern Europe,25.4,51.46
Morocco,90,MAR,1990,0.17,10.559,Middle East,NA,22.82
Morocco,90,MAR,1991,0.172,10.757,Middle East,NA,23.23
Morocco,90,MAR,1992,0.185,10.692,Middle East,NA,23.16
Morocco,90,MAR,1993,0.19,10.71,Middle East,NA,23.18
Morocco,90,MAR,1994,0.192,11.041,Middle East,NA,23.8
Morocco,90,MAR,1995,0.192,11.005,Middle East,NA,23.56
Morocco,90,MAR,1996,0.192,11.418,Middle East,NA,24.24
Morocco,90,MAR,1997,0.201,11.438,Middle East,0.62,24.2
Morocco,90,MAR,1998,0.212,11.63,Middle East,0.62,24.62
Morocco,90,MAR,1999,0.213,11.675,Middle East,0.62,24.75
Morocco,90,MAR,2000,0.237,11.756,Middle East,0.62,24.93
Morocco,90,MAR,2001,0.239,12.063,Middle East,0.62,25.36
Morocco,90,MAR,2002,0.243,12.308,Middle East,10.77,24.79
Morocco,90,MAR,2003,0.253,12.682,Middle East,10.77,25.04
Morocco,90,MAR,2004,0.253,13.026,Middle East,10.77,25.29
Morocco,90,MAR,2005,0.258,13.363,Middle East,10.77,25.54
Morocco,90,MAR,2006,0.255,13.929,Middle East,10.77,25.78
Morocco,90,MAR,2007,0.258,14.473,Middle East,10.46,26.03
Morocco,90,MAR,2008,0.252,15.185,Middle East,10.46,26.28
Morocco,90,MAR,2009,0.254,15.816,Middle East,10.46,25.91
Morocco,90,MAR,2010,0.256,16.369,Middle East,10.46,25.55
Morocco,90,MAR,2011,0.262,16.898,Middle East,16.96,25.12
Morocco,90,MAR,2012,0.265,17.275,Middle East,16.96,24.36
Morocco,90,MAR,2013,0.269,17.604,Middle East,16.96,24.72
Morocco,90,MAR,2014,0.27,17.81,Middle East,16.96,24.78
Morocco,90,MAR,2015,0.264,17.963,Middle East,16.96,24.36
Morocco,90,MAR,2016,0.266,18.112,Middle East,20.51,23.28
Morocco,90,MAR,2017,0.259,18.307,Middle East,20.51,22.45
Morocco,90,MAR,2018,0.262,18.463,Middle East,20.51,22.23
Morocco,90,MAR,2019,0.257,18.495,Middle East,20.51,22
Morocco,90,MAR,2020,0.257,NA,Middle East,20.51,20.69
Morocco,90,MAR,2021,0.261,NA,Middle East,22.78,20.7
Morocco,90,MAR,2022,0.262,NA,Middle East,24.05,19.58
Morocco,90,MAR,2023,0.262,NA,Middle East,24.3,19.67
Morocco,90,MAR,2024,0.261,NA,Middle East,24.3,19.83
Morocco,90,MAR,2025,0.259,NA,Middle East,24.3,19.7
Netherlands,91,NLD,1990,0.862,67.797,The West,NA,55.16
Netherlands,91,NLD,1991,0.862,69.345,The West,NA,55.61
Netherlands,91,NLD,1992,0.862,70.569,The West,NA,56.13
Netherlands,91,NLD,1993,0.862,71.691,The West,NA,56.34
Netherlands,91,NLD,1994,0.861,73.354,The West,NA,56.46
Netherlands,91,NLD,1995,0.861,75.403,The West,NA,56.43
Netherlands,91,NLD,1996,0.861,77.649,The West,NA,56.79
Netherlands,91,NLD,1997,0.854,80.249,The West,31.33,57.21
Netherlands,91,NLD,1998,0.847,83.453,The West,36,57.67
Netherlands,91,NLD,1999,0.866,86.717,The West,36,58.29
Netherlands,91,NLD,2000,0.856,89.506,The West,36,58.95
Netherlands,91,NLD,2001,0.856,91.382,The West,36,59.54
Netherlands,91,NLD,2002,0.851,92.871,The West,34,59.84
Netherlands,91,NLD,2003,0.86,93.645,The West,36.67,59.92
Netherlands,91,NLD,2004,0.86,95.011,The West,36.67,59.76
Netherlands,91,NLD,2005,0.86,97.221,The West,36.67,59.52
Netherlands,91,NLD,2006,0.865,99.704,The West,36.67,59.76
Netherlands,91,NLD,2007,0.872,102.219,The West,39.33,59.95
Netherlands,91,NLD,2008,0.872,103.544,The West,41.33,60.23
Netherlands,91,NLD,2009,0.872,102.518,The West,42,60.14
Netherlands,91,NLD,2010,0.874,102.149,The West,40.67,60.28
Netherlands,91,NLD,2011,0.874,102.243,The West,40.67,60.53
Netherlands,91,NLD,2012,0.872,101.872,The West,38.67,61.08
Netherlands,91,NLD,2013,0.878,102.044,The West,38.67,61.04
Netherlands,91,NLD,2014,0.879,101.981,The West,38.67,60.27
Netherlands,91,NLD,2015,0.879,101.353,The West,37.33,60.76
Netherlands,91,NLD,2016,0.879,102.259,The West,37.33,60.82
Netherlands,91,NLD,2017,0.878,103.901,The West,36,60.89
Netherlands,91,NLD,2018,0.876,105.11,The West,36,61.14
Netherlands,91,NLD,2019,0.866,105.434,The West,31.33,61.66
Netherlands,91,NLD,2020,0.864,NA,The West,33.33,61.78
Netherlands,91,NLD,2021,0.864,NA,The West,39.33,61.89
Netherlands,91,NLD,2022,0.852,NA,The West,40.67,62.56
Netherlands,91,NLD,2023,0.847,NA,The West,40,63.08
Netherlands,91,NLD,2024,0.823,NA,The West,38.67,62.88
Netherlands,91,NLD,2025,0.832,NA,The West,43.33,62.71
Panama,92,PAN,1990,0.476,16.937,Latin America,NA,32.4
Panama,92,PAN,1991,0.684,17.972,Latin America,NA,37.69
Panama,92,PAN,1992,0.7,18.955,Latin America,NA,38.66
Panama,92,PAN,1993,0.704,19.683,Latin America,NA,39.63
Panama,92,PAN,1994,0.707,20.062,Latin America,NA,40.45
Panama,92,PAN,1995,0.711,20.282,Latin America,NA,41.43
Panama,92,PAN,1996,0.711,20.786,Latin America,NA,41.9
Panama,92,PAN,1997,0.711,21.566,Latin America,9.72,42.38
Panama,92,PAN,1998,0.699,22.463,Latin America,9.72,44.2
Panama,92,PAN,1999,0.698,23.018,Latin America,NA,44.07
Panama,92,PAN,2000,0.73,23.363,Latin America,9.86,44.85
Panama,92,PAN,2001,0.738,23.594,Latin America,9.86,45.63
Panama,92,PAN,2002,0.738,24.042,Latin America,9.86,46.41
Panama,92,PAN,2003,0.738,24.875,Latin America,9.86,46.93
Panama,92,PAN,2004,0.737,25.973,Latin America,16.67,47.26
Panama,92,PAN,2005,0.736,27.657,Latin America,16.67,47.95
Panama,92,PAN,2006,0.736,29.436,Latin America,16.67,46.8
Panama,92,PAN,2007,0.736,31.251,Latin America,16.67,47.58
Panama,92,PAN,2008,0.736,33.117,Latin America,16.67,48.59
Panama,92,PAN,2009,0.739,34.493,Latin America,8.45,47.01
Panama,92,PAN,2010,0.746,36.247,Latin America,8.45,48.36
Panama,92,PAN,2011,0.746,38.933,Latin America,8.45,46.16
Panama,92,PAN,2012,0.746,41.722,Latin America,8.45,48.67
Panama,92,PAN,2013,0.748,44.263,Latin America,8.45,50.21
Panama,92,PAN,2014,0.744,45.948,Latin America,19.3,50.66
Panama,92,PAN,2015,0.755,47.473,Latin America,18.31,51.48
Panama,92,PAN,2016,0.753,49.133,Latin America,18.31,52.16
Panama,92,PAN,2017,0.736,51.397,Latin America,18.31,52.25
Panama,92,PAN,2018,0.732,52.8,Latin America,18.31,54.5
Panama,92,PAN,2019,0.731,53.534,Latin America,21.13,56.34
Panama,92,PAN,2020,0.721,NA,Latin America,22.54,55.93
Panama,92,PAN,2021,0.735,NA,Latin America,22.54,48.89
Panama,92,PAN,2022,0.725,NA,Latin America,22.54,52.14
Panama,92,PAN,2023,0.722,NA,Latin America,22.54,52.69
Panama,92,PAN,2024,0.728,NA,Latin America,21.43,54.83
Panama,92,PAN,2025,0.728,NA,Latin America,21.74,54.94
Papua New Guinea,93,PNG,1990,0.554,6.705,Asia,NA,48.13
Papua New Guinea,93,PNG,1991,0.554,6.973,Asia,NA,47.9
Papua New Guinea,93,PNG,1992,0.545,7.429,Asia,NA,47.55
Papua New Guinea,93,PNG,1993,0.537,7.934,Asia,NA,47.1
Papua New Guinea,93,PNG,1994,0.537,8.2,Asia,NA,47.04
Papua New Guinea,93,PNG,1995,0.537,8.215,Asia,NA,47.26
Papua New Guinea,93,PNG,1996,0.537,8.196,Asia,NA,47.14
Papua New Guinea,93,PNG,1997,0.538,7.96,Asia,1.83,47.39
Papua New Guinea,93,PNG,1998,0.538,7.682,Asia,1.83,47.66
Papua New Guinea,93,PNG,1999,0.538,7.447,Asia,1.83,47.72
Papua New Guinea,93,PNG,2000,0.538,7.223,Asia,1.83,47.94
Papua New Guinea,93,PNG,2001,0.538,7.058,Asia,1.83,48.08
Papua New Guinea,93,PNG,2002,0.54,6.961,Asia,NA,48.22
Papua New Guinea,93,PNG,2003,0.541,6.953,Asia,0.92,48.27
Papua New Guinea,93,PNG,2004,0.537,7.026,Asia,0.92,48.3
Papua New Guinea,93,PNG,2005,0.537,7.197,Asia,0.92,48.18
Papua New Guinea,93,PNG,2006,0.544,7.405,Asia,0.92,48.1
Papua New Guinea,93,PNG,2007,0.511,7.651,Asia,0.92,47.92
Papua New Guinea,93,PNG,2008,0.478,7.864,Asia,0.92,48.06
Papua New Guinea,93,PNG,2009,0.478,8.183,Asia,0.92,47.92
Papua New Guinea,93,PNG,2010,0.475,8.55,Asia,0.92,47.67
Papua New Guinea,93,PNG,2011,0.472,8.821,Asia,0.92,48.06
Papua New Guinea,93,PNG,2012,0.46,9.124,Asia,2.7,48.33
Papua New Guinea,93,PNG,2013,0.448,9.431,Asia,2.7,48.62
Papua New Guinea,93,PNG,2014,0.447,9.812,Asia,2.7,48.58
Papua New Guinea,93,PNG,2015,0.444,10.03,Asia,2.7,48.78
Papua New Guinea,93,PNG,2016,0.445,10.239,Asia,2.7,49.01
Papua New Guinea,93,PNG,2017,0.447,10.366,Asia,0,49.3
Papua New Guinea,93,PNG,2018,0.457,10.423,Asia,0,49.71
Papua New Guinea,93,PNG,2019,0.462,10.506,Asia,0,49.96
Papua New Guinea,93,PNG,2020,0.455,NA,Asia,0,49.81
Papua New Guinea,93,PNG,2021,0.455,NA,Asia,0,50.57
Papua New Guinea,93,PNG,2022,0.467,NA,Asia,1.74,50.64
Papua New Guinea,93,PNG,2023,0.466,NA,Asia,2.7,50.64
Papua New Guinea,93,PNG,2024,0.462,NA,Asia,2.7,50.7
Papua New Guinea,93,PNG,2025,0.467,NA,Asia,2.7,50.82
Qatar,94,QAT,1990,0.016,64.415,Middle East,NA,50.38
Qatar,94,QAT,1991,0.016,64.005,Middle East,NA,51.01
Qatar,94,QAT,1992,0.016,67.194,Middle East,NA,50.51
Qatar,94,QAT,1993,0.016,68.798,Middle East,NA,51.08
Qatar,94,QAT,1994,0.017,71.528,Middle East,NA,51.36
Qatar,94,QAT,1995,0.017,75.766,Middle East,NA,51.51
Qatar,94,QAT,1996,0.018,82.183,Middle East,NA,51.45
Qatar,94,QAT,1997,0.018,93.933,Middle East,NA,49.18
Qatar,94,QAT,1998,0.017,104.457,Middle East,NA,48.62
Qatar,94,QAT,1999,0.017,117.383,Middle East,NA,48.92
Qatar,94,QAT,2000,0.019,131.809,Middle East,NA,48.85
Qatar,94,QAT,2001,0.019,140.055,Middle East,NA,49.25
Qatar,94,QAT,2002,0.019,147.745,Middle East,NA,49.25
Qatar,94,QAT,2003,0.041,156.896,Middle East,NA,49.62
Qatar,94,QAT,2004,0.041,168.4,Middle East,NA,47.9
Qatar,94,QAT,2005,0.041,175.778,Middle East,NA,47.7
Qatar,94,QAT,2006,0.041,186.009,Middle East,0,47.43
Qatar,94,QAT,2007,0.041,191.722,Middle East,0,49.4
Qatar,94,QAT,2008,0.041,197.058,Middle East,0,49.18
Qatar,94,QAT,2009,0.041,197.816,Middle East,0,49.08
Qatar,94,QAT,2010,0.041,207.496,Middle East,0,50.78
Qatar,94,QAT,2011,0.041,218.954,Middle East,0,52.43
Qatar,94,QAT,2012,0.042,220.781,Middle East,0,52.91
Qatar,94,QAT,2013,0.042,218.928,Middle East,0,53.3
Qatar,94,QAT,2014,0.042,214.902,Middle East,0,54.57
Qatar,94,QAT,2015,0.041,209.145,Middle East,0,55.99
Qatar,94,QAT,2016,0.04,202.644,Middle East,0,56.79
Qatar,94,QAT,2017,0.041,190.498,Middle East,9.76,57.57
Qatar,94,QAT,2018,0.042,180.509,Middle East,9.76,58.37
Qatar,94,QAT,2019,0.04,167.513,Middle East,9.76,59.08
Qatar,94,QAT,2020,0.038,NA,Middle East,9.76,59.45
Qatar,94,QAT,2021,0.089,NA,Middle East,4.44,60.58
Qatar,94,QAT,2022,0.086,NA,Middle East,4.44,63.54
Qatar,94,QAT,2023,0.087,NA,Middle East,4.44,63.31
Qatar,94,QAT,2024,0.087,NA,Middle East,4.44,61.78
Qatar,94,QAT,2025,0.034,NA,Middle East,6.12,61.85
Sierra Leone,95,SLE,1990,0.196,3.689,Africa,NA,65.09
Sierra Leone,95,SLE,1991,0.197,3.559,Africa,NA,65.05
Sierra Leone,95,SLE,1992,0.165,3.357,Africa,NA,65.01
Sierra Leone,95,SLE,1993,0.145,3.347,Africa,NA,64.98
Sierra Leone,95,SLE,1994,0.153,3.333,Africa,NA,64.94
Sierra Leone,95,SLE,1995,0.159,3.153,Africa,NA,64.9
Sierra Leone,95,SLE,1996,0.281,2.881,Africa,NA,64.86
Sierra Leone,95,SLE,1997,0.292,2.617,Africa,NA,64.82
Sierra Leone,95,SLE,1998,0.22,2.475,Africa,NA,64.78
Sierra Leone,95,SLE,1999,0.23,2.351,Africa,8.75,64.74
Sierra Leone,95,SLE,2000,0.232,2.393,Africa,8.75,64.69
Sierra Leone,95,SLE,2001,0.232,2.496,Africa,8.75,64.68
Sierra Leone,95,SLE,2002,0.43,2.724,Africa,NA,64.67
Sierra Leone,95,SLE,2003,0.56,2.847,Africa,14.52,64.66
Sierra Leone,95,SLE,2004,0.557,2.91,Africa,14.52,65.92
Sierra Leone,95,SLE,2005,0.557,2.95,Africa,14.52,65
Sierra Leone,95,SLE,2006,0.557,3.006,Africa,14.52,64.07
Sierra Leone,95,SLE,2007,0.539,3.11,Africa,13.22,63.13
Sierra Leone,95,SLE,2008,0.517,3.219,Africa,13.22,62.18
Sierra Leone,95,SLE,2009,0.514,3.323,Africa,13.22,61.22
Sierra Leone,95,SLE,2010,0.514,3.456,Africa,13.22,60.26
Sierra Leone,95,SLE,2011,0.514,3.65,Africa,12.9,59.28
Sierra Leone,95,SLE,2012,0.508,3.965,Africa,12.4,58.29
Sierra Leone,95,SLE,2013,0.514,4.26,Africa,12.4,57.3
Sierra Leone,95,SLE,2014,0.514,4.168,Africa,12.1,56.31
Sierra Leone,95,SLE,2015,0.514,3.751,Africa,12.4,55.09
Sierra Leone,95,SLE,2016,0.514,3.7,Africa,12.4,53.87
Sierra Leone,95,SLE,2017,0.52,3.806,Africa,12.4,52.64
Sierra Leone,95,SLE,2018,0.548,3.891,Africa,12.33,51.42
Sierra Leone,95,SLE,2019,0.554,3.934,Africa,12.33,51.58
Sierra Leone,95,SLE,2020,0.561,NA,Africa,12.33,51.09
Sierra Leone,95,SLE,2021,0.562,NA,Africa,12.33,51.47
Sierra Leone,95,SLE,2022,0.57,NA,Africa,12.33,51.6
Sierra Leone,95,SLE,2023,0.512,NA,Africa,28.19,51.77
Sierra Leone,95,SLE,2024,0.471,NA,Africa,29.53,51.82
Sierra Leone,95,SLE,2025,0.471,NA,Africa,29.53,51.6
Spain,96,ESP,1990,0.892,50.63,The West,NA,33.35
Spain,96,ESP,1991,0.892,52.299,The West,NA,33.44
Spain,96,ESP,1992,0.892,53.116,The West,NA,34.46
Spain,96,ESP,1993,0.892,53.389,The West,NA,35.02
Spain,96,ESP,1994,0.892,54.382,The West,NA,36.31
Spain,96,ESP,1995,0.892,55.843,The West,NA,36.77
Spain,96,ESP,1996,0.893,57.333,The West,NA,37.28
Spain,96,ESP,1997,0.894,59.33,The West,24.71,38.07
Spain,96,ESP,1998,0.894,61.777,The West,24.71,38.42
Spain,96,ESP,1999,0.894,64.218,The West,21.55,39.12
Spain,96,ESP,2000,0.893,66.776,The West,28.29,40.66
Spain,96,ESP,2001,0.893,68.82,The West,28.29,39.44
Spain,96,ESP,2002,0.893,70.307,The West,28.29,41.89
Spain,96,ESP,2003,0.875,71.347,The West,28.29,43.38
Spain,96,ESP,2004,0.875,72.567,The West,36,44.76
Spain,96,ESP,2005,0.879,73.946,The West,36,46.18
Spain,96,ESP,2006,0.879,75.559,The West,36,47.6
Spain,96,ESP,2007,0.876,76.921,The West,36.57,48.55
Spain,96,ESP,2008,0.886,76.808,The West,36.29,49.93
Spain,96,ESP,2009,0.888,75.279,The West,36.57,51.01
Spain,96,ESP,2010,0.892,74.152,The West,36.57,51.71
Spain,96,ESP,2011,0.893,73.011,The West,36,52.29
Spain,96,ESP,2012,0.889,71.805,The West,36,52.9
Spain,96,ESP,2013,0.875,71.299,The West,36,52.83
Spain,96,ESP,2014,0.871,71.722,The West,39.71,52.63
Spain,96,ESP,2015,0.856,72.38,The West,41.14,52.62
Spain,96,ESP,2016,0.847,75.014,The West,39.14,52.48
Spain,96,ESP,2017,0.835,78.042,The West,39.14,52.28
Spain,96,ESP,2018,0.851,79.879,The West,39.14,51.87
Spain,96,ESP,2019,0.871,81.503,The West,44,52.04
Spain,96,ESP,2020,0.874,NA,The West,44,50.92
Spain,96,ESP,2021,0.85,NA,The West,43.43,52.18
Spain,96,ESP,2022,0.867,NA,The West,42.98,52.28
Spain,96,ESP,2023,0.846,NA,The West,44.29,52.77
Spain,96,ESP,2024,0.826,NA,The West,44.29,53.2
Spain,96,ESP,2025,0.822,NA,The West,44.29,52.82
Syria,97,SYR,1990,0.144,13.614,Middle East,NA,18.8
Syria,97,SYR,1991,0.145,13.989,Middle East,NA,19.06
Syria,97,SYR,1992,0.144,14.566,Middle East,NA,19.52
Syria,97,SYR,1993,0.144,14.901,Middle East,NA,19.74
Syria,97,SYR,1994,0.144,15.064,Middle East,NA,20.09
Syria,97,SYR,1995,0.145,15.144,Middle East,NA,20.48
Syria,97,SYR,1996,0.145,15.091,Middle East,NA,19.04
Syria,97,SYR,1997,0.145,14.917,Middle East,9.6,17.72
Syria,97,SYR,1998,0.144,14.814,Middle East,9.6,16.51
Syria,97,SYR,1999,0.144,14.548,Middle East,10.4,18.59
Syria,97,SYR,2000,0.15,14.562,Middle East,10.4,20.89
Syria,97,SYR,2001,0.152,14.718,Middle East,10.4,20.24
Syria,97,SYR,2002,0.15,14.907,Middle East,10.4,19.62
Syria,97,SYR,2003,0.15,14.945,Middle East,12,19.01
Syria,97,SYR,2004,0.149,15.239,Middle East,12,17.75
Syria,97,SYR,2005,0.148,15.574,Middle East,12,16.54
Syria,97,SYR,2006,0.148,15.601,Middle East,12,15.39
Syria,97,SYR,2007,0.145,15.594,Middle East,12,14.21
Syria,97,SYR,2008,0.144,15.3,Middle East,12.4,13.7
Syria,97,SYR,2009,0.144,15.086,Middle East,12.4,13.21
Syria,97,SYR,2010,0.144,14.76,Middle East,12.4,12.98
Syria,97,SYR,2011,0.144,13.876,Middle East,12.4,14.93
Syria,97,SYR,2012,0.144,12.206,Middle East,12,13.5
Syria,97,SYR,2013,0.136,10.554,Middle East,12,13.03
Syria,97,SYR,2014,0.137,8.943,Middle East,12,12.81
Syria,97,SYR,2015,0.136,7.269,Middle East,12.4,12.73
Syria,97,SYR,2016,0.136,7.897,Middle East,13.2,12.8
Syria,97,SYR,2017,0.137,8.188,Middle East,13.2,12.94
Syria,97,SYR,2018,0.135,8.431,Middle East,13.2,13.14
Syria,97,SYR,2019,0.136,8.627,Middle East,13.2,13.39
Syria,97,SYR,2020,0.138,NA,Middle East,11.2,12.67
Syria,97,SYR,2021,0.136,NA,Middle East,11.2,12.82
Syria,97,SYR,2022,0.137,NA,Middle East,11.2,13.02
Syria,97,SYR,2023,0.145,NA,Middle East,10.8,12.88
Syria,97,SYR,2024,0.143,NA,Middle East,9.6,12.77
Syria,97,SYR,2025,0.128,NA,Middle East,4.92,12.73
Tunisia,98,TUN,1990,0.196,12.864,Middle East,NA,22.24
Tunisia,98,TUN,1991,0.197,13.302,Middle East,NA,22.37
Tunisia,98,TUN,1992,0.196,13.895,Middle East,NA,22.76
Tunisia,98,TUN,1993,0.193,14.354,Middle East,NA,22.88
Tunisia,98,TUN,1994,0.189,14.824,Middle East,NA,23.07
Tunisia,98,TUN,1995,0.188,15.357,Middle East,NA,23.3
Tunisia,98,TUN,1996,0.188,16.081,Middle East,NA,23.54
Tunisia,98,TUN,1997,0.188,16.661,Middle East,6.75,23.81
Tunisia,98,TUN,1998,0.188,17.182,Middle East,7.36,23.76
Tunisia,98,TUN,1999,0.188,17.733,Middle East,11.54,23.72
Tunisia,98,TUN,2000,0.189,18.24,Middle East,11.54,23.68
Tunisia,98,TUN,2001,0.189,18.671,Middle East,11.54,23.66
Tunisia,98,TUN,2002,0.19,19.017,Middle East,11.54,23.65
Tunisia,98,TUN,2003,0.19,19.541,Middle East,11.54,23.66
Tunisia,98,TUN,2004,0.189,20.235,Middle East,22.75,23.67
Tunisia,98,TUN,2005,0.191,20.898,Middle East,22.75,23.7
Tunisia,98,TUN,2006,0.191,21.712,Middle East,22.75,24.49
Tunisia,98,TUN,2007,0.191,22.621,Middle East,22.75,24.58
Tunisia,98,TUN,2008,0.191,23.407,Middle East,22.75,24.82
Tunisia,98,TUN,2009,0.191,24.004,Middle East,27.57,24.77
Tunisia,98,TUN,2010,0.193,24.319,Middle East,27.57,24.79
Tunisia,98,TUN,2011,0.328,24.225,Middle East,26.73,24.76
Tunisia,98,TUN,2012,0.765,24.442,Middle East,26.73,25.58
Tunisia,98,TUN,2013,0.761,24.646,Middle East,26.73,25.45
Tunisia,98,TUN,2014,0.745,24.739,Middle East,31.34,25.73
Tunisia,98,TUN,2015,0.727,24.563,Middle East,31.34,26.07
Tunisia,98,TUN,2016,0.731,24.517,Middle East,31.34,26.65
Tunisia,98,TUN,2017,0.725,24.585,Middle East,31.34,26.48
Tunisia,98,TUN,2018,0.728,24.631,Middle East,31.34,27.38
Tunisia,98,TUN,2019,0.725,24.531,Middle East,22.58,28.27
Tunisia,98,TUN,2020,0.712,NA,Middle East,24.88,26.27
Tunisia,98,TUN,2021,0.535,NA,Middle East,26.27,26.7
Tunisia,98,TUN,2022,0.283,NA,Middle East,26.27,27.52
Tunisia,98,TUN,2023,0.432,NA,Middle East,16.23,26.78
Tunisia,98,TUN,2024,0.422,NA,Middle East,15.69,26.64
Tunisia,98,TUN,2025,0.395,NA,Middle East,15.79,26.5
Türkiye,99,TUR,1990,0.517,21.083,Middle East,NA,33.93
Türkiye,99,TUR,1991,0.518,21.483,Middle East,NA,33.99
Türkiye,99,TUR,1992,0.533,22.17,Middle East,NA,32.59
Türkiye,99,TUR,1993,0.53,22.924,Middle East,NA,26.65
Türkiye,99,TUR,1994,0.536,22.749,Middle East,NA,31.14
Türkiye,99,TUR,1995,0.538,23.595,Middle East,NA,30.8
Türkiye,99,TUR,1996,0.547,24.735,Middle East,NA,30.46
Türkiye,99,TUR,1997,0.545,25.723,Middle East,2.36,28.72
Türkiye,99,TUR,1998,0.544,26.088,Middle East,2.36,29.18
Türkiye,99,TUR,1999,0.57,25.671,Middle East,4.18,29.92
Türkiye,99,TUR,2000,0.586,26.055,Middle East,4.18,26.51
Türkiye,99,TUR,2001,0.591,25.622,Middle East,4.18,27.09
Türkiye,99,TUR,2002,0.636,26.717,Middle East,NA,27.86
Türkiye,99,TUR,2003,0.651,27.908,Middle East,4.36,26.54
Türkiye,99,TUR,2004,0.657,29.651,Middle East,4.36,23.14
Türkiye,99,TUR,2005,0.643,31.604,Middle East,4.36,23.11
Türkiye,99,TUR,2006,0.643,33.349,Middle East,4.36,23.43
Türkiye,99,TUR,2007,0.616,34.708,Middle East,9.11,23.45
Türkiye,99,TUR,2008,0.554,35.283,Middle East,9.11,24.33
Türkiye,99,TUR,2009,0.545,35.322,Middle East,9.11,25.87
Türkiye,99,TUR,2010,0.525,36.886,Middle East,9.11,27.44
Türkiye,99,TUR,2011,0.522,39.024,Middle East,14.18,28.64
Türkiye,99,TUR,2012,0.508,40.57,Middle East,14.18,29.36
Türkiye,99,TUR,2013,0.469,42.06,Middle East,14.42,30.64
Türkiye,99,TUR,2014,0.426,43.194,Middle East,14.42,30.17
Türkiye,99,TUR,2015,0.388,43.884,Middle East,14.91,31.42
Türkiye,99,TUR,2016,0.308,44.029,Middle East,14.91,32.38
Türkiye,99,TUR,2017,0.29,46.12,Middle East,14.57,33.53
Türkiye,99,TUR,2018,0.295,47.345,Middle East,17.45,34.12
Türkiye,99,TUR,2019,0.289,47.988,Middle East,17.45,34.29
Türkiye,99,TUR,2020,0.292,NA,Middle East,17.32,30.83
Türkiye,99,TUR,2021,0.287,NA,Middle East,17.33,32.77
Türkiye,99,TUR,2022,0.285,NA,Middle East,17.35,35.02
Türkiye,99,TUR,2023,0.285,NA,Middle East,19.83,35.76
Türkiye,99,TUR,2024,0.289,NA,Middle East,19.87,36.79
Türkiye,99,TUR,2025,0.293,NA,Middle East,19.9,37.15
Ukraine,100,UKR,1990,0.372,24.735,Eastern Europe,NA,53.57
Ukraine,100,UKR,1991,0.429,22.829,Eastern Europe,NA,53.5
Ukraine,100,UKR,1992,0.528,20.492,Eastern Europe,NA,53.42
Ukraine,100,UKR,1993,0.528,17.65,Eastern Europe,NA,53.36
Ukraine,100,UKR,1994,0.546,14.773,Eastern Europe,NA,53.29
Ukraine,100,UKR,1995,0.552,13.01,Eastern Europe,NA,53.23
Ukraine,100,UKR,1996,0.543,11.919,Eastern Europe,NA,53.17
Ukraine,100,UKR,1997,0.523,11.457,Eastern Europe,3.78,53.1
Ukraine,100,UKR,1998,0.448,11.289,Eastern Europe,NA,53.04
Ukraine,100,UKR,1999,0.422,11.424,Eastern Europe,7.78,52.98
Ukraine,100,UKR,2000,0.389,12.057,Eastern Europe,7.78,52.92
Ukraine,100,UKR,2001,0.384,13.089,Eastern Europe,7.78,52.86
Ukraine,100,UKR,2002,0.394,14.337,Eastern Europe,NA,52.81
Ukraine,100,UKR,2003,0.392,15.819,Eastern Europe,5.33,52.75
Ukraine,100,UKR,2004,0.383,17.481,Eastern Europe,5.33,52.7
Ukraine,100,UKR,2005,0.448,19.005,Eastern Europe,5.33,52.65
Ukraine,100,UKR,2006,0.574,20.59,Eastern Europe,8.67,52.6
Ukraine,100,UKR,2007,0.607,22.008,Eastern Europe,8.22,52.7
Ukraine,100,UKR,2008,0.608,22.506,Eastern Europe,8.22,52.4
Ukraine,100,UKR,2009,0.604,21.584,Eastern Europe,8,52.11
Ukraine,100,UKR,2010,0.484,21.71,Eastern Europe,8,51.82
Ukraine,100,UKR,2011,0.483,22.387,Eastern Europe,8,51.52
Ukraine,100,UKR,2012,0.479,22.681,Eastern Europe,9.44,51.23
Ukraine,100,UKR,2013,0.459,22.57,Eastern Europe,9.44,50.94
Ukraine,100,UKR,2014,0.417,21.84,Eastern Europe,11.67,50.65
Ukraine,100,UKR,2015,0.42,20.793,Eastern Europe,12.09,50.36
Ukraine,100,UKR,2016,0.433,20.772,Eastern Europe,12.02,50.07
Ukraine,100,UKR,2017,0.43,21.325,Eastern Europe,12.29,49.78
Ukraine,100,UKR,2018,0.43,21.835,Eastern Europe,12.29,49.5
Ukraine,100,UKR,2019,0.528,22.043,Eastern Europe,20.52,49.21
Ukraine,100,UKR,2020,0.552,NA,Eastern Europe,20.8,48.1
Ukraine,100,UKR,2021,0.537,NA,Eastern Europe,20.8,47.74
Ukraine,100,UKR,2022,0.392,NA,Eastern Europe,20.33,NA
Ukraine,100,UKR,2023,0.39,NA,Eastern Europe,20.43,NA
Ukraine,100,UKR,2024,0.387,NA,Eastern Europe,21.09,NA
Ukraine,100,UKR,2025,0.386,NA,Eastern Europe,21.2,NA
United Kingdom,101,GBR,1990,0.816,63.541,The West,NA,52
United Kingdom,101,GBR,1991,0.816,63.307,The West,NA,51.84
United Kingdom,101,GBR,1992,0.815,63.71,The West,NA,51.83
United Kingdom,101,GBR,1993,0.814,64.921,The West,NA,51.9
United Kingdom,101,GBR,1994,0.814,66.706,The West,NA,51.9
United Kingdom,101,GBR,1995,0.814,68.46,The West,NA,51.86
United Kingdom,101,GBR,1996,0.814,70.416,The West,NA,52.28
United Kingdom,101,GBR,1997,0.811,72.639,The West,18.21,52.68
United Kingdom,101,GBR,1998,0.814,74.833,The West,18.21,52.72
United Kingdom,101,GBR,1999,0.835,77.078,The West,18.36,53.26
United Kingdom,101,GBR,2000,0.848,79.208,The West,18.36,53.66
United Kingdom,101,GBR,2001,0.856,81.13,The West,17.91,53.53
United Kingdom,101,GBR,2002,0.857,82.638,The West,17.91,54.15
United Kingdom,101,GBR,2003,0.857,84.118,The West,17.91,54.11
United Kingdom,101,GBR,2004,0.857,85.7,The West,18.06,54.53
United Kingdom,101,GBR,2005,0.863,87.393,The West,19.66,54.86
United Kingdom,101,GBR,2006,0.87,88.454,The West,19.66,55.38
United Kingdom,101,GBR,2007,0.87,88.866,The West,19.5,55.15
United Kingdom,101,GBR,2008,0.87,87.878,The West,19.5,55.45
United Kingdom,101,GBR,2009,0.87,85.737,The West,19.5,55.6
United Kingdom,101,GBR,2010,0.866,85.428,The West,22,55.53
United Kingdom,101,GBR,2011,0.865,85.723,The West,22.31,55.67
United Kingdom,101,GBR,2012,0.868,86.251,The West,22.46,55.93
United Kingdom,101,GBR,2013,0.864,87.336,The West,22.46,56.26
United Kingdom,101,GBR,2014,0.861,88.033,The West,22.62,56.52
United Kingdom,101,GBR,2015,0.855,87.542,The West,29.38,56.72
United Kingdom,101,GBR,2016,0.854,90.592,The West,29.58,57.07
United Kingdom,101,GBR,2017,0.865,93.761,The West,32,57.27
United Kingdom,101,GBR,2018,0.875,95.499,The West,32.15,57.52
United Kingdom,101,GBR,2019,0.854,96.727,The West,32,58.04
United Kingdom,101,GBR,2020,0.871,NA,The West,33.85,58.28
United Kingdom,101,GBR,2021,0.857,NA,The West,34.26,58.02
United Kingdom,101,GBR,2022,0.844,NA,The West,34.57,57.7
United Kingdom,101,GBR,2023,0.852,NA,The West,34.62,57.38
United Kingdom,101,GBR,2024,0.832,NA,The West,40.46,57.49
United Kingdom,101,GBR,2025,0.772,NA,The West,40.46,57.33
Uruguay,102,URY,1990,0.836,25.067,Latin America,NA,42.57
Uruguay,102,URY,1991,0.837,25.854,Latin America,NA,43.44
Uruguay,102,URY,1992,0.837,27.195,Latin America,NA,44.44
Uruguay,102,URY,1993,0.837,28.31,Latin America,NA,43.42
Uruguay,102,URY,1994,0.838,29.558,Latin America,NA,45
Uruguay,102,URY,1995,0.871,30.065,Latin America,NA,46.26
Uruguay,102,URY,1996,0.871,31.068,Latin America,NA,47.07
Uruguay,102,URY,1997,0.871,32.144,Latin America,7.07,48.16
Uruguay,102,URY,1998,0.877,32.724,Latin America,7.07,49.26
Uruguay,102,URY,1999,0.875,32.235,Latin America,12.12,48.43
Uruguay,102,URY,2000,0.873,31.379,Latin America,12.12,48.99
Uruguay,102,URY,2001,0.873,30.166,Latin America,12.12,51.23
Uruguay,102,URY,2002,0.873,28.679,Latin America,12.12,49.6
Uruguay,102,URY,2003,0.873,28.361,Latin America,12.12,49.31
Uruguay,102,URY,2004,0.874,29.04,Latin America,12.12,49.09
Uruguay,102,URY,2005,0.89,30.414,Latin America,11.11,49.87
Uruguay,102,URY,2006,0.892,31.927,Latin America,11.11,51.62
Uruguay,102,URY,2007,0.892,33.779,Latin America,12.12,53.47
Uruguay,102,URY,2008,0.892,35.961,Latin America,12.12,54.44
Uruguay,102,URY,2009,0.894,38.017,Latin America,14.14,55.16
Uruguay,102,URY,2010,0.912,40.624,Latin America,15.15,54.91
Uruguay,102,URY,2011,0.912,42.792,Latin America,12.12,56.84
Uruguay,102,URY,2012,0.912,44.515,Latin America,12.12,56.49
Uruguay,102,URY,2013,0.91,45.96,Latin America,12.12,55.33
Uruguay,102,URY,2014,0.909,46.729,Latin America,13.13,56.9
Uruguay,102,URY,2015,0.897,46.283,Latin America,16.16,56.3
Uruguay,102,URY,2016,0.897,46.47,Latin America,16.16,56.34
Uruguay,102,URY,2017,0.89,47.239,Latin America,20.2,56.06
Uruguay,102,URY,2018,0.896,47.698,Latin America,20.2,55.95
Uruguay,102,URY,2019,0.896,47.918,Latin America,19.19,56
Uruguay,102,URY,2020,0.867,NA,Latin America,21.21,54.23
Uruguay,102,URY,2021,0.852,NA,Latin America,24.24,56.03
Uruguay,102,URY,2022,0.818,NA,Latin America,25.25,55.66
Uruguay,102,URY,2023,0.833,NA,Latin America,26.26,56.52
Uruguay,102,URY,2024,0.846,NA,Latin America,28.28,57.26
Uruguay,102,URY,2025,0.862,NA,Latin America,31.31,57.26
Algeria,103,DZA,1990,0.35,17.418,Middle East,NA,11.7
Algeria,103,DZA,1991,0.35,16.865,Middle East,NA,11.67
Algeria,103,DZA,1992,0.188,16.572,Middle East,NA,11.66
Algeria,103,DZA,1993,0.173,16.178,Middle East,NA,11.57
Algeria,103,DZA,1994,0.179,15.935,Middle East,NA,11.54
Algeria,103,DZA,1995,0.186,16.063,Middle East,NA,11.62
Algeria,103,DZA,1996,0.332,16.365,Middle East,NA,11.74
Algeria,103,DZA,1997,0.319,16.559,Middle East,3.16,11.76
Algeria,103,DZA,1998,0.312,17.056,Middle East,3.16,11.82
Algeria,103,DZA,1999,0.328,17.625,Middle East,3.16,11.91
Algeria,103,DZA,2000,0.326,18.37,Middle East,3.42,12.03
Algeria,103,DZA,2001,0.326,18.994,Middle East,3.42,12.16
Algeria,103,DZA,2002,0.326,19.816,Middle East,6.17,12.32
Algeria,103,DZA,2003,0.331,20.862,Middle East,6.17,12.5
Algeria,103,DZA,2004,0.333,21.863,Middle East,6.17,12.71
Algeria,103,DZA,2005,0.335,22.98,Middle East,6.17,12.95
Algeria,103,DZA,2006,0.335,23.75,Middle East,6.17,13.22
Algeria,103,DZA,2007,0.334,24.352,Middle East,7.71,13.53
Algeria,103,DZA,2008,0.329,24.841,Middle East,7.71,13.86
Algeria,103,DZA,2009,0.327,25.06,Middle East,7.71,14.23
Algeria,103,DZA,2010,0.322,25.703,Middle East,7.71,14.42
Algeria,103,DZA,2011,0.322,26.23,Middle East,7.97,14.61
Algeria,103,DZA,2012,0.324,26.531,Middle East,31.6,14.82
Algeria,103,DZA,2013,0.327,26.609,Middle East,31.6,15.04
Algeria,103,DZA,2014,0.324,26.638,Middle East,31.6,15.26
Algeria,103,DZA,2015,0.331,26.428,Middle East,31.6,15.26
Algeria,103,DZA,2016,0.308,26.284,Middle East,31.6,15.03
Algeria,103,DZA,2017,0.309,25.648,Middle East,25.76,14.92
Algeria,103,DZA,2018,0.305,25.109,Middle East,25.76,14.8
Algeria,103,DZA,2019,0.293,24.322,Middle East,25.76,14.68
Algeria,103,DZA,2020,0.279,NA,Middle East,25.76,13.21
Algeria,103,DZA,2021,0.282,NA,Middle East,8.11,13.43
Algeria,103,DZA,2022,0.269,NA,Middle East,8.11,14.33
Algeria,103,DZA,2023,0.265,NA,Middle East,7.86,14.34
Algeria,103,DZA,2024,0.26,NA,Middle East,7.86,14.31
Algeria,103,DZA,2025,0.265,NA,Middle East,7.86,14.14
Angola,104,AGO,1990,0.075,5.506,Africa,NA,75.6
Angola,104,AGO,1991,0.083,5.362,Africa,NA,75.56
Angola,104,AGO,1992,0.146,5.077,Africa,NA,75.51
Angola,104,AGO,1993,0.155,4.52,Africa,NA,75.47
Angola,104,AGO,1994,0.155,4.383,Africa,NA,75.44
Angola,104,AGO,1995,0.155,4.492,Africa,NA,75.43
Angola,104,AGO,1996,0.155,4.824,Africa,NA,75.42
Angola,104,AGO,1997,0.155,5.04,Africa,9.55,75.43
Angola,104,AGO,1998,0.155,5.199,Africa,15.45,75.45
Angola,104,AGO,1999,0.155,5.243,Africa,15.45,75.47
Angola,104,AGO,2000,0.155,5.323,Africa,15.45,75.5
Angola,104,AGO,2001,0.155,5.567,Africa,15.45,75.52
Angola,104,AGO,2002,0.159,6.007,Africa,15.45,75.55
Angola,104,AGO,2003,0.166,6.403,Africa,15.45,75.57
Angola,104,AGO,2004,0.165,7.094,Africa,15,75.6
Angola,104,AGO,2005,0.168,8.16,Africa,15,75.61
Angola,104,AGO,2006,0.168,9.439,Africa,15,75.63
Angola,104,AGO,2007,0.168,10.732,Africa,15,75.63
Angola,104,AGO,2008,0.181,11.779,Africa,37.27,75.63
Angola,104,AGO,2009,0.209,12.157,Africa,38.64,75.63
Angola,104,AGO,2010,0.211,12.758,Africa,38.64,75.62
Angola,104,AGO,2011,0.295,13.422,Africa,38.18,74.86
Angola,104,AGO,2012,0.294,13.895,Africa,34.09,74.63
Angola,104,AGO,2013,0.29,14.214,Africa,34.09,74.4
Angola,104,AGO,2014,0.29,14.254,Africa,36.82,74.17
Angola,104,AGO,2015,0.29,13.869,Africa,36.82,73.93
Angola,104,AGO,2016,0.29,13.223,Africa,36.82,73.7
Angola,104,AGO,2017,0.307,12.377,Africa,30.45,73.46
Angola,104,AGO,2018,0.35,11.632,Africa,30.45,73.22
Angola,104,AGO,2019,0.347,10.867,Africa,30,72.98
Angola,104,AGO,2020,0.336,NA,Africa,30,71.34
Angola,104,AGO,2021,0.325,NA,Africa,29.55,74.69
Angola,104,AGO,2022,0.326,NA,Africa,33.64,74.02
Angola,104,AGO,2023,0.329,NA,Africa,33.64,72.32
Angola,104,AGO,2024,0.342,NA,Africa,39.55,72.36
Angola,104,AGO,2025,0.344,NA,Africa,39.09,72.22
Armenia,105,ARM,1990,0.565,NA,Eastern Europe,NA,57.6
Armenia,105,ARM,1991,0.608,10.903,Eastern Europe,NA,57.54
Armenia,105,ARM,1992,0.611,8.7,Eastern Europe,NA,57.28
Armenia,105,ARM,1993,0.597,7.891,Eastern Europe,NA,56.81
Armenia,105,ARM,1994,0.584,7.875,Eastern Europe,NA,56.26
Armenia,105,ARM,1995,0.489,8.233,Eastern Europe,NA,55.72
Armenia,105,ARM,1996,0.419,8.652,Eastern Europe,NA,55.24
Armenia,105,ARM,1997,0.392,9.01,Eastern Europe,6.32,54.82
Armenia,105,ARM,1998,0.404,9.397,Eastern Europe,6.32,54.56
Armenia,105,ARM,1999,0.413,9.816,Eastern Europe,3.05,54.48
Armenia,105,ARM,2000,0.416,10.329,Eastern Europe,3.05,54.46
Armenia,105,ARM,2001,0.415,11.033,Eastern Europe,3.05,54.32
Armenia,105,ARM,2002,0.405,11.663,Eastern Europe,3.05,54.03
Armenia,105,ARM,2003,0.349,12.808,Eastern Europe,4.58,53.75
Armenia,105,ARM,2004,0.34,14.085,Eastern Europe,5.34,53.52
Armenia,105,ARM,2005,0.338,15.71,Eastern Europe,5.34,53.34
Armenia,105,ARM,2006,0.338,17.539,Eastern Europe,5.34,53.24
Armenia,105,ARM,2007,0.347,19.288,Eastern Europe,9.16,53.27
Armenia,105,ARM,2008,0.317,20.224,Eastern Europe,8.4,52.96
Armenia,105,ARM,2009,0.318,19.677,Eastern Europe,9.16,54.37
Armenia,105,ARM,2010,0.331,19.948,Eastern Europe,9.16,54.4
Armenia,105,ARM,2011,0.333,20.72,Eastern Europe,8.4,54.22
Armenia,105,ARM,2012,0.353,21.69,Eastern Europe,10.69,53.93
Armenia,105,ARM,2013,0.349,22.395,Eastern Europe,10.69,53.88
Armenia,105,ARM,2014,0.342,22.983,Eastern Europe,10.69,53.84
Armenia,105,ARM,2015,0.346,23.427,Eastern Europe,10.69,53.83
Armenia,105,ARM,2016,0.348,24.011,Eastern Europe,10.69,53.88
Armenia,105,ARM,2017,0.381,25.447,Eastern Europe,18.1,53.77
Armenia,105,ARM,2018,0.524,26.626,Eastern Europe,18.1,53.63
Armenia,105,ARM,2019,0.796,27.448,Eastern Europe,23.48,50.8
Armenia,105,ARM,2020,0.781,NA,Eastern Europe,23.48,54.32
Armenia,105,ARM,2021,0.724,NA,Eastern Europe,33.64,55.12
Armenia,105,ARM,2022,0.654,NA,Eastern Europe,35.51,50.24
Armenia,105,ARM,2023,0.631,NA,Eastern Europe,35.51,51.52
Armenia,105,ARM,2024,0.625,NA,Eastern Europe,36.45,51.59
Armenia,105,ARM,2025,0.614,NA,Eastern Europe,38.32,51.06
Azerbaijan,106,AZE,1990,0.172,18.9,Eastern Europe,NA,64.26
Azerbaijan,106,AZE,1991,0.186,17.327,Eastern Europe,NA,64.49
Azerbaijan,106,AZE,1992,0.367,13.954,Eastern Europe,NA,66.84
Azerbaijan,106,AZE,1993,0.306,10.837,Eastern Europe,NA,69.97
Azerbaijan,106,AZE,1994,0.249,8.703,Eastern Europe,NA,73.09
Azerbaijan,106,AZE,1995,0.247,7.441,Eastern Europe,NA,75.16
Azerbaijan,106,AZE,1996,0.235,7.125,Eastern Europe,NA,75.29
Azerbaijan,106,AZE,1997,0.237,7.262,Eastern Europe,12,74.9
Azerbaijan,106,AZE,1998,0.244,7.618,Eastern Europe,12,74.02
Azerbaijan,106,AZE,1999,0.239,8.186,Eastern Europe,12,73.43
Azerbaijan,106,AZE,2000,0.245,8.851,Eastern Europe,NA,72.2
Azerbaijan,106,AZE,2001,0.242,9.554,Eastern Europe,10.48,70.28
Azerbaijan,106,AZE,2002,0.241,10.249,Eastern Europe,10.48,68.82
Azerbaijan,106,AZE,2003,0.238,11.236,Eastern Europe,10.48,66.63
Azerbaijan,106,AZE,2004,0.221,12.751,Eastern Europe,10.48,64.22
Azerbaijan,106,AZE,2005,0.221,15.797,Eastern Europe,13.04,62.98
Azerbaijan,106,AZE,2006,0.219,20.06,Eastern Europe,11.29,61.16
Azerbaijan,106,AZE,2007,0.216,24.585,Eastern Europe,11.38,56.4
Azerbaijan,106,AZE,2008,0.212,28.017,Eastern Europe,11.38,56.43
Azerbaijan,106,AZE,2009,0.212,30.618,Eastern Europe,11.38,58.09
Azerbaijan,106,AZE,2010,0.213,32.726,Eastern Europe,16,59.79
Azerbaijan,106,AZE,2011,0.209,34.127,Eastern Europe,16,59.43
Azerbaijan,106,AZE,2012,0.206,34.837,Eastern Europe,16,59.24
Azerbaijan,106,AZE,2013,0.202,35.464,Eastern Europe,15.57,59.36
Azerbaijan,106,AZE,2014,0.195,35.607,Eastern Europe,15.57,60.24
Azerbaijan,106,AZE,2015,0.193,34.817,Eastern Europe,16.94,61.1
Azerbaijan,106,AZE,2016,0.199,33.865,Eastern Europe,16.8,62.04
Azerbaijan,106,AZE,2017,0.202,33.207,Eastern Europe,16.8,62.21
Azerbaijan,106,AZE,2018,0.192,32.896,Eastern Europe,16.8,62.63
Azerbaijan,106,AZE,2019,0.195,32.471,Eastern Europe,16.81,62.44
Azerbaijan,106,AZE,2020,0.194,NA,Eastern Europe,17.36,64.38
Azerbaijan,106,AZE,2021,0.193,NA,Eastern Europe,18.18,61.17
Azerbaijan,106,AZE,2022,0.185,NA,Eastern Europe,18.33,62.16
Azerbaijan,106,AZE,2023,0.185,NA,Eastern Europe,18.64,61.75
Azerbaijan,106,AZE,2024,0.174,NA,Eastern Europe,20.8,61.35
Azerbaijan,106,AZE,2025,0.171,NA,Eastern Europe,20.8,60.76
Belarus,107,BLR,1990,0.457,25.742,Eastern Europe,NA,53.1
Belarus,107,BLR,1991,0.489,25.182,Eastern Europe,NA,52.88
Belarus,107,BLR,1992,0.565,23.35,Eastern Europe,NA,52.79
Belarus,107,BLR,1993,0.559,21.495,Eastern Europe,NA,52.71
Belarus,107,BLR,1994,0.546,19.221,Eastern Europe,NA,52.84
Belarus,107,BLR,1995,0.501,17.944,Eastern Europe,NA,53.08
Belarus,107,BLR,1996,0.443,18.049,Eastern Europe,NA,52.86
Belarus,107,BLR,1997,0.369,19.073,Eastern Europe,NA,52.5
Belarus,107,BLR,1998,0.343,20.171,Eastern Europe,NA,52.48
Belarus,107,BLR,1999,0.332,20.979,Eastern Europe,NA,52.72
Belarus,107,BLR,2000,0.296,22.011,Eastern Europe,NA,53.47
Belarus,107,BLR,2001,0.247,22.813,Eastern Europe,10.31,54.12
Belarus,107,BLR,2002,0.243,23.532,Eastern Europe,10.31,54.58
Belarus,107,BLR,2003,0.241,24.945,Eastern Europe,10.31,54.93
Belarus,107,BLR,2004,0.24,27.095,Eastern Europe,29.36,55.18
Belarus,107,BLR,2005,0.233,29.54,Eastern Europe,29.09,55.42
Belarus,107,BLR,2006,0.225,32.33,Eastern Europe,29.09,55.72
Belarus,107,BLR,2007,0.222,35.222,Eastern Europe,29.09,56.06
Belarus,107,BLR,2008,0.224,38.188,Eastern Europe,31.82,56.49
Belarus,107,BLR,2009,0.227,39.895,Eastern Europe,31.82,56.96
Belarus,107,BLR,2010,0.226,42.234,Eastern Europe,31.82,57.41
Belarus,107,BLR,2011,0.216,44.358,Eastern Europe,31.82,57.83
Belarus,107,BLR,2012,0.221,45.618,Eastern Europe,26.61,58.16
Belarus,107,BLR,2013,0.242,46.333,Eastern Europe,26.61,58.4
Belarus,107,BLR,2014,0.243,46.525,Eastern Europe,26.61,58.57
Belarus,107,BLR,2015,0.247,45.227,Eastern Europe,27.27,58.67
Belarus,107,BLR,2016,0.256,44.581,Eastern Europe,34.55,58.75
Belarus,107,BLR,2017,0.254,45.093,Eastern Europe,34.55,58.59
Belarus,107,BLR,2018,0.252,45.877,Eastern Europe,34.55,58.08
Belarus,107,BLR,2019,0.259,46.491,Eastern Europe,40,58.28
Belarus,107,BLR,2020,0.208,NA,Eastern Europe,40,57.88
Belarus,107,BLR,2021,0.172,NA,Eastern Europe,40,58.02
Belarus,107,BLR,2022,0.171,NA,Eastern Europe,40,57.89
Belarus,107,BLR,2023,0.157,NA,Eastern Europe,40,57.42
Belarus,107,BLR,2024,0.16,NA,Eastern Europe,33.64,57.23
Belarus,107,BLR,2025,0.163,NA,Eastern Europe,33.94,56.77
Cameroon,108,CMR,1990,0.245,5.387,Africa,NA,77.58
Cameroon,108,CMR,1991,0.263,5.084,Africa,NA,77.58
Cameroon,108,CMR,1992,0.288,4.826,Africa,NA,77.58
Cameroon,108,CMR,1993,0.288,4.585,Africa,NA,77.59
Cameroon,108,CMR,1994,0.288,4.435,Africa,NA,77.61
Cameroon,108,CMR,1995,0.287,4.434,Africa,NA,77.64
Cameroon,108,CMR,1996,0.287,4.509,Africa,NA,77.68
Cameroon,108,CMR,1997,0.289,4.588,Africa,5.56,77.73
Cameroon,108,CMR,1998,0.292,4.672,Africa,5.56,77.78
Cameroon,108,CMR,1999,0.292,4.758,Africa,5.56,77.82
Cameroon,108,CMR,2000,0.304,4.83,Africa,5.56,77.86
Cameroon,108,CMR,2001,0.304,4.904,Africa,5.56,77.9
Cameroon,108,CMR,2002,0.306,4.99,Africa,8.89,77.95
Cameroon,108,CMR,2003,0.309,5.08,Africa,8.89,78
Cameroon,108,CMR,2004,0.312,5.15,Africa,8.89,78.03
Cameroon,108,CMR,2005,0.315,5.182,Africa,8.89,78.06
Cameroon,108,CMR,2006,0.315,5.224,Africa,8.89,78.08
Cameroon,108,CMR,2007,0.314,5.258,Africa,13.89,78.1
Cameroon,108,CMR,2008,0.311,5.309,Africa,13.89,75.73
Cameroon,108,CMR,2009,0.311,5.339,Africa,13.89,73.19
Cameroon,108,CMR,2010,0.314,5.389,Africa,13.89,70.48
Cameroon,108,CMR,2011,0.317,5.473,Africa,13.89,69.62
Cameroon,108,CMR,2012,0.321,5.56,Africa,13.89,68.76
Cameroon,108,CMR,2013,0.319,5.672,Africa,31.11,67.89
Cameroon,108,CMR,2014,0.326,5.794,Africa,31.11,67.01
Cameroon,108,CMR,2015,0.324,5.875,Africa,31.11,65.63
Cameroon,108,CMR,2016,0.307,5.979,Africa,31.11,64.23
Cameroon,108,CMR,2017,0.298,6.1,Africa,31.11,62.82
Cameroon,108,CMR,2018,0.293,6.165,Africa,31.11,61.42
Cameroon,108,CMR,2019,0.28,6.176,Africa,31.11,60.04
Cameroon,108,CMR,2020,0.285,NA,Africa,33.89,58.06
Cameroon,108,CMR,2021,0.282,NA,Africa,33.89,57.09
Cameroon,108,CMR,2022,0.291,NA,Africa,33.89,57.1
Cameroon,108,CMR,2023,0.279,NA,Africa,33.89,57.1
Cameroon,108,CMR,2024,0.277,NA,Africa,33.89,57.1
Cameroon,108,CMR,2025,0.26,NA,Africa,33.89,56.6
Chad,109,TCD,1990,0.125,2.208,Africa,NA,64.61
Chad,109,TCD,1991,0.168,2.236,Africa,NA,64.62
Chad,109,TCD,1992,0.173,2.223,Africa,NA,64.67
Chad,109,TCD,1993,0.173,2.142,Africa,NA,64.47
Chad,109,TCD,1994,0.173,2.144,Africa,NA,63.88
Chad,109,TCD,1995,0.173,2.126,Africa,NA,63.28
Chad,109,TCD,1996,0.221,2.121,Africa,NA,62.67
Chad,109,TCD,1997,0.278,2.147,Africa,2.4,62.06
Chad,109,TCD,1998,0.279,2.175,Africa,2.4,61.44
Chad,109,TCD,1999,0.279,2.155,Africa,2.4,60.82
Chad,109,TCD,2000,0.279,2.149,Africa,2.4,60.2
Chad,109,TCD,2001,0.276,2.251,Africa,2.4,59.57
Chad,109,TCD,2002,0.273,2.398,Africa,NA,58.94
Chad,109,TCD,2003,0.273,2.66,Africa,5.81,58.3
Chad,109,TCD,2004,0.278,3.1,Africa,6.45,57.66
Chad,109,TCD,2005,0.274,3.39,Africa,6.45,57.02
Chad,109,TCD,2006,0.277,3.487,Africa,6.45,56.38
Chad,109,TCD,2007,0.274,3.617,Africa,5.16,55.73
Chad,109,TCD,2008,0.277,3.692,Africa,5.16,55.08
Chad,109,TCD,2009,0.278,3.795,Africa,5.16,54.43
Chad,109,TCD,2010,0.279,4.025,Africa,5.16,53.77
Chad,109,TCD,2011,0.281,4.089,Africa,12.77,53.12
Chad,109,TCD,2012,0.28,4.263,Africa,14.89,52.46
Chad,109,TCD,2013,0.277,4.43,Africa,14.89,51.8
Chad,109,TCD,2014,0.274,4.654,Africa,14.89,51.14
Chad,109,TCD,2015,0.279,4.647,Africa,14.89,50.48
Chad,109,TCD,2016,0.28,4.398,Africa,14.89,49.82
Chad,109,TCD,2017,0.265,4.09,Africa,12.77,49.16
Chad,109,TCD,2018,0.267,3.939,Africa,15.25,48.5
Chad,109,TCD,2019,0.27,3.822,Africa,14.88,48.53
Chad,109,TCD,2020,0.268,NA,Africa,15.43,48.07
Chad,109,TCD,2021,0.177,NA,Africa,32.26,48.12
Chad,109,TCD,2022,0.145,NA,Africa,25.89,47.93
Chad,109,TCD,2023,0.148,NA,Africa,25.89,47.82
Chad,109,TCD,2024,0.202,NA,Africa,26.11,47.55
Chad,109,TCD,2025,0.242,NA,Africa,33.51,47.3
China,110,CHN,1990,0.093,6.337,Asia,NA,73.09
China,110,CHN,1991,0.094,6.528,Asia,NA,72.6
China,110,CHN,1992,0.096,6.964,Asia,NA,72.1
China,110,CHN,1993,0.101,7.534,Asia,NA,71.59
China,110,CHN,1994,0.102,8.13,Asia,NA,71.08
China,110,CHN,1995,0.102,8.734,Asia,NA,70.56
China,110,CHN,1996,0.102,9.288,Asia,NA,70.04
China,110,CHN,1997,0.102,9.739,Asia,NA,69.52
China,110,CHN,1998,0.102,10.119,Asia,21.82,68.99
China,110,CHN,1999,0.102,10.619,Asia,21.82,68.45
China,110,CHN,2000,0.1,11.271,Asia,21.78,67.91
China,110,CHN,2001,0.102,11.995,Asia,21.78,67.5
China,110,CHN,2002,0.102,12.826,Asia,21.78,67.09
China,110,CHN,2003,0.103,13.725,Asia,20.23,66.67
China,110,CHN,2004,0.102,14.782,Asia,20.23,66.25
China,110,CHN,2005,0.094,16.071,Asia,20.27,65.83
China,110,CHN,2006,0.094,17.506,Asia,20.27,65.4
China,110,CHN,2007,0.095,19.022,Asia,20.62,64.97
China,110,CHN,2008,0.095,20.448,Asia,21.33,64.54
China,110,CHN,2009,0.094,22.062,Asia,21.33,64.11
China,110,CHN,2010,0.094,23.845,Asia,21.33,63.67
China,110,CHN,2011,0.094,25.498,Asia,21.32,63.66
China,110,CHN,2012,0.094,26.977,Asia,21.32,63.33
China,110,CHN,2013,0.086,28.374,Asia,23.4,63.02
China,110,CHN,2014,0.084,29.643,Asia,23.4,62.83
China,110,CHN,2015,0.082,30.492,Asia,23.62,62.6
China,110,CHN,2016,0.08,31.609,Asia,23.62,62.33
China,110,CHN,2017,0.078,32.9,Asia,24.25,61.96
China,110,CHN,2018,0.076,34.11,Asia,24.9,61.58
China,110,CHN,2019,0.075,35.272,Asia,24.94,61.3
China,110,CHN,2020,0.075,NA,Asia,24.94,59.71
China,110,CHN,2021,0.077,NA,Asia,24.94,61.18
China,110,CHN,2022,0.075,NA,Asia,24.94,60.1
China,110,CHN,2023,0.074,NA,Asia,26.54,60.22
China,110,CHN,2024,0.073,NA,Asia,26.54,59.45
China,110,CHN,2025,0.072,NA,Asia,26.54,59.15
Democratic Republic of the Congo,111,COD,1990,0.177,2.636,Africa,NA,71.84
Democratic Republic of the Congo,111,COD,1991,0.198,2.383,Africa,NA,71.82
Democratic Republic of the Congo,111,COD,1992,0.2,2.158,Africa,NA,71.8
Democratic Republic of the Congo,111,COD,1993,0.168,1.896,Africa,NA,71.8
Democratic Republic of the Congo,111,COD,1994,0.17,1.709,Africa,NA,71.93
Democratic Republic of the Congo,111,COD,1995,0.17,1.616,Africa,NA,71.97
Democratic Republic of the Congo,111,COD,1996,0.17,1.527,Africa,NA,71.71
Democratic Republic of the Congo,111,COD,1997,0.126,1.438,Africa,NA,71.45
Democratic Republic of the Congo,111,COD,1998,0.149,1.353,Africa,NA,71.36
Democratic Republic of the Congo,111,COD,1999,0.149,1.277,Africa,NA,71.37
Democratic Republic of the Congo,111,COD,2000,0.15,1.202,Africa,NA,71.35
Democratic Republic of the Congo,111,COD,2001,0.156,1.154,Africa,NA,71.34
Democratic Republic of the Congo,111,COD,2002,0.163,1.148,Africa,NA,71.32
Democratic Republic of the Congo,111,COD,2003,0.18,1.171,Africa,NA,71.3
Democratic Republic of the Congo,111,COD,2004,0.187,1.21,Africa,12,71.28
Democratic Republic of the Congo,111,COD,2005,0.197,1.254,Africa,12,71.28
Democratic Republic of the Congo,111,COD,2006,0.251,1.294,Africa,8.4,70.09
Democratic Republic of the Congo,111,COD,2007,0.355,1.337,Africa,8.4,68.88
Democratic Republic of the Congo,111,COD,2008,0.357,1.378,Africa,8.4,67.64
Democratic Republic of the Congo,111,COD,2009,0.36,1.414,Africa,8.4,66.38
Democratic Republic of the Congo,111,COD,2010,0.352,1.465,Africa,8.4,65.1
Democratic Republic of the Congo,111,COD,2011,0.347,1.524,Africa,NA,63.79
Democratic Republic of the Congo,111,COD,2012,0.321,1.584,Africa,8.94,62.46
Democratic Republic of the Congo,111,COD,2013,0.319,1.658,Africa,8.94,62.26
Democratic Republic of the Congo,111,COD,2014,0.318,1.731,Africa,10.64,62.05
Democratic Republic of the Congo,111,COD,2015,0.316,1.767,Africa,8.94,61.84
Democratic Republic of the Congo,111,COD,2016,0.305,1.787,Africa,8.94,61.66
Democratic Republic of the Congo,111,COD,2017,0.304,1.816,Africa,8.94,61.49
Democratic Republic of the Congo,111,COD,2018,0.306,1.842,Africa,8.94,61.28
Democratic Republic of the Congo,111,COD,2019,0.344,1.849,Africa,10,61.04
Democratic Republic of the Congo,111,COD,2020,0.347,NA,Africa,12.8,60.26
Democratic Republic of the Congo,111,COD,2021,0.342,NA,Africa,12.8,60.48
Democratic Republic of the Congo,111,COD,2022,0.336,NA,Africa,12.8,61.43
Democratic Republic of the Congo,111,COD,2023,0.333,NA,Africa,12.8,61.72
Democratic Republic of the Congo,111,COD,2024,0.308,NA,Africa,13,61.89
Democratic Republic of the Congo,111,COD,2025,0.306,NA,Africa,12.8,61.85
Republic of the Congo,112,COG,1990,0.157,7.896,Africa,NA,65.76
Republic of the Congo,112,COG,1991,0.255,7.783,Africa,NA,65.82
Republic of the Congo,112,COG,1992,0.337,7.655,Africa,NA,65.88
Republic of the Congo,112,COG,1993,0.467,7.31,Africa,NA,65.95
Republic of the Congo,112,COG,1994,0.45,6.91,Africa,NA,66
Republic of the Congo,112,COG,1995,0.45,6.85,Africa,NA,66.04
Republic of the Congo,112,COG,1996,0.45,6.93,Africa,NA,66.08
Republic of the Congo,112,COG,1997,0.243,6.804,Africa,NA,66.05
Republic of the Congo,112,COG,1998,0.165,6.728,Africa,12,66.04
Republic of the Congo,112,COG,1999,0.165,6.873,Africa,12,66.12
Republic of the Congo,112,COG,2000,0.163,7.286,Africa,12,66.34
Republic of the Congo,112,COG,2001,0.16,7.414,Africa,12,66.54
Republic of the Congo,112,COG,2002,0.208,7.552,Africa,NA,66.54
Republic of the Congo,112,COG,2003,0.257,7.655,Africa,8.53,66.6
Republic of the Congo,112,COG,2004,0.257,7.946,Africa,8.53,66.71
Republic of the Congo,112,COG,2005,0.257,8.37,Africa,8.53,66.82
Republic of the Congo,112,COG,2006,0.257,8.602,Africa,8.53,66.92
Republic of the Congo,112,COG,2007,0.254,8.442,Africa,7.3,67
Republic of the Congo,112,COG,2008,0.252,8.7,Africa,7.3,67
Republic of the Congo,112,COG,2009,0.255,9.033,Africa,7.3,67.06
Republic of the Congo,112,COG,2010,0.255,9.693,Africa,7.3,67.09
Republic of the Congo,112,COG,2011,0.255,10.076,Africa,7.3,67.01
Republic of the Congo,112,COG,2012,0.254,10.223,Africa,7.35,66.89
Republic of the Congo,112,COG,2013,0.249,10.156,Africa,7.35,66.74
Republic of the Congo,112,COG,2014,0.249,9.982,Africa,7.35,66.62
Republic of the Congo,112,COG,2015,0.249,9.483,Africa,7.35,66.53
Republic of the Congo,112,COG,2016,0.247,8.831,Africa,7.35,66.47
Republic of the Congo,112,COG,2017,0.252,8.224,Africa,11.26,66.46
Republic of the Congo,112,COG,2018,0.258,7.688,Africa,11.26,66.47
Republic of the Congo,112,COG,2019,0.25,7.09,Africa,11.26,66.51
Republic of the Congo,112,COG,2020,0.257,NA,Africa,11.26,63.28
Republic of the Congo,112,COG,2021,0.254,NA,Africa,11.26,64.02
Republic of the Congo,112,COG,2022,0.243,NA,Africa,14.57,65.72
Republic of the Congo,112,COG,2023,0.253,NA,Africa,14.57,65.64
Republic of the Congo,112,COG,2024,0.255,NA,Africa,14.57,65.6
Republic of the Congo,112,COG,2025,0.243,NA,Africa,14.57,65.58
Djibouti,113,DJI,1990,0.18,5.983,Africa,NA,15.38
Djibouti,113,DJI,1991,0.178,5.662,Africa,NA,15.42
Djibouti,113,DJI,1992,0.226,5.739,Africa,NA,15.47
Djibouti,113,DJI,1993,0.24,5.911,Africa,NA,15.53
Djibouti,113,DJI,1994,0.24,5.756,Africa,NA,15.58
Djibouti,113,DJI,1995,0.24,5.727,Africa,NA,15.64
Djibouti,113,DJI,1996,0.24,5.537,Africa,NA,15.72
Djibouti,113,DJI,1997,0.24,5.456,Africa,NA,15.87
Djibouti,113,DJI,1998,0.245,5.349,Africa,0,16.05
Djibouti,113,DJI,1999,0.246,5.299,Africa,0,16.19
Djibouti,113,DJI,2000,0.251,5.211,Africa,0,16.3
Djibouti,113,DJI,2001,0.253,5.145,Africa,0,16.41
Djibouti,113,DJI,2002,0.268,5.153,Africa,0,16.5
Djibouti,113,DJI,2003,0.262,5.338,Africa,10.77,16.54
Djibouti,113,DJI,2004,0.264,5.595,Africa,10.77,16.55
Djibouti,113,DJI,2005,0.25,5.828,Africa,10.77,16.58
Djibouti,113,DJI,2006,0.247,6.098,Africa,10.77,16.66
Djibouti,113,DJI,2007,0.247,6.277,Africa,13.85,16.77
Djibouti,113,DJI,2008,0.242,6.432,Africa,13.85,16.89
Djibouti,113,DJI,2009,0.244,6.491,Africa,13.85,17.01
Djibouti,113,DJI,2010,0.242,6.557,Africa,13.85,17.12
Djibouti,113,DJI,2011,0.246,6.8,Africa,13.85,17.24
Djibouti,113,DJI,2012,0.247,7.156,Africa,13.85,17.36
Djibouti,113,DJI,2013,0.244,7.702,Africa,12.73,17.48
Djibouti,113,DJI,2014,0.245,8.188,Africa,12.73,17.63
Djibouti,113,DJI,2015,0.245,8.625,Africa,12.73,17.78
Djibouti,113,DJI,2016,0.243,9.135,Africa,12.73,17.96
Djibouti,113,DJI,2017,0.243,9.911,Africa,10.77,18.15
Djibouti,113,DJI,2018,0.25,10.705,Africa,26.15,18.34
Djibouti,113,DJI,2019,0.251,11.417,Africa,26.15,18.53
Djibouti,113,DJI,2020,0.25,NA,Africa,26.15,18.26
Djibouti,113,DJI,2021,0.251,NA,Africa,26.15,18.54
Djibouti,113,DJI,2022,0.25,NA,Africa,26.15,18.68
Djibouti,113,DJI,2023,0.25,NA,Africa,26.15,18.94
Djibouti,113,DJI,2024,0.25,NA,Africa,26.15,19.24
Djibouti,113,DJI,2025,0.25,NA,Africa,26.15,19.36
Dominican Republic,114,DOM,1990,0.46,11.218,Latin America,NA,35.38
Dominican Republic,114,DOM,1991,0.43,11.386,Latin America,NA,35.41
Dominican Republic,114,DOM,1992,0.43,11.905,Latin America,NA,36.19
Dominican Republic,114,DOM,1993,0.43,12.512,Latin America,NA,36.7
Dominican Republic,114,DOM,1994,0.432,12.952,Latin America,NA,36.86
Dominican Republic,114,DOM,1995,0.444,13.451,Latin America,NA,37.27
Dominican Republic,114,DOM,1996,0.544,14.115,Latin America,NA,37.7
Dominican Republic,114,DOM,1997,0.619,14.951,Latin America,11.67,38.36
Dominican Republic,114,DOM,1998,0.639,15.766,Latin America,16.11,38.89
Dominican Republic,114,DOM,1999,0.647,16.513,Latin America,16.11,39.36
Dominican Republic,114,DOM,2000,0.665,17.113,Latin America,16.11,39.73
Dominican Republic,114,DOM,2001,0.673,17.538,Latin America,16.11,38.36
Dominican Republic,114,DOM,2002,0.672,17.84,Latin America,17.33,40.04
Dominican Republic,114,DOM,2003,0.671,17.805,Latin America,17.33,39.18
Dominican Republic,114,DOM,2004,0.659,18.23,Latin America,17.33,39.17
Dominican Republic,114,DOM,2005,0.651,19.379,Latin America,17.33,39.79
Dominican Republic,114,DOM,2006,0.644,20.691,Latin America,19.66,40.6
Dominican Republic,114,DOM,2007,0.636,21.894,Latin America,19.66,40.28
Dominican Republic,114,DOM,2008,0.638,22.672,Latin America,19.66,41.85
Dominican Republic,114,DOM,2009,0.639,23.352,Latin America,19.66,38.94
Dominican Republic,114,DOM,2010,0.625,24.341,Latin America,20.77,41.67
Dominican Republic,114,DOM,2011,0.623,25.009,Latin America,20.77,43.66
Dominican Republic,114,DOM,2012,0.612,25.603,Latin America,20.77,45.21
Dominican Republic,114,DOM,2013,0.6,26.428,Latin America,20.77,45.09
Dominican Republic,114,DOM,2014,0.6,27.576,Latin America,20.77,45.37
Dominican Republic,114,DOM,2015,0.59,28.702,Latin America,20.77,48.16
Dominican Republic,114,DOM,2016,0.571,29.957,Latin America,26.84,48.82
Dominican Republic,114,DOM,2017,0.559,31.241,Latin America,26.84,49.01
Dominican Republic,114,DOM,2018,0.573,32.298,Latin America,26.84,50.28
Dominican Republic,114,DOM,2019,0.569,32.642,Latin America,26.84,52.54
Dominican Republic,114,DOM,2020,0.656,NA,Latin America,27.89,47.41
Dominican Republic,114,DOM,2021,0.694,NA,Latin America,27.89,51.06
Dominican Republic,114,DOM,2022,0.692,NA,Latin America,27.89,50.48
Dominican Republic,114,DOM,2023,0.692,NA,Latin America,27.89,52.48
Dominican Republic,114,DOM,2024,0.71,NA,Latin America,36.84,53.27
Dominican Republic,114,DOM,2025,0.735,NA,Latin America,37.37,53.66
Eritrea,115,ERI,1990,0.076,3.183,Africa,NA,74.44
Eritrea,115,ERI,1991,0.083,3.184,Africa,NA,74.38
Eritrea,115,ERI,1992,0.095,3.201,Africa,NA,74.3
Eritrea,115,ERI,1993,0.099,3.342,Africa,NA,74.27
Eritrea,115,ERI,1994,0.102,3.575,Africa,NA,74.24
Eritrea,115,ERI,1995,0.102,3.794,Africa,NA,74.27
Eritrea,115,ERI,1996,0.102,4.013,Africa,NA,74.31
Eritrea,115,ERI,1997,0.131,4.2,Africa,20.95,74.27
Eritrea,115,ERI,1998,0.122,4.314,Africa,20.95,74.21
Eritrea,115,ERI,1999,0.122,4.341,Africa,14.67,74.15
Eritrea,115,ERI,2000,0.12,4.326,Africa,14.67,74.09
Eritrea,115,ERI,2001,0.103,4.319,Africa,14.67,74.07
Eritrea,115,ERI,2002,0.084,4.269,Africa,22,74.06
Eritrea,115,ERI,2003,0.067,4.184,Africa,22,74.07
Eritrea,115,ERI,2004,0.067,4.118,Africa,22,74.08
Eritrea,115,ERI,2005,0.067,4.035,Africa,22,74.06
Eritrea,115,ERI,2006,0.067,3.966,Africa,22,74.02
Eritrea,115,ERI,2007,0.067,3.893,Africa,22,73.96
Eritrea,115,ERI,2008,0.067,3.831,Africa,22,73.9
Eritrea,115,ERI,2009,0.068,3.847,Africa,22,73.84
Eritrea,115,ERI,2010,0.068,3.876,Africa,22,73.78
Eritrea,115,ERI,2011,0.068,3.935,Africa,22,73.72
Eritrea,115,ERI,2012,0.067,3.945,Africa,22,73.63
Eritrea,115,ERI,2013,0.07,3.958,Africa,22,73.56
Eritrea,115,ERI,2014,0.07,3.972,Africa,22,73.47
Eritrea,115,ERI,2015,0.069,3.974,Africa,22,73.37
Eritrea,115,ERI,2016,0.069,3.989,Africa,22,73.27
Eritrea,115,ERI,2017,0.069,4.002,Africa,22,73.16
Eritrea,115,ERI,2018,0.068,4.011,Africa,22,73.04
Eritrea,115,ERI,2019,0.07,4.021,Africa,22,72.93
Eritrea,115,ERI,2020,0.069,NA,Africa,NA,71.99
Eritrea,115,ERI,2021,0.071,NA,Africa,NA,72.62
Eritrea,115,ERI,2022,0.071,NA,Africa,NA,72.85
Eritrea,115,ERI,2023,0.068,NA,Africa,NA,72.86
Eritrea,115,ERI,2024,0.069,NA,Africa,NA,72.85
Eritrea,115,ERI,2025,0.069,NA,Africa,NA,72.84
Gabon,116,GAB,1990,0.218,23.955,Africa,NA,37.41
Gabon,116,GAB,1991,0.308,24.388,Africa,NA,37.39
Gabon,116,GAB,1992,0.327,24.513,Africa,NA,37.36
Gabon,116,GAB,1993,0.325,24.442,Africa,NA,37.36
Gabon,116,GAB,1994,0.329,24.557,Africa,NA,37.38
Gabon,116,GAB,1995,0.329,25.054,Africa,NA,37.42
Gabon,116,GAB,1996,0.329,25.499,Africa,NA,37.48
Gabon,116,GAB,1997,0.338,25.39,Africa,8.33,37.57
Gabon,116,GAB,1998,0.338,24.992,Africa,8.33,37.66
Gabon,116,GAB,1999,0.338,24.316,Africa,8.33,37.75
Gabon,116,GAB,2000,0.337,24.173,Africa,9.17,37.86
Gabon,116,GAB,2001,0.342,23.932,Africa,9.17,37.99
Gabon,116,GAB,2002,0.344,23.911,Africa,9.24,38.14
Gabon,116,GAB,2003,0.344,24.385,Africa,9.24,38.31
Gabon,116,GAB,2004,0.344,25.061,Africa,9.24,38.5
Gabon,116,GAB,2005,0.346,25.783,Africa,9.24,38.71
Gabon,116,GAB,2006,0.353,25.595,Africa,12.5,38.93
Gabon,116,GAB,2007,0.351,25.716,Africa,16.67,39.19
Gabon,116,GAB,2008,0.351,25.447,Africa,16.67,39.46
Gabon,116,GAB,2009,0.35,24.498,Africa,14.66,39.73
Gabon,116,GAB,2010,0.37,25.015,Africa,14.66,40.02
Gabon,116,GAB,2011,0.37,26.329,Africa,14.17,40.32
Gabon,116,GAB,2012,0.359,26.715,Africa,15.79,40.62
Gabon,116,GAB,2013,0.375,27.088,Africa,15.79,40.92
Gabon,116,GAB,2014,0.375,27.112,Africa,15,41.21
Gabon,116,GAB,2015,0.375,26.849,Africa,14.17,41.45
Gabon,116,GAB,2016,0.378,26.405,Africa,14.17,41.65
Gabon,116,GAB,2017,0.398,25.559,Africa,17.09,41.8
Gabon,116,GAB,2018,0.386,24.692,Africa,NA,41.91
Gabon,116,GAB,2019,0.377,23.549,Africa,17.91,41.99
Gabon,116,GAB,2020,0.368,NA,Africa,14.79,39.06
Gabon,116,GAB,2021,0.368,NA,Africa,16.2,39.76
Gabon,116,GAB,2022,0.362,NA,Africa,15.38,41.9
Gabon,116,GAB,2023,0.325,NA,Africa,24.49,41.88
Gabon,116,GAB,2024,0.227,NA,Africa,25.51,41.81
Gabon,116,GAB,2025,0.302,NA,Africa,21.58,41.63
The Gambia,117,GMB,1990,0.468,4.504,Africa,NA,45.28
The Gambia,117,GMB,1991,0.468,4.532,Africa,NA,45.2
The Gambia,117,GMB,1992,0.466,4.514,Africa,NA,45.15
The Gambia,117,GMB,1993,0.442,4.479,Africa,NA,45.12
The Gambia,117,GMB,1994,0.207,4.39,Africa,NA,44.93
The Gambia,117,GMB,1995,0.101,4.324,Africa,NA,44.81
The Gambia,117,GMB,1996,0.13,4.288,Africa,NA,44.8
The Gambia,117,GMB,1997,0.246,4.275,Africa,2.04,44.96
The Gambia,117,GMB,1998,0.259,4.281,Africa,2.04,45.02
The Gambia,117,GMB,1999,0.258,4.367,Africa,2.04,45.27
The Gambia,117,GMB,2000,0.255,4.452,Africa,2.04,45.45
The Gambia,117,GMB,2001,0.258,4.486,Africa,2.04,45.66
The Gambia,117,GMB,2002,0.256,4.432,Africa,5.66,45.18
The Gambia,117,GMB,2003,0.257,4.475,Africa,13.21,45.45
The Gambia,117,GMB,2004,0.257,4.575,Africa,13.21,45.72
The Gambia,117,GMB,2005,0.257,4.524,Africa,13.21,45.3
The Gambia,117,GMB,2006,0.251,4.44,Africa,13.21,45
The Gambia,117,GMB,2007,0.243,4.432,Africa,9.43,44.96
The Gambia,117,GMB,2008,0.243,4.488,Africa,9.43,45.15
The Gambia,117,GMB,2009,0.243,4.557,Africa,7.55,45.38
The Gambia,117,GMB,2010,0.244,4.579,Africa,7.55,45.55
The Gambia,117,GMB,2011,0.244,4.433,Africa,7.55,44.65
The Gambia,117,GMB,2012,0.243,4.425,Africa,7.55,44.78
The Gambia,117,GMB,2013,0.241,4.424,Africa,7.55,44.75
The Gambia,117,GMB,2014,0.244,4.387,Africa,9.43,44.4
The Gambia,117,GMB,2015,0.244,4.395,Africa,9.43,44.46
The Gambia,117,GMB,2016,0.25,4.4,Africa,9.43,44.38
The Gambia,117,GMB,2017,0.498,4.454,Africa,10.34,44.5
The Gambia,117,GMB,2018,0.538,4.553,Africa,10.34,44.79
The Gambia,117,GMB,2019,0.524,4.622,Africa,10.34,45.02
The Gambia,117,GMB,2020,0.496,NA,Africa,8.62,44.82
The Gambia,117,GMB,2021,0.507,NA,Africa,8.62,44.97
The Gambia,117,GMB,2022,0.621,NA,Africa,8.62,45.13
The Gambia,117,GMB,2023,0.635,NA,Africa,8.62,45.24
The Gambia,117,GMB,2024,0.63,NA,Africa,NA,45.43
The Gambia,117,GMB,2025,0.641,NA,Africa,8.62,45.46
Georgia,118,GEO,1990,0.313,23.311,Eastern Europe,NA,70.32
Georgia,118,GEO,1991,0.327,18.283,Eastern Europe,NA,71.5
Georgia,118,GEO,1992,0.254,12.191,Eastern Europe,NA,72.81
Georgia,118,GEO,1993,0.356,9.024,Eastern Europe,NA,74.26
Georgia,118,GEO,1994,0.362,7.968,Eastern Europe,NA,75.88
Georgia,118,GEO,1995,0.366,8.054,Eastern Europe,NA,74.81
Georgia,118,GEO,1996,0.382,8.687,Eastern Europe,NA,72.44
Georgia,118,GEO,1997,0.378,9.412,Eastern Europe,6.93,70.32
Georgia,118,GEO,1998,0.38,9.863,Eastern Europe,6.93,69.48
Georgia,118,GEO,1999,0.378,10.218,Eastern Europe,NA,68.75
Georgia,118,GEO,2000,0.374,10.62,Eastern Europe,7.23,68.2
Georgia,118,GEO,2001,0.382,11.138,Eastern Europe,7.23,67.32
Georgia,118,GEO,2002,0.379,11.701,Eastern Europe,7.23,66.46
Georgia,118,GEO,2003,0.384,12.684,Eastern Europe,7.23,65
Georgia,118,GEO,2004,0.548,13.683,Eastern Europe,9.36,64.22
Georgia,118,GEO,2005,0.547,14.884,Eastern Europe,9.36,63.09
Georgia,118,GEO,2006,0.548,16.334,Eastern Europe,9.36,62.09
Georgia,118,GEO,2007,0.539,17.807,Eastern Europe,9.36,60.95
Georgia,118,GEO,2008,0.495,18.681,Eastern Europe,6,60.72
Georgia,118,GEO,2009,0.491,19.179,Eastern Europe,5.11,60.94
Georgia,118,GEO,2010,0.496,20.061,Eastern Europe,6.52,60.38
Georgia,118,GEO,2011,0.5,21.184,Eastern Europe,6.57,59.77
Georgia,118,GEO,2012,0.519,22.356,Eastern Europe,12,59.31
Georgia,118,GEO,2013,0.623,23.313,Eastern Europe,12,59.01
Georgia,118,GEO,2014,0.675,24.176,Eastern Europe,12,58.81
Georgia,118,GEO,2015,0.668,24.789,Eastern Europe,11.33,58.68
Georgia,118,GEO,2016,0.685,25.653,Eastern Europe,16,58.55
Georgia,118,GEO,2017,0.669,27.046,Eastern Europe,16,58.38
Georgia,118,GEO,2018,0.663,28.202,Eastern Europe,16,55.74
Georgia,118,GEO,2019,0.627,29.006,Eastern Europe,14.77,54.72
Georgia,118,GEO,2020,0.616,NA,Eastern Europe,20.67,55.21
Georgia,118,GEO,2021,0.604,NA,Eastern Europe,19.33,53.06
Georgia,118,GEO,2022,0.607,NA,Eastern Europe,19.05,55.76
Georgia,118,GEO,2023,0.591,NA,Eastern Europe,18.44,56.25
Georgia,118,GEO,2024,0.48,NA,Eastern Europe,22.67,56.67
Georgia,118,GEO,2025,0.401,NA,Eastern Europe,16.83,56.7
Guinea-Bissau,119,GNB,1990,0.101,3.294,Africa,NA,55.24
Guinea-Bissau,119,GNB,1991,0.101,3.339,Africa,NA,55.28
Guinea-Bissau,119,GNB,1992,0.13,3.294,Africa,NA,55.3
Guinea-Bissau,119,GNB,1993,0.157,3.343,Africa,NA,55.31
Guinea-Bissau,119,GNB,1994,0.249,3.406,Africa,NA,55.31
Guinea-Bissau,119,GNB,1995,0.358,3.468,Africa,NA,55.33
Guinea-Bissau,119,GNB,1996,0.358,3.544,Africa,NA,55.35
Guinea-Bissau,119,GNB,1997,0.358,3.525,Africa,10,55.39
Guinea-Bissau,119,GNB,1998,0.358,3.207,Africa,10,55.42
Guinea-Bissau,119,GNB,1999,0.364,3.171,Africa,NA,55.46
Guinea-Bissau,119,GNB,2000,0.424,3.171,Africa,7.84,55.51
Guinea-Bissau,119,GNB,2001,0.428,3.154,Africa,7.84,55.55
Guinea-Bissau,119,GNB,2002,0.434,3.1,Africa,7.84,55.59
Guinea-Bissau,119,GNB,2003,0.376,3.066,Africa,NA,55.62
Guinea-Bissau,119,GNB,2004,0.377,3.068,Africa,14,55.66
Guinea-Bissau,119,GNB,2005,0.451,3.078,Africa,14,55.69
Guinea-Bissau,119,GNB,2006,0.446,3.075,Africa,14,55.72
Guinea-Bissau,119,GNB,2007,0.446,3.093,Africa,14,55.74
Guinea-Bissau,119,GNB,2008,0.402,3.117,Africa,10,55.77
Guinea-Bissau,119,GNB,2009,0.452,3.156,Africa,10,55.81
Guinea-Bissau,119,GNB,2010,0.448,3.217,Africa,10,55.85
Guinea-Bissau,119,GNB,2011,0.449,3.295,Africa,10,55.9
Guinea-Bissau,119,GNB,2012,0.328,3.252,Africa,14,55.94
Guinea-Bissau,119,GNB,2013,0.288,3.24,Africa,14,55.99
Guinea-Bissau,119,GNB,2014,0.439,3.228,Africa,13.73,56.04
Guinea-Bissau,119,GNB,2015,0.501,3.26,Africa,13.73,56.11
Guinea-Bissau,119,GNB,2016,0.5,3.356,Africa,13.73,56.19
Guinea-Bissau,119,GNB,2017,0.49,3.498,Africa,13.73,56.28
Guinea-Bissau,119,GNB,2018,0.51,3.582,Africa,13.73,56.4
Guinea-Bissau,119,GNB,2019,0.529,3.632,Africa,13.73,56.06
Guinea-Bissau,119,GNB,2020,0.533,NA,Africa,13.73,56.77
Guinea-Bissau,119,GNB,2021,0.535,NA,Africa,13.73,58.38
Guinea-Bissau,119,GNB,2022,0.377,NA,Africa,13.73,59.97
Guinea-Bissau,119,GNB,2023,0.428,NA,Africa,9.8,60.08
Guinea-Bissau,119,GNB,2024,0.279,NA,Africa,9.8,60.17
Guinea-Bissau,119,GNB,2025,0.252,NA,Africa,NA,60.29
Jamaica,120,JAM,1990,0.577,13.902,Latin America,NA,63.88
Jamaica,120,JAM,1991,0.577,14.37,Latin America,NA,63.44
Jamaica,120,JAM,1992,0.577,14.756,Latin America,NA,63.03
Jamaica,120,JAM,1993,0.608,15.222,Latin America,NA,62.63
Jamaica,120,JAM,1994,0.623,15.471,Latin America,NA,62.17
Jamaica,120,JAM,1995,0.627,15.619,Latin America,NA,61.67
Jamaica,120,JAM,1996,0.628,15.603,Latin America,NA,61.13
Jamaica,120,JAM,1997,0.642,15.446,Latin America,11.67,60.54
Jamaica,120,JAM,1998,0.67,15.342,Latin America,13.56,59.93
Jamaica,120,JAM,1999,0.67,15.359,Latin America,13.33,58.98
Jamaica,120,JAM,2000,0.675,15.414,Latin America,13.33,58.15
Jamaica,120,JAM,2001,0.675,15.503,Latin America,13.33,57.32
Jamaica,120,JAM,2002,0.695,15.739,Latin America,NA,56.93
Jamaica,120,JAM,2003,0.743,16.065,Latin America,11.67,56.53
Jamaica,120,JAM,2004,0.743,16.298,Latin America,11.67,56.56
Jamaica,120,JAM,2005,0.751,16.526,Latin America,11.67,56.39
Jamaica,120,JAM,2006,0.756,16.813,Latin America,11.67,56.18
Jamaica,120,JAM,2007,0.762,16.952,Latin America,13.33,55.94
Jamaica,120,JAM,2008,0.774,16.868,Latin America,13.33,55.69
Jamaica,120,JAM,2009,0.774,16.643,Latin America,13.33,53.75
Jamaica,120,JAM,2010,0.774,16.511,Latin America,13.33,52.35
Jamaica,120,JAM,2011,0.767,16.478,Latin America,12.7,52.65
Jamaica,120,JAM,2012,0.784,16.363,Latin America,12.7,53.02
Jamaica,120,JAM,2013,0.798,16.295,Latin America,12.7,53.94
Jamaica,120,JAM,2014,0.798,16.182,Latin America,12.7,54.47
Jamaica,120,JAM,2015,0.798,15.977,Latin America,12.7,58.52
Jamaica,120,JAM,2016,0.804,16.082,Latin America,17.46,57.65
Jamaica,120,JAM,2017,0.811,16.449,Latin America,17.46,58.6
Jamaica,120,JAM,2018,0.807,16.651,Latin America,17.46,58.31
Jamaica,120,JAM,2019,0.81,16.689,Latin America,17.46,59.84
Jamaica,120,JAM,2020,0.808,NA,Latin America,28.57,57.58
Jamaica,120,JAM,2021,0.801,NA,Latin America,28.57,58.4
Jamaica,120,JAM,2022,0.798,NA,Latin America,28.57,60.8
Jamaica,120,JAM,2023,0.798,NA,Latin America,28.57,63.05
Jamaica,120,JAM,2024,0.798,NA,Latin America,27.42,62.91
Jamaica,120,JAM,2025,0.805,NA,Latin America,30.16,63.03
Kazakhstan,121,KAZ,1990,0.247,26.154,Eastern Europe,NA,64.78
Kazakhstan,121,KAZ,1991,0.289,24.371,Eastern Europe,NA,65.14
Kazakhstan,121,KAZ,1992,0.303,22.786,Eastern Europe,NA,65.37
Kazakhstan,121,KAZ,1993,0.302,20.517,Eastern Europe,NA,65.81
Kazakhstan,121,KAZ,1994,0.303,18.497,Eastern Europe,NA,66.53
Kazakhstan,121,KAZ,1995,0.288,17.244,Eastern Europe,NA,66.99
Kazakhstan,121,KAZ,1996,0.283,16.962,Eastern Europe,NA,66.84
Kazakhstan,121,KAZ,1997,0.295,16.994,Eastern Europe,13.43,66.59
Kazakhstan,121,KAZ,1998,0.284,17.133,Eastern Europe,13.43,66.57
Kazakhstan,121,KAZ,1999,0.268,17.705,Eastern Europe,10.81,66.34
Kazakhstan,121,KAZ,2000,0.27,19.217,Eastern Europe,10.39,65.83
Kazakhstan,121,KAZ,2001,0.255,21.267,Eastern Europe,10.39,65.29
Kazakhstan,121,KAZ,2002,0.252,23.362,Eastern Europe,10.39,64.99
Kazakhstan,121,KAZ,2003,0.247,25.622,Eastern Europe,10.39,65.08
Kazakhstan,121,KAZ,2004,0.246,28.164,Eastern Europe,10.39,64.83
Kazakhstan,121,KAZ,2005,0.239,31.223,Eastern Europe,10.39,64.63
Kazakhstan,121,KAZ,2006,0.242,34.445,Eastern Europe,10.39,65.02
Kazakhstan,121,KAZ,2007,0.24,37.343,Eastern Europe,15.89,65.86
Kazakhstan,121,KAZ,2008,0.241,39.416,Eastern Europe,15.89,66.72
Kazakhstan,121,KAZ,2009,0.242,40.727,Eastern Europe,17.76,66.47
Kazakhstan,121,KAZ,2010,0.236,43.19,Eastern Europe,17.76,66.33
Kazakhstan,121,KAZ,2011,0.233,45.937,Eastern Europe,17.76,66.21
Kazakhstan,121,KAZ,2012,0.232,48.104,Eastern Europe,24.3,66.04
Kazakhstan,121,KAZ,2013,0.229,49.872,Eastern Europe,24.3,65.89
Kazakhstan,121,KAZ,2014,0.23,50.726,Eastern Europe,25.22,65.71
Kazakhstan,121,KAZ,2015,0.234,50.496,Eastern Europe,26.17,65.46
Kazakhstan,121,KAZ,2016,0.242,50.565,Eastern Europe,27.1,65.2
Kazakhstan,121,KAZ,2017,0.235,51.525,Eastern Europe,27.1,65.02
Kazakhstan,121,KAZ,2018,0.232,52.291,Eastern Europe,27.1,64.82
Kazakhstan,121,KAZ,2019,0.236,52.424,Eastern Europe,27.1,64.66
Kazakhstan,121,KAZ,2020,0.241,NA,Eastern Europe,27.1,63.61
Kazakhstan,121,KAZ,2021,0.253,NA,Eastern Europe,27.1,64.07
Kazakhstan,121,KAZ,2022,0.265,NA,Eastern Europe,27.36,64.74
Kazakhstan,121,KAZ,2023,0.269,NA,Eastern Europe,18.37,65.03
Kazakhstan,121,KAZ,2024,0.267,NA,Eastern Europe,19.39,65.29
Kazakhstan,121,KAZ,2025,0.259,NA,Eastern Europe,18.37,62.65
Kyrgyzstan,122,KGZ,1990,0.252,12.538,Eastern Europe,NA,47.9
Kyrgyzstan,122,KGZ,1991,0.291,11.502,Eastern Europe,NA,49.56
Kyrgyzstan,122,KGZ,1992,0.353,10.055,Eastern Europe,NA,52.52
Kyrgyzstan,122,KGZ,1993,0.342,8.682,Eastern Europe,NA,55.98
Kyrgyzstan,122,KGZ,1994,0.319,7.406,Eastern Europe,NA,61.03
Kyrgyzstan,122,KGZ,1995,0.303,6.763,Eastern Europe,NA,62.59
Kyrgyzstan,122,KGZ,1996,0.295,6.637,Eastern Europe,NA,61.31
Kyrgyzstan,122,KGZ,1997,0.287,6.617,Eastern Europe,1.43,59.44
Kyrgyzstan,122,KGZ,1998,0.29,6.571,Eastern Europe,1.43,59.3
Kyrgyzstan,122,KGZ,1999,0.286,6.605,Eastern Europe,1.43,58.82
Kyrgyzstan,122,KGZ,2000,0.287,6.732,Eastern Europe,2.33,57.89
Kyrgyzstan,122,KGZ,2001,0.285,6.888,Eastern Europe,10,56.93
Kyrgyzstan,122,KGZ,2002,0.282,7.006,Eastern Europe,10,57.11
Kyrgyzstan,122,KGZ,2003,0.282,7.29,Eastern Europe,10,55.84
Kyrgyzstan,122,KGZ,2004,0.282,7.548,Eastern Europe,10,54.64
Kyrgyzstan,122,KGZ,2005,0.319,7.7,Eastern Europe,0,54.89
Kyrgyzstan,122,KGZ,2006,0.331,8.012,Eastern Europe,0,54.43
Kyrgyzstan,122,KGZ,2007,0.317,8.518,Eastern Europe,25.56,52.89
Kyrgyzstan,122,KGZ,2008,0.306,9.043,Eastern Europe,25.56,51.43
Kyrgyzstan,122,KGZ,2009,0.294,9.307,Eastern Europe,25.56,51.1
Kyrgyzstan,122,KGZ,2010,0.381,9.496,Eastern Europe,23.33,51.44
Kyrgyzstan,122,KGZ,2011,0.473,9.911,Eastern Europe,23.33,52.12
Kyrgyzstan,122,KGZ,2012,0.467,10.171,Eastern Europe,23.33,50.03
Kyrgyzstan,122,KGZ,2013,0.447,10.74,Eastern Europe,23.33,45.84
Kyrgyzstan,122,KGZ,2014,0.446,11.258,Eastern Europe,23.33,47.6
Kyrgyzstan,122,KGZ,2015,0.455,11.48,Eastern Europe,19.17,47.46
Kyrgyzstan,122,KGZ,2016,0.447,11.682,Eastern Europe,19.17,46.17
Kyrgyzstan,122,KGZ,2017,0.449,11.736,Eastern Europe,19.17,42.44
Kyrgyzstan,122,KGZ,2018,0.467,11.829,Eastern Europe,19.17,44.02
Kyrgyzstan,122,KGZ,2019,0.441,11.894,Eastern Europe,19.17,44.04
Kyrgyzstan,122,KGZ,2020,0.385,NA,Eastern Europe,16.52,43.88
Kyrgyzstan,122,KGZ,2021,0.41,NA,Eastern Europe,20.45,44
Kyrgyzstan,122,KGZ,2022,0.38,NA,Eastern Europe,20.45,45.24
Kyrgyzstan,122,KGZ,2023,0.348,NA,Eastern Europe,20,43.5
Kyrgyzstan,122,KGZ,2024,0.321,NA,Eastern Europe,21.11,44.26
Kyrgyzstan,122,KGZ,2025,0.313,NA,Eastern Europe,33.33,44.14
Laos,123,LAO,1990,0.116,3.462,Asia,NA,60.3
Laos,123,LAO,1991,0.085,3.561,Asia,NA,60.23
Laos,123,LAO,1992,0.085,3.673,Asia,NA,60.1
Laos,123,LAO,1993,0.085,3.819,Asia,NA,59.96
Laos,123,LAO,1994,0.085,4.002,Asia,NA,59.72
Laos,123,LAO,1995,0.085,4.19,Asia,NA,59.52
Laos,123,LAO,1996,0.085,4.383,Asia,NA,59.32
Laos,123,LAO,1997,0.086,4.552,Asia,NA,59.13
Laos,123,LAO,1998,0.087,4.694,Asia,21.21,59.04
Laos,123,LAO,1999,0.087,4.899,Asia,21.21,58.82
Laos,123,LAO,2000,0.087,5.096,Asia,21.21,58.66
Laos,123,LAO,2001,0.087,5.311,Asia,21.21,58.5
Laos,123,LAO,2002,0.09,5.54,Asia,22.94,58.34
Laos,123,LAO,2003,0.09,5.777,Asia,22.94,58.18
Laos,123,LAO,2004,0.09,6.067,Asia,22.94,58.01
Laos,123,LAO,2005,0.09,6.354,Asia,22.94,57.83
Laos,123,LAO,2006,0.09,6.699,Asia,25.22,57.6
Laos,123,LAO,2007,0.089,7.299,Asia,25.22,57.42
Laos,123,LAO,2008,0.09,7.852,Asia,25.22,57.24
Laos,123,LAO,2009,0.09,8.437,Asia,25.22,57.08
Laos,123,LAO,2010,0.092,9.042,Asia,25.22,56.89
Laos,123,LAO,2011,0.09,9.698,Asia,25,56.73
Laos,123,LAO,2012,0.09,10.381,Asia,25,56.58
Laos,123,LAO,2013,0.091,11.058,Asia,25,56.44
Laos,123,LAO,2014,0.091,11.678,Asia,25,56.31
Laos,123,LAO,2015,0.09,12.215,Asia,25,56.2
Laos,123,LAO,2016,0.093,12.778,Asia,27.52,56.11
Laos,123,LAO,2017,0.124,13.357,Asia,27.52,56.02
Laos,123,LAO,2018,0.125,13.79,Asia,27.52,57.07
Laos,123,LAO,2019,0.127,13.965,Asia,27.52,58.12
Laos,123,LAO,2020,0.126,NA,Asia,27.52,58.68
Laos,123,LAO,2021,0.135,NA,Asia,21.95,60.32
Laos,123,LAO,2022,0.134,NA,Asia,21.95,61.37
Laos,123,LAO,2023,0.132,NA,Asia,21.95,61.41
Laos,123,LAO,2024,0.135,NA,Asia,21.95,61.47
Laos,123,LAO,2025,0.135,NA,Asia,21.95,61.56
Libya,124,LBY,1990,0.072,30.749,Middle East,NA,26.51
Libya,124,LBY,1991,0.072,32.265,Middle East,NA,26.81
Libya,124,LBY,1992,0.072,32.751,Middle East,NA,27.14
Libya,124,LBY,1993,0.072,32.739,Middle East,NA,27.49
Libya,124,LBY,1994,0.072,32.837,Middle East,NA,27.87
Libya,124,LBY,1995,0.072,32.931,Middle East,NA,28.28
Libya,124,LBY,1996,0.072,33.331,Middle East,NA,28.71
Libya,124,LBY,1997,0.072,33.836,Middle East,NA,29.15
Libya,124,LBY,1998,0.072,33.286,Middle East,NA,29.6
Libya,124,LBY,1999,0.072,32.163,Middle East,NA,30.05
Libya,124,LBY,2000,0.072,32.103,Middle East,NA,30.43
Libya,124,LBY,2001,0.072,32.043,Middle East,NA,30.76
Libya,124,LBY,2002,0.072,32.345,Middle East,NA,31.11
Libya,124,LBY,2003,0.072,34.305,Middle East,NA,31.47
Libya,124,LBY,2004,0.072,36.314,Middle East,NA,31.83
Libya,124,LBY,2005,0.072,39.042,Middle East,4.74,32.17
Libya,124,LBY,2006,0.072,41.477,Middle East,7.69,32.55
Libya,124,LBY,2007,0.072,43.6,Middle East,7.69,32.97
Libya,124,LBY,2008,0.072,45.338,Middle East,7.69,33.36
Libya,124,LBY,2009,0.071,44.361,Middle East,7.69,33.74
Libya,124,LBY,2010,0.071,40.504,Middle East,7.69,34.08
Libya,124,LBY,2011,0.175,30.125,Middle East,NA,34.06
Libya,124,LBY,2012,0.329,33.34,Middle East,16.5,33.94
Libya,124,LBY,2013,0.54,27.141,Middle East,16.5,34.07
Libya,124,LBY,2014,0.28,21.923,Middle East,15.96,34.14
Libya,124,LBY,2015,0.285,19.369,Middle East,15.96,34.13
Libya,124,LBY,2016,0.285,19.149,Middle East,15.96,34.11
Libya,124,LBY,2017,0.273,21.953,Middle East,15.96,34.08
Libya,124,LBY,2018,0.268,23.955,Middle East,15.96,34.04
Libya,124,LBY,2019,0.263,24.137,Middle East,15.96,33.99
Libya,124,LBY,2020,0.266,NA,Middle East,15.96,31.01
Libya,124,LBY,2021,0.216,NA,Middle East,15.96,31.35
Libya,124,LBY,2022,0.206,NA,Middle East,16.47,33.63
Libya,124,LBY,2023,0.196,NA,Middle East,16.47,33.47
Libya,124,LBY,2024,0.195,NA,Middle East,16.47,33.28
Libya,124,LBY,2025,0.193,NA,Middle East,16.47,32.99
Madagascar,125,MDG,1990,0.232,2.804,Africa,NA,83.87
Madagascar,125,MDG,1991,0.25,2.687,Africa,NA,83.85
Madagascar,125,MDG,1992,0.282,2.623,Africa,NA,83.82
Madagascar,125,MDG,1993,0.442,2.589,Africa,NA,83.8
Madagascar,125,MDG,1994,0.555,2.544,Africa,NA,83.79
Madagascar,125,MDG,1995,0.555,2.527,Africa,NA,83.79
Madagascar,125,MDG,1996,0.548,2.53,Africa,NA,83.8
Madagascar,125,MDG,1997,0.51,2.535,Africa,3.73,83.83
Madagascar,125,MDG,1998,0.507,2.563,Africa,NA,83.86
Madagascar,125,MDG,1999,0.503,2.598,Africa,8,83.9
Madagascar,125,MDG,2000,0.5,2.62,Africa,8,83.94
Madagascar,125,MDG,2001,0.494,2.624,Africa,8,83.98
Madagascar,125,MDG,2002,0.432,2.509,Africa,NA,84.03
Madagascar,125,MDG,2003,0.495,2.555,Africa,3.75,84.06
Madagascar,125,MDG,2004,0.495,2.601,Africa,6.88,84.09
Madagascar,125,MDG,2005,0.495,2.659,Africa,6.88,84.11
Madagascar,125,MDG,2006,0.487,2.716,Africa,6.88,84.1
Madagascar,125,MDG,2007,0.495,2.778,Africa,7.87,84.08
Madagascar,125,MDG,2008,0.504,2.837,Africa,7.87,84.04
Madagascar,125,MDG,2009,0.272,2.795,Africa,NA,83.98
Madagascar,125,MDG,2010,0.221,2.781,Africa,12.5,83.91
Madagascar,125,MDG,2011,0.221,2.773,Africa,12.5,83.81
Madagascar,125,MDG,2012,0.222,2.763,Africa,17.49,83.7
Madagascar,125,MDG,2013,0.246,2.751,Africa,17.49,83.57
Madagascar,125,MDG,2014,0.463,2.738,Africa,20.53,83.41
Madagascar,125,MDG,2015,0.476,2.715,Africa,20.53,83.25
Madagascar,125,MDG,2016,0.48,2.73,Africa,20.53,83.14
Madagascar,125,MDG,2017,0.478,2.765,Africa,19.21,83.04
Madagascar,125,MDG,2018,0.481,2.776,Africa,19.21,82.97
Madagascar,125,MDG,2019,0.478,2.753,Africa,15.89,82.92
Madagascar,125,MDG,2020,0.486,NA,Africa,17.88,82.15
Madagascar,125,MDG,2021,0.479,NA,Africa,17.88,82.81
Madagascar,125,MDG,2022,0.477,NA,Africa,18.54,82.83
Madagascar,125,MDG,2023,0.461,NA,Africa,18.54,82.87
Madagascar,125,MDG,2024,0.403,NA,Africa,15.95,82.92
Madagascar,125,MDG,2025,0.361,NA,Africa,14.11,82.91
Moldova,126,MDA,1990,0.421,13.405,Eastern Europe,NA,54.76
Moldova,126,MDA,1991,0.462,12.077,Eastern Europe,NA,55.22
Moldova,126,MDA,1992,0.501,9.935,Eastern Europe,NA,55.56
Moldova,126,MDA,1993,0.498,8.788,Eastern Europe,NA,55.7
Moldova,126,MDA,1994,0.575,7.576,Eastern Europe,NA,55.85
Moldova,126,MDA,1995,0.591,7.193,Eastern Europe,NA,55.82
Moldova,126,MDA,1996,0.591,6.87,Eastern Europe,NA,56.11
Moldova,126,MDA,1997,0.592,6.692,Eastern Europe,4.81,56
Moldova,126,MDA,1998,0.582,6.381,Eastern Europe,NA,56.37
Moldova,126,MDA,1999,0.587,6.18,Eastern Europe,8.91,56.56
Moldova,126,MDA,2000,0.579,6.28,Eastern Europe,7.92,56.43
Moldova,126,MDA,2001,0.512,6.587,Eastern Europe,12.87,54.8
Moldova,126,MDA,2002,0.506,6.995,Eastern Europe,12.87,54.83
Moldova,126,MDA,2003,0.506,7.51,Eastern Europe,12.87,56.09
Moldova,126,MDA,2004,0.506,8.045,Eastern Europe,15.84,54.58
Moldova,126,MDA,2005,0.446,8.646,Eastern Europe,21.78,55.02
Moldova,126,MDA,2006,0.435,9.166,Eastern Europe,21.78,57.26
Moldova,126,MDA,2007,0.438,9.628,Eastern Europe,21.78,58.87
Moldova,126,MDA,2008,0.435,10.12,Eastern Europe,21.78,59.24
Moldova,126,MDA,2009,0.457,10.342,Eastern Europe,23.76,59.93
Moldova,126,MDA,2010,0.603,10.937,Eastern Europe,18.81,62.7
Moldova,126,MDA,2011,0.672,11.615,Eastern Europe,19.8,64.36
Moldova,126,MDA,2012,0.665,12.091,Eastern Europe,19.8,65.28
Moldova,126,MDA,2013,0.638,12.786,Eastern Europe,19.8,65.59
Moldova,126,MDA,2014,0.623,13.376,Eastern Europe,17.82,69.21
Moldova,126,MDA,2015,0.57,13.771,Eastern Europe,21.78,69.41
Moldova,126,MDA,2016,0.529,14.577,Eastern Europe,21.78,68.93
Moldova,126,MDA,2017,0.503,15.905,Eastern Europe,22.77,67.43
Moldova,126,MDA,2018,0.506,16.882,Eastern Europe,22.77,66.42
Moldova,126,MDA,2019,0.588,17.553,Eastern Europe,25.74,68.34
Moldova,126,MDA,2020,0.651,NA,Eastern Europe,24.75,68.08
Moldova,126,MDA,2021,0.752,NA,Eastern Europe,39.6,70.67
Moldova,126,MDA,2022,0.76,NA,Eastern Europe,40.59,71.54
Moldova,126,MDA,2023,0.712,NA,Eastern Europe,38.61,70.06
Moldova,126,MDA,2024,0.622,NA,Eastern Europe,40.82,72.18
Moldova,126,MDA,2025,0.553,NA,Eastern Europe,39.6,72.33
Namibia,127,NAM,1990,0.529,12.042,Africa,NA,48.22
Namibia,127,NAM,1991,0.593,12.227,Africa,NA,48.23
Namibia,127,NAM,1992,0.593,12.444,Africa,NA,48.23
Namibia,127,NAM,1993,0.593,12.348,Africa,NA,48.24
Namibia,127,NAM,1994,0.587,12.48,Africa,NA,48.24
Namibia,127,NAM,1995,0.67,12.693,Africa,NA,47.79
Namibia,127,NAM,1996,0.67,12.905,Africa,NA,47.33
Namibia,127,NAM,1997,0.67,13.072,Africa,22.22,46.88
Namibia,127,NAM,1998,0.67,13.261,Africa,22.22,47
Namibia,127,NAM,1999,0.669,13.413,Africa,22.22,47.13
Namibia,127,NAM,2000,0.654,13.583,Africa,25,47.26
Namibia,127,NAM,2001,0.651,13.678,Africa,25,47.75
Namibia,127,NAM,2002,0.651,14.003,Africa,25,48.23
Namibia,127,NAM,2003,0.651,14.445,Africa,26.39,48.72
Namibia,127,NAM,2004,0.654,15.257,Africa,25,49.2
Namibia,127,NAM,2005,0.664,15.888,Africa,26.92,49.69
Namibia,127,NAM,2006,0.668,16.634,Africa,26.92,50.17
Namibia,127,NAM,2007,0.659,17.168,Africa,26.92,50.66
Namibia,127,NAM,2008,0.662,17.57,Africa,26.92,51.15
Namibia,127,NAM,2009,0.655,17.848,Africa,26.92,51.64
Namibia,127,NAM,2010,0.637,18.411,Africa,24.36,52.12
Namibia,127,NAM,2011,0.644,19.104,Africa,24.36,52.61
Namibia,127,NAM,2012,0.644,19.912,Africa,24.36,53.1
Namibia,127,NAM,2013,0.65,20.662,Africa,24.36,58.57
Namibia,127,NAM,2014,0.656,21.436,Africa,NA,57.2
Namibia,127,NAM,2015,0.707,21.692,Africa,41.35,56.35
Namibia,127,NAM,2016,0.711,21.463,Africa,41.35,55.5
Namibia,127,NAM,2017,0.709,20.935,Africa,41.35,55.44
Namibia,127,NAM,2018,0.682,20.629,Africa,46.15,55.39
Namibia,127,NAM,2019,0.647,20.338,Africa,42.71,55.32
Namibia,127,NAM,2020,0.632,NA,Africa,43.27,52.45
Namibia,127,NAM,2021,0.622,NA,Africa,44.23,53.11
Namibia,127,NAM,2022,0.626,NA,Africa,44.23,54.74
Namibia,127,NAM,2023,0.622,NA,Africa,44.23,54.83
Namibia,127,NAM,2024,0.624,NA,Africa,40.62,54.91
Namibia,127,NAM,2025,0.633,NA,Africa,42.31,54.92
Palestine/West Bank,128,NA,1990,0.077,NA,Middle East,NA,NA
Palestine/West Bank,128,NA,1991,0.079,NA,Middle East,NA,NA
Palestine/West Bank,128,NA,1992,0.079,NA,Middle East,NA,NA
Palestine/West Bank,128,NA,1993,0.083,NA,Middle East,NA,NA
Palestine/West Bank,128,NA,1994,0.155,NA,Middle East,NA,NA
Palestine/West Bank,128,NA,1995,0.161,NA,Middle East,NA,NA
Palestine/West Bank,128,NA,1996,0.443,NA,Middle East,NA,NA
Palestine/West Bank,128,NA,1997,0.454,NA,Middle East,NA,NA
Palestine/West Bank,128,NA,1998,0.461,NA,Middle East,NA,NA
Palestine/West Bank,128,NA,1999,0.461,NA,Middle East,NA,NA
Palestine/West Bank,128,NA,2000,0.471,NA,Middle East,NA,NA
Palestine/West Bank,128,NA,2001,0.474,NA,Middle East,NA,NA
Palestine/West Bank,128,NA,2002,0.471,NA,Middle East,NA,NA
Palestine/West Bank,128,NA,2003,0.502,NA,Middle East,NA,NA
Palestine/West Bank,128,NA,2004,0.511,NA,Middle East,NA,NA
Palestine/West Bank,128,NA,2005,0.533,NA,Middle East,NA,NA
Palestine/West Bank,128,NA,2006,0.501,NA,Middle East,NA,NA
Palestine/West Bank,128,NA,2007,0.323,NA,Middle East,NA,NA
Palestine/West Bank,128,NA,2008,0.234,NA,Middle East,NA,NA
Palestine/West Bank,128,NA,2009,0.242,NA,Middle East,NA,NA
Palestine/West Bank,128,NA,2010,0.244,NA,Middle East,NA,NA
Palestine/West Bank,128,NA,2011,0.241,NA,Middle East,NA,NA
Palestine/West Bank,128,NA,2012,0.243,NA,Middle East,NA,NA
Palestine/West Bank,128,NA,2013,0.246,NA,Middle East,NA,NA
Palestine/West Bank,128,NA,2014,0.249,NA,Middle East,NA,NA
Palestine/West Bank,128,NA,2015,0.244,NA,Middle East,NA,NA
Palestine/West Bank,128,NA,2016,0.243,NA,Middle East,NA,NA
Palestine/West Bank,128,NA,2017,0.252,NA,Middle East,NA,NA
Palestine/West Bank,128,NA,2018,0.265,NA,Middle East,NA,NA
Palestine/West Bank,128,NA,2019,0.272,NA,Middle East,NA,NA
Palestine/West Bank,128,NA,2020,0.242,NA,Middle East,NA,NA
Palestine/West Bank,128,NA,2021,0.235,NA,Middle East,NA,NA
Palestine/West Bank,128,NA,2022,0.229,NA,Middle East,NA,NA
Palestine/West Bank,128,NA,2023,0.229,NA,Middle East,NA,NA
Palestine/West Bank,128,NA,2024,0.212,NA,Middle East,NA,NA
Palestine/West Bank,128,NA,2025,0.214,NA,Middle East,NA,NA
Rwanda,129,RWA,1990,0.217,2.616,Africa,NA,51.77
Rwanda,129,RWA,1991,0.256,2.506,Africa,NA,51.8
Rwanda,129,RWA,1992,0.29,2.441,Africa,NA,51.88
Rwanda,129,RWA,1993,0.187,2.212,Africa,NA,51.98
Rwanda,129,RWA,1994,0.143,1.806,Africa,NA,51.81
Rwanda,129,RWA,1995,0.104,1.936,Africa,NA,51.76
Rwanda,129,RWA,1996,0.107,2.018,Africa,NA,51.93
Rwanda,129,RWA,1997,0.107,2.078,Africa,17.14,52.12
Rwanda,129,RWA,1998,0.106,2.129,Africa,17.14,52.39
Rwanda,129,RWA,1999,0.107,2.171,Africa,17.14,52.74
Rwanda,129,RWA,2000,0.114,2.259,Africa,25.71,53.09
Rwanda,129,RWA,2001,0.114,2.379,Africa,25.68,53.42
Rwanda,129,RWA,2002,0.115,2.53,Africa,25.68,53.67
Rwanda,129,RWA,2003,0.143,2.615,Africa,48.75,53.84
Rwanda,129,RWA,2004,0.198,2.738,Africa,48.75,53.94
Rwanda,129,RWA,2005,0.196,2.893,Africa,48.75,54
Rwanda,129,RWA,2006,0.197,3.06,Africa,48.75,54.03
Rwanda,129,RWA,2007,0.197,3.207,Africa,48.75,54.04
Rwanda,129,RWA,2008,0.203,3.406,Africa,56.25,54.05
Rwanda,129,RWA,2009,0.22,3.569,Africa,56.25,54.09
Rwanda,129,RWA,2010,0.217,3.737,Africa,56.25,54.14
Rwanda,129,RWA,2011,0.216,3.9,Africa,56.25,54.21
Rwanda,129,RWA,2012,0.22,4.077,Africa,56.25,54.28
Rwanda,129,RWA,2013,0.221,4.201,Africa,63.75,54.36
Rwanda,129,RWA,2014,0.226,4.33,Africa,63.75,54.43
Rwanda,129,RWA,2015,0.226,4.464,Africa,63.75,54.52
Rwanda,129,RWA,2016,0.226,4.618,Africa,63.75,54.61
Rwanda,129,RWA,2017,0.222,4.808,Africa,61.25,54.72
Rwanda,129,RWA,2018,0.226,5.023,Africa,61.25,54.16
Rwanda,129,RWA,2019,0.227,5.21,Africa,61.25,51.87
Rwanda,129,RWA,2020,0.227,NA,Africa,61.25,56.65
Rwanda,129,RWA,2021,0.226,NA,Africa,61.25,52.58
Rwanda,129,RWA,2022,0.219,NA,Africa,61.25,54.7
Rwanda,129,RWA,2023,0.212,NA,Africa,61.25,58.04
Rwanda,129,RWA,2024,0.201,NA,Africa,63.75,57.1
Rwanda,129,RWA,2025,0.193,NA,Africa,63.75,57.3
Somalia,130,SOM,1990,0.144,3.597,Africa,NA,21.19
Somalia,130,SOM,1991,0.132,3.642,Africa,NA,21.23
Somalia,130,SOM,1992,0.151,3.71,Africa,NA,21.4
Somalia,130,SOM,1993,0.156,3.812,Africa,NA,21.44
Somalia,130,SOM,1994,0.157,3.915,Africa,NA,21.38
Somalia,130,SOM,1995,0.158,4.024,Africa,NA,21.32
Somalia,130,SOM,1996,0.158,4.126,Africa,NA,21.26
Somalia,130,SOM,1997,0.158,4.253,Africa,NA,21.21
Somalia,130,SOM,1998,0.158,4.36,Africa,NA,21.17
Somalia,130,SOM,1999,0.158,4.483,Africa,NA,21.12
Somalia,130,SOM,2000,0.167,4.595,Africa,NA,21.08
Somalia,130,SOM,2001,0.166,4.721,Africa,NA,21.04
Somalia,130,SOM,2002,0.166,4.839,Africa,NA,21
Somalia,130,SOM,2003,0.166,4.981,Africa,NA,20.95
Somalia,130,SOM,2004,0.166,5.097,Africa,NA,20.89
Somalia,130,SOM,2005,0.171,5.224,Africa,8,20.79
Somalia,130,SOM,2006,0.172,5.357,Africa,7.81,20.66
Somalia,130,SOM,2007,0.172,5.5,Africa,8.2,20.57
Somalia,130,SOM,2008,0.172,5.661,Africa,8.2,20.55
Somalia,130,SOM,2009,0.172,5.813,Africa,6.86,20.57
Somalia,130,SOM,2010,0.186,5.953,Africa,6.78,20.61
Somalia,130,SOM,2011,0.19,6.128,Africa,6.78,20.73
Somalia,130,SOM,2012,0.167,6.3,Africa,13.82,20.86
Somalia,130,SOM,2013,0.162,6.447,Africa,13.82,20.89
Somalia,130,SOM,2014,0.162,6.552,Africa,13.82,20.92
Somalia,130,SOM,2015,0.162,6.564,Africa,13.82,20.94
Somalia,130,SOM,2016,0.16,6.591,Africa,NA,20.97
Somalia,130,SOM,2017,0.167,6.605,Africa,24.36,21.01
Somalia,130,SOM,2018,0.154,6.591,Africa,24.36,21.06
Somalia,130,SOM,2019,0.148,6.578,Africa,24.36,21.09
Somalia,130,SOM,2020,0.154,NA,Africa,24.36,20.89
Somalia,130,SOM,2021,0.161,NA,Africa,24.36,20.93
Somalia,130,SOM,2022,0.158,NA,Africa,19.71,20.67
Somalia,130,SOM,2023,0.167,NA,Africa,19.71,20.71
Somalia,130,SOM,2024,0.165,NA,Africa,19.64,20.72
Somalia,130,SOM,2025,0.165,NA,Africa,18.98,20.7
Sri Lanka,131,LKA,1990,0.445,8.359,Asia,NA,45.15
Sri Lanka,131,LKA,1991,0.445,8.736,Asia,NA,41
Sri Lanka,131,LKA,1992,0.449,8.99,Asia,NA,36.91
Sri Lanka,131,LKA,1993,0.449,9.443,Asia,NA,37.68
Sri Lanka,131,LKA,1994,0.49,9.945,Asia,NA,37.9
Sri Lanka,131,LKA,1995,0.544,10.415,Asia,NA,35.6
Sri Lanka,131,LKA,1996,0.544,11.023,Asia,NA,35.49
Sri Lanka,131,LKA,1997,0.544,11.573,Asia,5.33,35.26
Sri Lanka,131,LKA,1998,0.53,11.887,Asia,5.33,41.33
Sri Lanka,131,LKA,1999,0.529,12.16,Asia,4.89,37.65
Sri Lanka,131,LKA,2000,0.494,12.507,Asia,NA,36.33
Sri Lanka,131,LKA,2001,0.496,12.598,Asia,NA,36.08
Sri Lanka,131,LKA,2002,0.529,12.915,Asia,4.44,35.83
Sri Lanka,131,LKA,2003,0.529,13.416,Asia,4.44,35.59
Sri Lanka,131,LKA,2004,0.513,13.959,Asia,4.89,35.35
Sri Lanka,131,LKA,2005,0.435,14.65,Asia,4.89,35.11
Sri Lanka,131,LKA,2006,0.373,15.548,Asia,4.89,34.88
Sri Lanka,131,LKA,2007,0.373,16.466,Asia,5.78,34.64
Sri Lanka,131,LKA,2008,0.368,17.424,Asia,5.78,34.42
Sri Lanka,131,LKA,2009,0.366,18.436,Asia,5.78,34.19
Sri Lanka,131,LKA,2010,0.386,19.793,Asia,5.33,33.97
Sri Lanka,131,LKA,2011,0.384,21.221,Asia,5.78,33.95
Sri Lanka,131,LKA,2012,0.39,22.639,Asia,5.78,32.65
Sri Lanka,131,LKA,2013,0.418,23.559,Asia,5.78,33.87
Sri Lanka,131,LKA,2014,0.417,24.377,Asia,5.78,33.21
Sri Lanka,131,LKA,2015,0.55,24.98,Asia,4.89,35.33
Sri Lanka,131,LKA,2016,0.595,25.713,Asia,5.78,35.25
Sri Lanka,131,LKA,2017,0.591,26.36,Asia,5.78,36.09
Sri Lanka,131,LKA,2018,0.612,26.855,Asia,5.78,33.1
Sri Lanka,131,LKA,2019,0.564,27.126,Asia,5.33,34.05
Sri Lanka,131,LKA,2020,0.579,NA,Asia,5.38,31.66
Sri Lanka,131,LKA,2021,0.572,NA,Asia,5.38,31.33
Sri Lanka,131,LKA,2022,0.602,NA,Asia,5.33,31.6
Sri Lanka,131,LKA,2023,0.585,NA,Asia,5.33,29.6
Sri Lanka,131,LKA,2024,0.677,NA,Asia,10,31
Sri Lanka,131,LKA,2025,0.783,NA,Asia,9.78,30.99
Eswatini,132,SWZ,1990,0.124,11.147,Africa,NA,43.27
Eswatini,132,SWZ,1991,0.124,11.344,Africa,NA,43.39
Eswatini,132,SWZ,1992,0.124,11.551,Africa,NA,43.51
Eswatini,132,SWZ,1993,0.122,11.824,Africa,NA,43.57
Eswatini,132,SWZ,1994,0.117,12.105,Africa,NA,43.38
Eswatini,132,SWZ,1995,0.117,12.571,Africa,NA,43.26
Eswatini,132,SWZ,1996,0.115,12.86,Africa,NA,43.4
Eswatini,132,SWZ,1997,0.115,12.993,Africa,3.12,43.6
Eswatini,132,SWZ,1998,0.117,13.015,Africa,3.12,43.87
Eswatini,132,SWZ,1999,0.123,13.07,Africa,3.08,44.15
Eswatini,132,SWZ,2000,0.124,13.159,Africa,3.08,44.42
Eswatini,132,SWZ,2001,0.125,13.25,Africa,3.08,44.67
Eswatini,132,SWZ,2002,0.125,13.33,Africa,3.08,44.89
Eswatini,132,SWZ,2003,0.125,13.597,Africa,10.77,45.08
Eswatini,132,SWZ,2004,0.123,13.995,Africa,10.77,45.24
Eswatini,132,SWZ,2005,0.128,14.562,Africa,10.77,45.38
Eswatini,132,SWZ,2006,0.129,15.041,Africa,10.77,45.49
Eswatini,132,SWZ,2007,0.129,15.44,Africa,10.77,45.63
Eswatini,132,SWZ,2008,0.127,15.753,Africa,13.85,45.8
Eswatini,132,SWZ,2009,0.124,16.148,Africa,13.64,45.98
Eswatini,132,SWZ,2010,0.125,16.506,Africa,13.64,46.14
Eswatini,132,SWZ,2011,0.125,16.876,Africa,13.64,46.29
Eswatini,132,SWZ,2012,0.125,17.349,Africa,13.64,46.41
Eswatini,132,SWZ,2013,0.13,17.61,Africa,6.15,46.53
Eswatini,132,SWZ,2014,0.131,17.646,Africa,6.15,46.67
Eswatini,132,SWZ,2015,0.131,17.595,Africa,6.15,46.82
Eswatini,132,SWZ,2016,0.131,17.586,Africa,6.15,46.96
Eswatini,132,SWZ,2017,0.132,17.887,Africa,6.15,47.02
Eswatini,132,SWZ,2018,0.132,18.029,Africa,7.25,47.08
Eswatini,132,SWZ,2019,0.133,18.037,Africa,7.25,47.16
Eswatini,132,SWZ,2020,0.132,NA,Africa,9.59,46.45
Eswatini,132,SWZ,2021,0.12,NA,Africa,9.59,46.9
Eswatini,132,SWZ,2022,0.117,NA,Africa,13.51,47.23
Eswatini,132,SWZ,2023,0.121,NA,Africa,17.14,48.24
Eswatini,132,SWZ,2024,0.129,NA,Africa,21.62,48.42
Eswatini,132,SWZ,2025,0.128,NA,Africa,21.62,48.52
Tajikistan,133,TJK,1990,0.259,10.751,Eastern Europe,NA,44.3
Tajikistan,133,TJK,1991,0.306,9.23,Eastern Europe,NA,44.3
Tajikistan,133,TJK,1992,0.278,7.039,Eastern Europe,NA,44.31
Tajikistan,133,TJK,1993,0.217,5.722,Eastern Europe,NA,44.34
Tajikistan,133,TJK,1994,0.194,4.626,Eastern Europe,NA,44.36
Tajikistan,133,TJK,1995,0.173,4.006,Eastern Europe,NA,44.36
Tajikistan,133,TJK,1996,0.173,3.629,Eastern Europe,NA,44.36
Tajikistan,133,TJK,1997,0.182,3.551,Eastern Europe,2.76,44.36
Tajikistan,133,TJK,1998,0.196,3.536,Eastern Europe,2.76,44.37
Tajikistan,133,TJK,1999,0.209,3.557,Eastern Europe,2.76,44.38
Tajikistan,133,TJK,2000,0.239,3.699,Eastern Europe,15,44.39
Tajikistan,133,TJK,2001,0.244,3.946,Eastern Europe,12.7,44.4
Tajikistan,133,TJK,2002,0.241,4.242,Eastern Europe,12.7,44.4
Tajikistan,133,TJK,2003,0.245,4.616,Eastern Europe,12.7,44.4
Tajikistan,133,TJK,2004,0.243,4.985,Eastern Europe,12.7,41.77
Tajikistan,133,TJK,2005,0.228,5.282,Eastern Europe,17.46,39.16
Tajikistan,133,TJK,2006,0.226,5.589,Eastern Europe,17.46,36.6
Tajikistan,133,TJK,2007,0.227,5.888,Eastern Europe,17.46,34.09
Tajikistan,133,TJK,2008,0.229,6.221,Eastern Europe,17.46,31.66
Tajikistan,133,TJK,2009,0.23,6.453,Eastern Europe,17.46,29.31
Tajikistan,133,TJK,2010,0.225,6.764,Eastern Europe,19.05,28.4
Tajikistan,133,TJK,2011,0.225,7.091,Eastern Europe,19.05,27.51
Tajikistan,133,TJK,2012,0.222,7.44,Eastern Europe,19.05,26.61
Tajikistan,133,TJK,2013,0.206,7.753,Eastern Europe,19.05,25.69
Tajikistan,133,TJK,2014,0.201,8.008,Eastern Europe,16.95,24.8
Tajikistan,133,TJK,2015,0.184,8.175,Eastern Europe,19.05,23.91
Tajikistan,133,TJK,2016,0.174,8.403,Eastern Europe,19.05,23.03
Tajikistan,133,TJK,2017,0.168,8.612,Eastern Europe,19.05,22.25
Tajikistan,133,TJK,2018,0.164,8.788,Eastern Europe,19.05,21.43
Tajikistan,133,TJK,2019,0.164,8.843,Eastern Europe,19.05,20.68
Tajikistan,133,TJK,2020,0.17,NA,Eastern Europe,23.81,20.49
Tajikistan,133,TJK,2021,0.171,NA,Eastern Europe,23.81,20.59
Tajikistan,133,TJK,2022,0.164,NA,Eastern Europe,26.98,21.4
Tajikistan,133,TJK,2023,0.164,NA,Eastern Europe,26.98,21.67
Tajikistan,133,TJK,2024,0.168,NA,Eastern Europe,26.98,21.95
Tajikistan,133,TJK,2025,0.158,NA,Eastern Europe,28.57,21.9
Togo,134,TGO,1990,0.155,3.25,Africa,NA,54.24
Togo,134,TGO,1991,0.229,3.132,Africa,NA,54.31
Togo,134,TGO,1992,0.274,2.969,Africa,NA,54.39
Togo,134,TGO,1993,0.289,2.765,Africa,NA,54.48
Togo,134,TGO,1994,0.317,2.831,Africa,NA,54.56
Togo,134,TGO,1995,0.322,2.913,Africa,NA,54.65
Togo,134,TGO,1996,0.328,3.025,Africa,NA,54.74
Togo,134,TGO,1997,0.328,3.096,Africa,1.23,54.85
Togo,134,TGO,1998,0.31,3.036,Africa,1.23,54.98
Togo,134,TGO,1999,0.297,2.997,Africa,NA,55.09
Togo,134,TGO,2000,0.301,2.914,Africa,4.94,55.18
Togo,134,TGO,2001,0.301,2.859,Africa,4.94,55.26
Togo,134,TGO,2002,0.302,2.838,Africa,4.94,55.31
Togo,134,TGO,2003,0.304,2.831,Africa,7.41,55.36
Togo,134,TGO,2004,0.303,2.801,Africa,6.17,55.42
Togo,134,TGO,2005,0.325,2.749,Africa,7.41,55.47
Togo,134,TGO,2006,0.338,2.727,Africa,8.64,55.53
Togo,134,TGO,2007,0.355,2.706,Africa,11.11,55.58
Togo,134,TGO,2008,0.433,2.723,Africa,11.11,55.61
Togo,134,TGO,2009,0.434,2.778,Africa,11.11,55.62
Togo,134,TGO,2010,0.414,2.838,Africa,11.11,55.6
Togo,134,TGO,2011,0.416,2.913,Africa,11.11,55.58
Togo,134,TGO,2012,0.412,3.004,Africa,11.11,55.58
Togo,134,TGO,2013,0.432,3.117,Africa,15.38,55.58
Togo,134,TGO,2014,0.465,3.201,Africa,17.58,55.61
Togo,134,TGO,2015,0.471,3.269,Africa,17.58,55.64
Togo,134,TGO,2016,0.472,3.347,Africa,17.58,55.69
Togo,134,TGO,2017,0.442,3.437,Africa,17.58,55.74
Togo,134,TGO,2018,0.428,3.516,Africa,17.58,55.8
Togo,134,TGO,2019,0.395,3.584,Africa,16.48,55.87
Togo,134,TGO,2020,0.424,NA,Africa,18.68,55.34
Togo,134,TGO,2021,0.396,NA,Africa,18.68,55.66
Togo,134,TGO,2022,0.399,NA,Africa,18.68,56.24
Togo,134,TGO,2023,0.389,NA,Africa,19.78,56.49
Togo,134,TGO,2024,0.35,NA,Africa,18.58,56.6
Togo,134,TGO,2025,0.351,NA,Africa,15.04,56.64
Trinidad and Tobago,135,TTO,1990,0.744,27.842,Latin America,NA,43.39
Trinidad and Tobago,135,TTO,1991,0.762,27.825,Latin America,NA,43.68
Trinidad and Tobago,135,TTO,1992,0.772,28.44,Latin America,NA,44.53
Trinidad and Tobago,135,TTO,1993,0.772,28.262,Latin America,NA,44.55
Trinidad and Tobago,135,TTO,1994,0.775,28.502,Latin America,NA,45.4
Trinidad and Tobago,135,TTO,1995,0.772,29.426,Latin America,NA,46.23
Trinidad and Tobago,135,TTO,1996,0.776,30.73,Latin America,NA,48.39
Trinidad and Tobago,135,TTO,1997,0.776,32.517,Latin America,11.11,48.49
Trinidad and Tobago,135,TTO,1998,0.776,34.652,Latin America,11.11,48.6
Trinidad and Tobago,135,TTO,1999,0.776,37.547,Latin America,11.11,48.52
Trinidad and Tobago,135,TTO,2000,0.782,40.676,Latin America,NA,48.4
Trinidad and Tobago,135,TTO,2001,0.754,43.034,Latin America,11.11,48.84
Trinidad and Tobago,135,TTO,2002,0.766,46.391,Latin America,19.44,49.28
Trinidad and Tobago,135,TTO,2003,0.776,51.699,Latin America,19.44,51.2
Trinidad and Tobago,135,TTO,2004,0.776,56.55,Latin America,19.44,53.11
Trinidad and Tobago,135,TTO,2005,0.775,61.529,Latin America,19.44,55.02
Trinidad and Tobago,135,TTO,2006,0.779,67.198,Latin America,19.44,55.4
Trinidad and Tobago,135,TTO,2007,0.781,71.067,Latin America,26.83,53.91
Trinidad and Tobago,135,TTO,2008,0.801,73.279,Latin America,26.83,54.57
Trinidad and Tobago,135,TTO,2009,0.801,71.465,Latin America,26.83,53
Trinidad and Tobago,135,TTO,2010,0.802,72.458,Latin America,28.57,52.2
Trinidad and Tobago,135,TTO,2011,0.803,73.538,Latin America,28.57,51.11
Trinidad and Tobago,135,TTO,2012,0.803,74.369,Latin America,28.57,52.89
Trinidad and Tobago,135,TTO,2013,0.777,74.866,Latin America,28.57,52.96
Trinidad and Tobago,135,TTO,2014,0.777,74.036,Latin America,28.57,53.39
Trinidad and Tobago,135,TTO,2015,0.791,71.975,Latin America,30.95,51.96
Trinidad and Tobago,135,TTO,2016,0.79,69.105,Latin America,30.95,51.92
Trinidad and Tobago,135,TTO,2017,0.791,67.149,Latin America,30.95,51.62
Trinidad and Tobago,135,TTO,2018,0.784,66.261,Latin America,30.95,51.34
Trinidad and Tobago,135,TTO,2019,0.787,65.763,Latin America,30.95,51.03
Trinidad and Tobago,135,TTO,2020,0.788,NA,Latin America,26.19,49.32
Trinidad and Tobago,135,TTO,2021,0.791,NA,Latin America,26.19,48.88
Trinidad and Tobago,135,TTO,2022,0.778,NA,Latin America,26.19,50.02
Trinidad and Tobago,135,TTO,2023,0.778,NA,Latin America,28.57,50.03
Trinidad and Tobago,135,TTO,2024,0.773,NA,Latin America,28.57,48.15
Trinidad and Tobago,135,TTO,2025,0.786,NA,Latin America,23.81,47.77
Turkmenistan,136,TKM,1990,NA,16.109,Eastern Europe,NA,43.63
Turkmenistan,136,TKM,1991,0.174,15.145,Eastern Europe,NA,44.49
Turkmenistan,136,TKM,1992,0.161,13.642,Eastern Europe,NA,47
Turkmenistan,136,TKM,1993,0.15,12.641,Eastern Europe,NA,47.1
Turkmenistan,136,TKM,1994,0.149,10.958,Eastern Europe,NA,50.5
Turkmenistan,136,TKM,1995,0.147,9.925,Eastern Europe,NA,52.15
Turkmenistan,136,TKM,1996,0.147,9.408,Eastern Europe,NA,51.28
Turkmenistan,136,TKM,1997,0.143,9.046,Eastern Europe,18,53.86
Turkmenistan,136,TKM,1998,0.143,9.374,Eastern Europe,18,52.86
Turkmenistan,136,TKM,1999,0.143,10.24,Eastern Europe,NA,50.43
Turkmenistan,136,TKM,2000,0.07,11.375,Eastern Europe,26,49.86
Turkmenistan,136,TKM,2001,0.07,12.529,Eastern Europe,26,49.48
Turkmenistan,136,TKM,2002,0.07,13.757,Eastern Europe,26,49.78
Turkmenistan,136,TKM,2003,0.069,15.178,Eastern Europe,26,49.56
Turkmenistan,136,TKM,2004,0.07,16.749,Eastern Europe,NA,49.08
Turkmenistan,136,TKM,2005,0.079,18.639,Eastern Europe,16,47.44
Turkmenistan,136,TKM,2006,0.078,20.559,Eastern Europe,16,46.2
Turkmenistan,136,TKM,2007,0.133,22.679,Eastern Europe,16,45.04
Turkmenistan,136,TKM,2008,0.141,25.233,Eastern Europe,NA,43.6
Turkmenistan,136,TKM,2009,0.143,28.091,Eastern Europe,16.8,43.16
Turkmenistan,136,TKM,2010,0.144,30.729,Eastern Europe,16.8,42.45
Turkmenistan,136,TKM,2011,0.144,33.7,Eastern Europe,16.8,41.36
Turkmenistan,136,TKM,2012,0.145,36.659,Eastern Europe,16.8,40.69
Turkmenistan,136,TKM,2013,0.144,39.703,Eastern Europe,16.8,40.15
Turkmenistan,136,TKM,2014,0.143,42.371,Eastern Europe,26.4,39.68
Turkmenistan,136,TKM,2015,0.143,44.152,Eastern Europe,25.81,39.46
Turkmenistan,136,TKM,2016,0.143,45.569,Eastern Europe,25.81,39.27
Turkmenistan,136,TKM,2017,0.147,46.006,Eastern Europe,25.81,39.09
Turkmenistan,136,TKM,2018,0.149,46.853,Eastern Europe,24.8,38.93
Turkmenistan,136,TKM,2019,0.149,47.662,Eastern Europe,25,38.79
Turkmenistan,136,TKM,2020,0.15,NA,Eastern Europe,25,37.61
Turkmenistan,136,TKM,2021,0.15,NA,Eastern Europe,25,37.84
Turkmenistan,136,TKM,2022,0.148,NA,Eastern Europe,25.86,38.38
Turkmenistan,136,TKM,2023,0.148,NA,Eastern Europe,25.6,38.23
Turkmenistan,136,TKM,2024,0.149,NA,Eastern Europe,25.6,38.35
Turkmenistan,136,TKM,2025,0.148,NA,Eastern Europe,25.6,38.24
German Democratic Republic,137,NA,1990,0.707,32.133,Eastern Europe,NA,NA
Palestine/Gaza,138,PSE,2007,0.131,NA,Middle East,NA,15.02
Palestine/Gaza,138,PSE,2008,0.133,NA,Middle East,NA,14.71
Palestine/Gaza,138,PSE,2009,0.135,NA,Middle East,NA,14.58
Palestine/Gaza,138,PSE,2010,0.141,NA,Middle East,NA,14.03
Palestine/Gaza,138,PSE,2011,0.14,NA,Middle East,NA,15.62
Palestine/Gaza,138,PSE,2012,0.143,NA,Middle East,NA,16.17
Palestine/Gaza,138,PSE,2013,0.129,NA,Middle East,NA,15.83
Palestine/Gaza,138,PSE,2014,0.13,NA,Middle East,NA,16.56
Palestine/Gaza,138,PSE,2015,0.119,NA,Middle East,NA,18
Palestine/Gaza,138,PSE,2016,0.119,NA,Middle East,NA,17.43
Palestine/Gaza,138,PSE,2017,0.121,NA,Middle East,NA,17.66
Palestine/Gaza,138,PSE,2018,0.118,NA,Middle East,NA,17.66
Palestine/Gaza,138,PSE,2019,0.117,NA,Middle East,NA,18.38
Palestine/Gaza,138,PSE,2020,0.129,NA,Middle East,NA,16.43
Palestine/Gaza,138,PSE,2021,0.128,NA,Middle East,NA,17.55
Palestine/Gaza,138,PSE,2022,0.124,NA,Middle East,NA,18.93
Palestine/Gaza,138,PSE,2023,0.122,NA,Middle East,NA,NA
Palestine/Gaza,138,PSE,2024,0.095,NA,Middle East,NA,NA
Palestine/Gaza,138,PSE,2025,0.128,NA,Middle East,NA,NA
Somaliland,139,NA,1991,0.142,NA,Africa,NA,NA
Somaliland,139,NA,1992,0.142,NA,Africa,NA,NA
Somaliland,139,NA,1993,0.162,NA,Africa,NA,NA
Somaliland,139,NA,1994,0.17,NA,Africa,NA,NA
Somaliland,139,NA,1995,0.17,NA,Africa,NA,NA
Somaliland,139,NA,1996,0.17,NA,Africa,NA,NA
Somaliland,139,NA,1997,0.173,NA,Africa,NA,NA
Somaliland,139,NA,1998,0.17,NA,Africa,NA,NA
Somaliland,139,NA,1999,0.17,NA,Africa,NA,NA
Somaliland,139,NA,2000,0.17,NA,Africa,NA,NA
Somaliland,139,NA,2001,0.179,NA,Africa,NA,NA
Somaliland,139,NA,2002,0.198,NA,Africa,NA,NA
Somaliland,139,NA,2003,0.356,NA,Africa,NA,NA
Somaliland,139,NA,2004,0.378,NA,Africa,NA,NA
Somaliland,139,NA,2005,0.384,NA,Africa,NA,NA
Somaliland,139,NA,2006,0.394,NA,Africa,NA,NA
Somaliland,139,NA,2007,0.393,NA,Africa,NA,NA
Somaliland,139,NA,2008,0.393,NA,Africa,NA,NA
Somaliland,139,NA,2009,0.393,NA,Africa,NA,NA
Somaliland,139,NA,2010,0.414,NA,Africa,NA,NA
Somaliland,139,NA,2011,0.436,NA,Africa,NA,NA
Somaliland,139,NA,2012,0.436,NA,Africa,NA,NA
Somaliland,139,NA,2013,0.402,NA,Africa,NA,NA
Somaliland,139,NA,2014,0.401,NA,Africa,NA,NA
Somaliland,139,NA,2015,0.401,NA,Africa,NA,NA
Somaliland,139,NA,2016,0.408,NA,Africa,NA,NA
Somaliland,139,NA,2017,0.413,NA,Africa,NA,NA
Somaliland,139,NA,2018,0.4,NA,Africa,NA,NA
Somaliland,139,NA,2019,0.395,NA,Africa,NA,NA
Somaliland,139,NA,2020,0.399,NA,Africa,NA,NA
Somaliland,139,NA,2021,0.406,NA,Africa,NA,NA
Somaliland,139,NA,2022,0.408,NA,Africa,NA,NA
Somaliland,139,NA,2023,0.402,NA,Africa,NA,NA
Somaliland,139,NA,2024,0.42,NA,Africa,NA,NA
Somaliland,139,NA,2025,0.445,NA,Africa,NA,NA
Uzbekistan,140,UZB,1990,0.203,12.425,Eastern Europe,NA,38.24
Uzbekistan,140,UZB,1991,0.226,11.619,Eastern Europe,NA,38.98
Uzbekistan,140,UZB,1992,0.203,10.603,Eastern Europe,NA,39.36
Uzbekistan,140,UZB,1993,0.199,10.077,Eastern Europe,NA,39.66
Uzbekistan,140,UZB,1994,0.187,9.488,Eastern Europe,NA,39.96
Uzbekistan,140,UZB,1995,0.165,9.189,Eastern Europe,NA,39.93
Uzbekistan,140,UZB,1996,0.163,9.134,Eastern Europe,NA,39.7
Uzbekistan,140,UZB,1997,0.163,9.237,Eastern Europe,6,39.73
Uzbekistan,140,UZB,1998,0.163,9.404,Eastern Europe,6,39.69
Uzbekistan,140,UZB,1999,0.158,9.614,Eastern Europe,NA,39.8
Uzbekistan,140,UZB,2000,0.157,9.787,Eastern Europe,7.2,39.64
Uzbekistan,140,UZB,2001,0.156,10.026,Eastern Europe,7.2,39.5
Uzbekistan,140,UZB,2002,0.157,10.307,Eastern Europe,7.2,39.43
Uzbekistan,140,UZB,2003,0.157,10.682,Eastern Europe,7.2,39.19
Uzbekistan,140,UZB,2004,0.157,11.17,Eastern Europe,17.5,39.06
Uzbekistan,140,UZB,2005,0.16,11.76,Eastern Europe,17.5,38.79
Uzbekistan,140,UZB,2006,0.16,12.41,Eastern Europe,17.5,38.56
Uzbekistan,140,UZB,2007,0.16,13.369,Eastern Europe,17.5,38.43
Uzbekistan,140,UZB,2008,0.163,14.414,Eastern Europe,17.5,38.42
Uzbekistan,140,UZB,2009,0.162,15.495,Eastern Europe,22,38.9
Uzbekistan,140,UZB,2010,0.161,16.477,Eastern Europe,22,38.96
Uzbekistan,140,UZB,2011,0.163,17.501,Eastern Europe,22,38.88
Uzbekistan,140,UZB,2012,0.162,18.604,Eastern Europe,22,39.1
Uzbekistan,140,UZB,2013,0.166,19.732,Eastern Europe,22,39.19
Uzbekistan,140,UZB,2014,0.167,20.713,Eastern Europe,22,39.28
Uzbekistan,140,UZB,2015,0.166,21.598,Eastern Europe,16,39.45
Uzbekistan,140,UZB,2016,0.169,22.323,Eastern Europe,16,39.57
Uzbekistan,140,UZB,2017,0.191,22.374,Eastern Europe,16,39.65
Uzbekistan,140,UZB,2018,0.189,22.566,Eastern Europe,16,39.74
Uzbekistan,140,UZB,2019,0.203,22.516,Eastern Europe,16,39.89
Uzbekistan,140,UZB,2020,0.206,NA,Eastern Europe,32,39.1
Uzbekistan,140,UZB,2021,0.204,NA,Eastern Europe,32.65,39.59
Uzbekistan,140,UZB,2022,0.213,NA,Eastern Europe,33.33,41.1
Uzbekistan,140,UZB,2023,0.215,NA,Eastern Europe,33.57,41.24
Uzbekistan,140,UZB,2024,0.214,NA,Eastern Europe,38,41.27
Uzbekistan,140,UZB,2025,0.218,NA,Eastern Europe,38,41.18
Austria,144,AUT,1990,0.857,63.924,The West,NA,43.1
Austria,144,AUT,1991,0.856,65.789,The West,NA,43.65
Austria,144,AUT,1992,0.858,67.238,The West,NA,45.05
Austria,144,AUT,1993,0.859,68.148,The West,NA,45.65
Austria,144,AUT,1994,0.858,69.578,The West,NA,48.11
Austria,144,AUT,1995,0.857,71.45,The West,NA,48.71
Austria,144,AUT,1996,0.856,73.03,The West,NA,48.27
Austria,144,AUT,1997,0.856,74.795,The West,26.23,48.25
Austria,144,AUT,1998,0.856,77.162,The West,26.23,48.82
Austria,144,AUT,1999,0.857,79.332,The West,NA,49
Austria,144,AUT,2000,0.858,81.44,The West,26.78,48.99
Austria,144,AUT,2001,0.858,82.904,The West,26.78,48.86
Austria,144,AUT,2002,0.858,84.762,The West,NA,50.13
Austria,144,AUT,2003,0.858,86.145,The West,33.88,50.23
Austria,144,AUT,2004,0.858,87.582,The West,33.88,50.06
Austria,144,AUT,2005,0.858,89.226,The West,33.88,50.87
Austria,144,AUT,2006,0.861,91.317,The West,32.24,51.54
Austria,144,AUT,2007,0.872,93.179,The West,32.79,52.38
Austria,144,AUT,2008,0.872,94.215,The West,27.32,52.87
Austria,144,AUT,2009,0.874,93.69,The West,27.87,53.54
Austria,144,AUT,2010,0.872,94.298,The West,27.87,53.65
Austria,144,AUT,2011,0.871,95.511,The West,27.87,53.94
Austria,144,AUT,2012,0.872,96.04,The West,27.87,54.45
Austria,144,AUT,2013,0.875,95.979,The West,33.33,54.71
Austria,144,AUT,2014,0.873,95.732,The West,32.24,54.76
Austria,144,AUT,2015,0.873,94.617,The West,30.6,54.83
Austria,144,AUT,2016,0.848,94.98,The West,30.6,55.35
Austria,144,AUT,2017,0.851,96.83,The West,34.43,55.35
Austria,144,AUT,2018,0.851,98.179,The West,34.43,55.43
Austria,144,AUT,2019,0.862,98.753,The West,39.34,55.51
Austria,144,AUT,2020,0.858,NA,The West,39.34,55.22
Austria,144,AUT,2021,0.854,NA,The West,40.44,55.35
Austria,144,AUT,2022,0.841,NA,The West,40.98,55.69
Austria,144,AUT,2023,0.848,NA,The West,40.98,55.81
Austria,144,AUT,2024,0.84,NA,The West,36.07,55.41
Austria,144,AUT,2025,0.839,NA,The West,35.52,55.06
Bahrain,146,BHR,1990,0.049,33.342,Middle East,NA,29.68
Bahrain,146,BHR,1991,0.049,34.728,Middle East,NA,29.12
Bahrain,146,BHR,1992,0.049,36.531,Middle East,NA,29.71
Bahrain,146,BHR,1993,0.049,38.611,Middle East,NA,30.23
Bahrain,146,BHR,1994,0.049,39.89,Middle East,NA,30.73
Bahrain,146,BHR,1995,0.049,40.792,Middle East,NA,31.24
Bahrain,146,BHR,1996,0.049,41.533,Middle East,NA,31.77
Bahrain,146,BHR,1997,0.049,42.89,Middle East,NA,32.34
Bahrain,146,BHR,1998,0.049,44.313,Middle East,NA,32.96
Bahrain,146,BHR,1999,0.049,46.676,Middle East,NA,33.6
Bahrain,146,BHR,2000,0.065,49.507,Middle East,NA,34.27
Bahrain,146,BHR,2001,0.111,50.452,Middle East,NA,34.91
Bahrain,146,BHR,2002,0.164,51.22,Middle East,NA,35.49
Bahrain,146,BHR,2003,0.211,53.062,Middle East,0,36.07
Bahrain,146,BHR,2004,0.211,54.881,Middle East,0,36.67
Bahrain,146,BHR,2005,0.219,57.087,Middle East,0,37.61
Bahrain,146,BHR,2006,0.221,58.367,Middle East,2.5,38.62
Bahrain,146,BHR,2007,0.22,59.383,Middle East,2.5,39.73
Bahrain,146,BHR,2008,0.22,60.277,Middle East,2.5,40.94
Bahrain,146,BHR,2009,0.22,59.251,Middle East,2.5,42.27
Bahrain,146,BHR,2010,0.216,59.397,Middle East,2.5,43.59
Bahrain,146,BHR,2011,0.171,59.919,Middle East,10,42.58
Bahrain,146,BHR,2012,0.162,61.156,Middle East,10,42.81
Bahrain,146,BHR,2013,0.162,62.248,Middle East,10,42.95
Bahrain,146,BHR,2014,0.16,62.744,Middle East,7.5,43.1
Bahrain,146,BHR,2015,0.144,62.456,Middle East,7.5,43.37
Bahrain,146,BHR,2016,0.139,62.027,Middle East,7.5,43.54
Bahrain,146,BHR,2017,0.133,60.891,Middle East,7.5,43.58
Bahrain,146,BHR,2018,0.13,59.101,Middle East,15,43.21
Bahrain,146,BHR,2019,0.132,55.987,Middle East,15,42.52
Bahrain,146,BHR,2020,0.132,NA,Middle East,15,41.05
Bahrain,146,BHR,2021,0.134,NA,Middle East,15,41.2
Bahrain,146,BHR,2022,0.135,NA,Middle East,20,42.2
Bahrain,146,BHR,2023,0.138,NA,Middle East,20,42.38
Bahrain,146,BHR,2024,0.138,NA,Middle East,20,42.41
Bahrain,146,BHR,2025,0.139,NA,Middle East,20,42.29
Barbados,147,BRB,1990,0.748,33.97,Latin America,NA,60.94
Barbados,147,BRB,1991,0.762,33.575,Latin America,NA,60.93
Barbados,147,BRB,1992,0.762,32.767,Latin America,NA,60.87
Barbados,147,BRB,1993,0.762,32.914,Latin America,NA,61.48
Barbados,147,BRB,1994,0.762,33.645,Latin America,NA,62.08
Barbados,147,BRB,1995,0.762,34.554,Latin America,NA,63.35
Barbados,147,BRB,1996,0.762,35.909,Latin America,NA,63.61
Barbados,147,BRB,1997,0.762,37.058,Latin America,10.71,63.03
Barbados,147,BRB,1998,0.762,37.666,Latin America,10.71,63.25
Barbados,147,BRB,1999,0.77,38.054,Latin America,10.71,63.42
Barbados,147,BRB,2000,0.769,38.427,Latin America,10.71,63.61
Barbados,147,BRB,2001,0.769,37.827,Latin America,10.71,63.8
Barbados,147,BRB,2002,0.769,37.471,Latin America,10.71,63.93
Barbados,147,BRB,2003,0.767,37.642,Latin America,13.33,64.05
Barbados,147,BRB,2004,0.766,37.889,Latin America,13.33,64.71
Barbados,147,BRB,2005,0.766,38.552,Latin America,13.33,64.69
Barbados,147,BRB,2006,0.766,39.273,Latin America,13.33,64.68
Barbados,147,BRB,2007,0.766,39.641,Latin America,13.33,64.68
Barbados,147,BRB,2008,0.783,39.193,Latin America,10,64.65
Barbados,147,BRB,2009,0.784,37.843,Latin America,10,64.54
Barbados,147,BRB,2010,0.784,36.574,Latin America,10,64.42
Barbados,147,BRB,2011,0.784,35.282,Latin America,10,64.3
Barbados,147,BRB,2012,0.784,34.317,Latin America,10,62.88
Barbados,147,BRB,2013,0.781,33.617,Latin America,16.67,64
Barbados,147,BRB,2014,0.78,33.362,Latin America,16.67,63.22
Barbados,147,BRB,2015,0.776,33.317,Latin America,16.67,61.73
Barbados,147,BRB,2016,0.776,33.941,Latin America,16.67,62.53
Barbados,147,BRB,2017,0.773,35.407,Latin America,16.67,62.52
Barbados,147,BRB,2018,0.776,36.324,Latin America,20,61.62
Barbados,147,BRB,2019,0.792,37.336,Latin America,20,61.59
Barbados,147,BRB,2020,0.811,NA,Latin America,20,59.69
Barbados,147,BRB,2021,0.807,NA,Latin America,20,58.96
Barbados,147,BRB,2022,0.802,NA,Latin America,26.67,61.11
Barbados,147,BRB,2023,0.802,NA,Latin America,26.67,61.15
Barbados,147,BRB,2024,0.802,NA,Latin America,26.67,61.37
Barbados,147,BRB,2025,0.797,NA,Latin America,26.67,61.03
Belgium,148,BEL,1990,0.869,67.235,The West,NA,36.46
Belgium,148,BEL,1991,0.87,68.782,The West,NA,37.91
Belgium,148,BEL,1992,0.879,69.984,The West,NA,38.76
Belgium,148,BEL,1993,0.879,70.487,The West,NA,39.46
Belgium,148,BEL,1994,0.879,71.902,The West,NA,40.04
Belgium,148,BEL,1995,0.882,73.393,The West,NA,40.42
Belgium,148,BEL,1996,0.882,74.561,The West,NA,40.53
Belgium,148,BEL,1997,0.882,76.337,The West,12.67,40.97
Belgium,148,BEL,1998,0.882,78.162,The West,12.67,41.54
Belgium,148,BEL,1999,0.883,80.349,The West,23.33,43.15
Belgium,148,BEL,2000,0.885,82.558,The West,23.33,43.62
Belgium,148,BEL,2001,0.885,83.705,The West,23.33,41.79
Belgium,148,BEL,2002,0.885,85.015,The West,23.33,42.51
Belgium,148,BEL,2003,0.886,86.097,The West,35.33,42.88
Belgium,148,BEL,2004,0.864,87.701,The West,34.67,44.18
Belgium,148,BEL,2005,0.884,88.972,The West,34.67,45.69
Belgium,148,BEL,2006,0.885,90.267,The West,34.67,45.82
Belgium,148,BEL,2007,0.891,91.669,The West,35.33,46.59
Belgium,148,BEL,2008,0.899,92.293,The West,35.33,46.93
Belgium,148,BEL,2009,0.899,92.161,The West,38,46.98
Belgium,148,BEL,2010,0.9,92.563,The West,39.33,47.77
Belgium,148,BEL,2011,0.9,92.686,The West,38,47.1
Belgium,148,BEL,2012,0.9,92.725,The West,38,47.16
Belgium,148,BEL,2013,0.902,92.798,The West,38,47.8
Belgium,148,BEL,2014,0.902,92.759,The West,39.33,48.12
Belgium,148,BEL,2015,0.901,91.647,The West,39.33,48.04
Belgium,148,BEL,2016,0.901,92.339,The West,39.33,47.81
Belgium,148,BEL,2017,0.9,94.35,The West,38,47.97
Belgium,148,BEL,2018,0.9,95.641,The West,38,48.77
Belgium,148,BEL,2019,0.901,96.77,The West,42,49.1
Belgium,148,BEL,2020,0.897,NA,The West,41.33,48.66
Belgium,148,BEL,2021,0.897,NA,The West,42,49.37
Belgium,148,BEL,2022,0.895,NA,The West,42.67,50.03
Belgium,148,BEL,2023,0.895,NA,The West,42.67,49.83
Belgium,148,BEL,2024,0.891,NA,The West,41.33,49.97
Belgium,148,BEL,2025,0.889,NA,The West,41.33,49.78
Bosnia and Herzegovina,150,BIH,1992,0.249,6.219,Eastern Europe,NA,42.51
Bosnia and Herzegovina,150,BIH,1993,0.249,5.519,Eastern Europe,NA,42.21
Bosnia and Herzegovina,150,BIH,1994,0.187,5.383,Eastern Europe,NA,42.03
Bosnia and Herzegovina,150,BIH,1995,0.187,6.301,Eastern Europe,NA,41.64
Bosnia and Herzegovina,150,BIH,1996,0.268,8.762,Eastern Europe,NA,41.45
Bosnia and Herzegovina,150,BIH,1997,0.584,11.097,Eastern Europe,NA,41.48
Bosnia and Herzegovina,150,BIH,1998,0.6,12.778,Eastern Europe,NA,41.34
Bosnia and Herzegovina,150,BIH,1999,0.621,13.938,Eastern Europe,NA,41.33
Bosnia and Herzegovina,150,BIH,2000,0.635,14.522,Eastern Europe,NA,41.25
Bosnia and Herzegovina,150,BIH,2001,0.654,14.948,Eastern Europe,7.14,41.13
Bosnia and Herzegovina,150,BIH,2002,0.654,15.182,Eastern Europe,NA,41.14
Bosnia and Herzegovina,150,BIH,2003,0.661,15.579,Eastern Europe,16.67,40.93
Bosnia and Herzegovina,150,BIH,2004,0.647,16.2,Eastern Europe,16.67,40.79
Bosnia and Herzegovina,150,BIH,2005,0.647,17.071,Eastern Europe,16.67,40.56
Bosnia and Herzegovina,150,BIH,2006,0.626,17.986,Eastern Europe,14.29,40.52
Bosnia and Herzegovina,150,BIH,2007,0.566,19.007,Eastern Europe,11.9,40.48
Bosnia and Herzegovina,150,BIH,2008,0.562,19.794,Eastern Europe,11.9,40.46
Bosnia and Herzegovina,150,BIH,2009,0.56,20.133,Eastern Europe,19.05,40.33
Bosnia and Herzegovina,150,BIH,2010,0.566,20.361,Eastern Europe,16.67,40.21
Bosnia and Herzegovina,150,BIH,2011,0.564,20.63,Eastern Europe,21.43,39.77
Bosnia and Herzegovina,150,BIH,2012,0.566,20.897,Eastern Europe,21.43,39.56
Bosnia and Herzegovina,150,BIH,2013,0.56,21.386,Eastern Europe,21.43,39.31
Bosnia and Herzegovina,150,BIH,2014,0.557,21.846,Eastern Europe,21.43,38.99
Bosnia and Herzegovina,150,BIH,2015,0.547,22.396,Eastern Europe,21.43,38.82
Bosnia and Herzegovina,150,BIH,2016,0.547,23.202,Eastern Europe,21.43,38.63
Bosnia and Herzegovina,150,BIH,2017,0.541,24.443,Eastern Europe,21.43,38.56
Bosnia and Herzegovina,150,BIH,2018,0.513,25.454,Eastern Europe,21.43,38.38
Bosnia and Herzegovina,150,BIH,2019,0.515,26.094,Eastern Europe,21.43,38.21
Bosnia and Herzegovina,150,BIH,2020,0.517,NA,Eastern Europe,26.19,37.12
Bosnia and Herzegovina,150,BIH,2021,0.508,NA,Eastern Europe,26.19,37.42
Bosnia and Herzegovina,150,BIH,2022,0.521,NA,Eastern Europe,16.67,38.54
Bosnia and Herzegovina,150,BIH,2023,0.502,NA,Eastern Europe,19.05,39.53
Bosnia and Herzegovina,150,BIH,2024,0.507,NA,Eastern Europe,19.05,39.4
Bosnia and Herzegovina,150,BIH,2025,0.498,NA,Eastern Europe,19.05,39.24
Bulgaria,152,BGR,1990,0.572,25.071,Eastern Europe,NA,44.91
Bulgaria,152,BGR,1991,0.622,23.798,Eastern Europe,NA,44.73
Bulgaria,152,BGR,1992,0.698,22.836,Eastern Europe,NA,44.6
Bulgaria,152,BGR,1993,0.693,22.308,Eastern Europe,NA,44.44
Bulgaria,152,BGR,1994,0.692,22.343,Eastern Europe,NA,44.34
Bulgaria,152,BGR,1995,0.691,22.545,Eastern Europe,NA,44.22
Bulgaria,152,BGR,1996,0.698,21.966,Eastern Europe,NA,44.03
Bulgaria,152,BGR,1997,0.712,21.267,Eastern Europe,10.83,44.45
Bulgaria,152,BGR,1998,0.707,21.618,Eastern Europe,10.83,44.24
Bulgaria,152,BGR,1999,0.716,21.668,Eastern Europe,10.83,44.55
Bulgaria,152,BGR,2000,0.717,22.507,Eastern Europe,10.83,44.32
Bulgaria,152,BGR,2001,0.692,23.711,Eastern Europe,26.25,46.66
Bulgaria,152,BGR,2002,0.721,25.226,Eastern Europe,26.25,46.2
Bulgaria,152,BGR,2003,0.721,26.723,Eastern Europe,26.25,44.86
Bulgaria,152,BGR,2004,0.721,28.405,Eastern Europe,26.25,45.71
Bulgaria,152,BGR,2005,0.701,30.284,Eastern Europe,22.08,44.65
Bulgaria,152,BGR,2006,0.706,32.426,Eastern Europe,22.08,46.74
Bulgaria,152,BGR,2007,0.705,34.661,Eastern Europe,21.67,48.07
Bulgaria,152,BGR,2008,0.711,36.533,Eastern Europe,21.67,48.92
Bulgaria,152,BGR,2009,0.691,37.099,Eastern Europe,20.83,48.06
Bulgaria,152,BGR,2010,0.674,37.669,Eastern Europe,20.83,47.82
Bulgaria,152,BGR,2011,0.672,38.277,Eastern Europe,20.83,47.2
Bulgaria,152,BGR,2012,0.664,38.804,Eastern Europe,22.92,47.96
Bulgaria,152,BGR,2013,0.657,39.331,Eastern Europe,24.58,48.53
Bulgaria,152,BGR,2014,0.673,39.93,Eastern Europe,20,48.39
Bulgaria,152,BGR,2015,0.671,40.318,Eastern Europe,20.42,48.72
Bulgaria,152,BGR,2016,0.667,41.635,Eastern Europe,20.42,47.44
Bulgaria,152,BGR,2017,0.624,43.568,Eastern Europe,23.75,49.6
Bulgaria,152,BGR,2018,0.612,45.112,Eastern Europe,23.75,49.18
Bulgaria,152,BGR,2019,0.609,46.229,Eastern Europe,25.83,50.38
Bulgaria,152,BGR,2020,0.607,NA,Eastern Europe,26.67,49.52
Bulgaria,152,BGR,2021,0.665,NA,Eastern Europe,23.75,49.19
Bulgaria,152,BGR,2022,0.679,NA,Eastern Europe,24.17,50.8
Bulgaria,152,BGR,2023,0.659,NA,Eastern Europe,24.17,51.03
Bulgaria,152,BGR,2024,0.645,NA,Eastern Europe,20.83,50.49
Bulgaria,152,BGR,2025,0.599,NA,Eastern Europe,25,50.38
Comoros,153,COM,1990,0.381,3.997,Africa,NA,32.16
Comoros,153,COM,1991,0.418,3.988,Africa,NA,32.18
Comoros,153,COM,1992,0.414,4.048,Africa,NA,32.15
Comoros,153,COM,1993,0.339,4.023,Africa,NA,32.05
Comoros,153,COM,1994,0.399,3.882,Africa,NA,31.99
Comoros,153,COM,1995,0.4,3.889,Africa,NA,31.95
Comoros,153,COM,1996,0.317,3.831,Africa,NA,31.95
Comoros,153,COM,1997,0.429,3.816,Africa,0,31.97
Comoros,153,COM,1998,0.43,3.764,Africa,0,32.03
Comoros,153,COM,1999,0.296,3.762,Africa,NA,32.13
Comoros,153,COM,2000,0.218,3.805,Africa,NA,32.24
Comoros,153,COM,2001,0.221,3.853,Africa,NA,32.32
Comoros,153,COM,2002,0.315,3.878,Africa,NA,32.37
Comoros,153,COM,2003,0.369,3.86,Africa,NA,32.46
Comoros,153,COM,2004,0.408,3.842,Africa,3.03,32.62
Comoros,153,COM,2005,0.427,3.86,Africa,3.03,32.63
Comoros,153,COM,2006,0.419,3.903,Africa,3.03,32.64
Comoros,153,COM,2007,0.414,3.882,Africa,3.03,32.64
Comoros,153,COM,2008,0.414,3.918,Africa,3.03,32.65
Comoros,153,COM,2009,0.418,3.935,Africa,0,32.65
Comoros,153,COM,2010,0.416,3.946,Africa,3.03,32.66
Comoros,153,COM,2011,0.446,4.004,Africa,3.03,32.68
Comoros,153,COM,2012,0.446,4.082,Africa,3.03,32.69
Comoros,153,COM,2013,0.467,4.186,Africa,3.03,32.71
Comoros,153,COM,2014,0.467,4.248,Africa,3.03,32.73
Comoros,153,COM,2015,0.395,4.294,Africa,3.03,34.78
Comoros,153,COM,2016,0.385,4.385,Africa,3.03,36.84
Comoros,153,COM,2017,0.38,4.592,Africa,6.06,38.97
Comoros,153,COM,2018,0.367,4.725,Africa,6.06,41.15
Comoros,153,COM,2019,0.305,4.837,Africa,6.06,43.32
Comoros,153,COM,2020,0.28,NA,Africa,16.67,44.89
Comoros,153,COM,2021,0.28,NA,Africa,16.67,47.07
Comoros,153,COM,2022,0.272,NA,Africa,16.67,47.03
Comoros,153,COM,2023,0.264,NA,Africa,16.67,47.06
Comoros,153,COM,2024,0.276,NA,Africa,16.67,47.13
Comoros,153,COM,2025,0.293,NA,Africa,18.18,47.65
Croatia,154,HRV,1991,0.242,27.029,Eastern Europe,NA,46.62
Croatia,154,HRV,1992,0.299,24.43,Eastern Europe,NA,46.31
Croatia,154,HRV,1993,0.377,23.161,Eastern Europe,NA,46
Croatia,154,HRV,1994,0.384,23.629,Eastern Europe,NA,45.69
Croatia,154,HRV,1995,0.386,25.138,Eastern Europe,NA,45.39
Croatia,154,HRV,1996,0.406,26.812,Eastern Europe,NA,45.12
Croatia,154,HRV,1997,0.422,28.44,Eastern Europe,7.87,44.87
Croatia,154,HRV,1998,0.428,29.54,Eastern Europe,7.87,44.66
Croatia,154,HRV,1999,0.431,30.26,Eastern Europe,7.87,44.51
Croatia,154,HRV,2000,0.76,31.485,Eastern Europe,20.53,44.41
Croatia,154,HRV,2001,0.767,33.104,Eastern Europe,20.53,44.3
Croatia,154,HRV,2002,0.766,35.618,Eastern Europe,20.53,44.14
Croatia,154,HRV,2003,0.769,37.797,Eastern Europe,NA,44.09
Croatia,154,HRV,2004,0.757,39.669,Eastern Europe,21.71,45.2
Croatia,154,HRV,2005,0.775,41.468,Eastern Europe,21.71,45.39
Croatia,154,HRV,2006,0.772,43.459,Eastern Europe,21.71,45.42
Croatia,154,HRV,2007,0.784,45.345,Eastern Europe,20.92,45.06
Croatia,154,HRV,2008,0.779,46.29,Eastern Europe,20.92,45.65
Croatia,154,HRV,2009,0.784,45.361,Eastern Europe,23.53,46.58
Croatia,154,HRV,2010,0.844,44.744,Eastern Europe,23.53,46.03
Croatia,154,HRV,2011,0.853,44.569,Eastern Europe,23.84,44.48
Croatia,154,HRV,2012,0.851,44.193,Eastern Europe,23.84,44.47
Croatia,154,HRV,2013,0.828,44.072,Eastern Europe,23.84,44.45
Croatia,154,HRV,2014,0.823,44.259,Eastern Europe,23.84,46.25
Croatia,154,HRV,2015,0.816,44.859,Eastern Europe,15.23,46.66
Croatia,154,HRV,2016,0.765,46.171,Eastern Europe,12.58,45.15
Croatia,154,HRV,2017,0.739,48.085,Eastern Europe,18.54,45.24
Croatia,154,HRV,2018,0.729,49.604,Eastern Europe,18.54,45.01
Croatia,154,HRV,2019,0.734,50.321,Eastern Europe,20.53,44.78
Croatia,154,HRV,2020,0.756,NA,Eastern Europe,31.13,44.45
Croatia,154,HRV,2021,0.747,NA,Eastern Europe,31.13,45.87
Croatia,154,HRV,2022,0.724,NA,Eastern Europe,31.79,46.98
Croatia,154,HRV,2023,0.725,NA,Eastern Europe,31.79,47.14
Croatia,154,HRV,2024,0.71,NA,Eastern Europe,33.11,47.54
Croatia,154,HRV,2025,0.686,NA,Eastern Europe,33.11,47.38
Cuba,155,CUB,1990,0.071,13.578,Latin America,NA,36.35
Cuba,155,CUB,1991,0.071,12.213,Latin America,NA,35.43
Cuba,155,CUB,1992,0.071,10.847,Latin America,NA,34.48
Cuba,155,CUB,1993,0.103,9.721,Latin America,NA,33.31
Cuba,155,CUB,1994,0.108,9.444,Latin America,NA,33.38
Cuba,155,CUB,1995,0.108,9.585,Latin America,NA,33.66
Cuba,155,CUB,1996,0.108,9.968,Latin America,NA,34.33
Cuba,155,CUB,1997,0.108,10.258,Latin America,22.75,34.74
Cuba,155,CUB,1998,0.113,10.481,Latin America,27.62,34.99
Cuba,155,CUB,1999,0.113,10.884,Latin America,27.62,35.64
Cuba,155,CUB,2000,0.113,11.441,Latin America,27.62,36.26
Cuba,155,CUB,2001,0.113,11.87,Latin America,27.62,36.71
Cuba,155,CUB,2002,0.113,12.187,Latin America,27.62,37.06
Cuba,155,CUB,2003,0.114,12.514,Latin America,35.96,37.51
Cuba,155,CUB,2004,0.114,12.845,Latin America,35.96,38.07
Cuba,155,CUB,2005,0.113,13.438,Latin America,35.96,39
Cuba,155,CUB,2006,0.113,14.325,Latin America,35.96,40
Cuba,155,CUB,2007,0.113,15.078,Latin America,35.96,40.72
Cuba,155,CUB,2008,0.105,15.719,Latin America,43.16,41.27
Cuba,155,CUB,2009,0.167,16.278,Latin America,43.16,42.46
Cuba,155,CUB,2010,0.167,16.777,Latin America,43.16,41.93
Cuba,155,CUB,2011,0.167,17.247,Latin America,45.22,42.4
Cuba,155,CUB,2012,0.167,17.683,Latin America,45.22,42.92
Cuba,155,CUB,2013,0.168,18.014,Latin America,48.86,43.44
Cuba,155,CUB,2014,0.168,18.066,Latin America,48.86,43.8
Cuba,155,CUB,2015,0.168,18.479,Latin America,48.86,44.31
Cuba,155,CUB,2016,0.169,19.096,Latin America,48.86,44.48
Cuba,155,CUB,2017,0.168,19.482,Latin America,48.86,44.64
Cuba,155,CUB,2018,0.177,19.706,Latin America,53.22,44.77
Cuba,155,CUB,2019,0.181,19.759,Latin America,53.22,44.69
Cuba,155,CUB,2020,0.178,NA,Latin America,53.22,42.29
Cuba,155,CUB,2021,0.178,NA,Latin America,53.41,42.43
Cuba,155,CUB,2022,0.178,NA,Latin America,53.41,41.92
Cuba,155,CUB,2023,0.175,NA,Latin America,55.74,41.16
Cuba,155,CUB,2024,0.178,NA,Latin America,55.74,40.39
Cuba,155,CUB,2025,0.176,NA,Latin America,55.74,39.97
Cyprus,156,CYP,1990,0.752,43.905,The West,NA,42.67
Cyprus,156,CYP,1991,0.764,44.806,The West,NA,43.44
Cyprus,156,CYP,1992,0.773,46.345,The West,NA,43.86
Cyprus,156,CYP,1993,0.774,47.068,The West,NA,44.61
Cyprus,156,CYP,1994,0.774,48.552,The West,NA,45.37
Cyprus,156,CYP,1995,0.774,50.434,The West,NA,46.12
Cyprus,156,CYP,1996,0.776,51.252,The West,NA,46.83
Cyprus,156,CYP,1997,0.778,52.226,The West,5.36,47.49
Cyprus,156,CYP,1998,0.765,53.883,The West,5.36,48.11
Cyprus,156,CYP,1999,0.765,56.03,The West,5.36,48.71
Cyprus,156,CYP,2000,0.795,58.453,The West,7.14,49.3
Cyprus,156,CYP,2001,0.805,60.317,The West,10.71,51.87
Cyprus,156,CYP,2002,0.81,61.561,The West,10.71,52.34
Cyprus,156,CYP,2003,0.805,62.355,The West,10.71,53.75
Cyprus,156,CYP,2004,0.826,63.98,The West,16.07,53.67
Cyprus,156,CYP,2005,0.825,65.708,The West,16.07,53.51
Cyprus,156,CYP,2006,0.834,67.383,The West,14.29,54.3
Cyprus,156,CYP,2007,0.837,69.089,The West,14.29,55.72
Cyprus,156,CYP,2008,0.836,70.019,The West,14.29,56.12
Cyprus,156,CYP,2009,0.836,69.374,The West,12.5,56.69
Cyprus,156,CYP,2010,0.845,68.196,The West,12.5,57.84
Cyprus,156,CYP,2011,0.845,66.375,The West,10.71,57.52
Cyprus,156,CYP,2012,0.845,64.057,The West,10.71,57.2
Cyprus,156,CYP,2013,0.847,61.583,The West,10.71,57.37
Cyprus,156,CYP,2014,0.846,60.68,The West,12.5,58.94
Cyprus,156,CYP,2015,0.851,60.965,The West,12.5,59.1
Cyprus,156,CYP,2016,0.851,62.817,The West,17.86,58.28
Cyprus,156,CYP,2017,0.84,65.787,The West,17.86,58.92
Cyprus,156,CYP,2018,0.836,67.843,The West,17.86,59.63
Cyprus,156,CYP,2019,0.84,69.276,The West,17.86,60.1
Cyprus,156,CYP,2020,0.807,NA,The West,19.64,59.05
Cyprus,156,CYP,2021,0.795,NA,The West,14.29,59.53
Cyprus,156,CYP,2022,0.779,NA,The West,14.29,61.22
Cyprus,156,CYP,2023,0.777,NA,The West,14.29,62.5
Cyprus,156,CYP,2024,0.777,NA,The West,14.29,61.41
Cyprus,156,CYP,2025,0.773,NA,The West,14.29,61.21
Czechia,157,CZE,1990,0.794,35.741,Eastern Europe,NA,52.74
Czechia,157,CZE,1991,0.883,33.796,Eastern Europe,NA,52.29
Czechia,157,CZE,1992,0.884,32.982,Eastern Europe,NA,52.32
Czechia,157,CZE,1993,0.895,37.373,Eastern Europe,NA,52.36
Czechia,157,CZE,1994,0.895,38.515,Eastern Europe,NA,52.62
Czechia,157,CZE,1995,0.895,40.234,Eastern Europe,NA,52.4
Czechia,157,CZE,1996,0.892,41.61,Eastern Europe,NA,51.86
Czechia,157,CZE,1997,0.891,41.975,Eastern Europe,15,51.86
Czechia,157,CZE,1998,0.884,42.334,Eastern Europe,15,51.96
Czechia,157,CZE,1999,0.878,43.063,Eastern Europe,15,52.15
Czechia,157,CZE,2000,0.878,44.607,Eastern Europe,15,51.64
Czechia,157,CZE,2001,0.878,46.531,Eastern Europe,15,51.27
Czechia,157,CZE,2002,0.884,48.69,Eastern Europe,17,50.95
Czechia,157,CZE,2003,0.891,50.847,Eastern Europe,17,50.83
Czechia,157,CZE,2004,0.892,53.425,Eastern Europe,17,50.55
Czechia,157,CZE,2005,0.892,56.32,Eastern Europe,17,50.66
Czechia,157,CZE,2006,0.896,59.359,Eastern Europe,15.5,50.53
Czechia,157,CZE,2007,0.897,61.896,Eastern Europe,15.5,49.75
Czechia,157,CZE,2008,0.897,63.066,Eastern Europe,15.5,49.22
Czechia,157,CZE,2009,0.888,62.645,Eastern Europe,15.5,49.44
Czechia,157,CZE,2010,0.883,63.025,Eastern Europe,22,49.23
Czechia,157,CZE,2011,0.891,63.703,Eastern Europe,22,49.47
Czechia,157,CZE,2012,0.891,63.92,Eastern Europe,22,50.04
Czechia,157,CZE,2013,0.863,64.522,Eastern Europe,19.5,50.89
Czechia,157,CZE,2014,0.852,65.803,Eastern Europe,19.5,50.8
Czechia,157,CZE,2015,0.852,67.463,Eastern Europe,20,51.19
Czechia,157,CZE,2016,0.852,69.539,Eastern Europe,20,51.74
Czechia,157,CZE,2017,0.833,72.427,Eastern Europe,22,52.11
Czechia,157,CZE,2018,0.81,74.617,Eastern Europe,22,52.56
Czechia,157,CZE,2019,0.8,75.901,Eastern Europe,22.5,52.3
Czechia,157,CZE,2020,0.806,NA,Eastern Europe,22.5,51.46
Czechia,157,CZE,2021,0.789,NA,Eastern Europe,25,51.56
Czechia,157,CZE,2022,0.854,NA,Eastern Europe,25.5,52.19
Czechia,157,CZE,2023,0.863,NA,Eastern Europe,26,53.24
Czechia,157,CZE,2024,0.865,NA,Eastern Europe,26,53.66
Czechia,157,CZE,2025,0.849,NA,Eastern Europe,33.5,53.46
Denmark,158,DNK,1990,0.908,73.358,The West,NA,61.11
Denmark,158,DNK,1991,0.909,74.493,The West,NA,61.44
Denmark,158,DNK,1992,0.909,75.823,The West,NA,61.59
Denmark,158,DNK,1993,0.909,76.869,The West,NA,61
Denmark,158,DNK,1994,0.909,79.101,The West,NA,57.92
Denmark,158,DNK,1995,0.908,81.393,The West,NA,57.91
Denmark,158,DNK,1996,0.908,83.229,The West,NA,58.32
Denmark,158,DNK,1997,0.908,85.292,The West,32.96,58.6
Denmark,158,DNK,1998,0.906,87.325,The West,37.43,59.36
Denmark,158,DNK,1999,0.906,89.623,The West,37.43,60.16
Denmark,158,DNK,2000,0.906,91.788,The West,37.43,60.03
Denmark,158,DNK,2001,0.906,93.216,The West,NA,59.87
Denmark,158,DNK,2002,0.908,94.778,The West,37.99,60.31
Denmark,158,DNK,2003,0.908,95.828,The West,37.99,59.95
Denmark,158,DNK,2004,0.908,97.815,The West,37.99,60.63
Denmark,158,DNK,2005,0.92,99.611,The West,36.87,60.62
Denmark,158,DNK,2006,0.922,101.787,The West,36.87,61.3
Denmark,158,DNK,2007,0.922,102.651,The West,37.99,60.85
Denmark,158,DNK,2008,0.921,102.444,The West,37.99,60.05
Denmark,158,DNK,2009,0.921,101.315,The West,37.99,59.77
Denmark,158,DNK,2010,0.921,101.478,The West,37.99,58.97
Denmark,158,DNK,2011,0.921,102.051,The West,39.11,58.71
Denmark,158,DNK,2012,0.921,102.151,The West,39.11,58.28
Denmark,158,DNK,2013,0.921,102.416,The West,39.11,57.68
Denmark,158,DNK,2014,0.921,102.553,The West,39.11,57.1
Denmark,158,DNK,2015,0.921,101.711,The West,37.43,56.84
Denmark,158,DNK,2016,0.918,102.662,The West,37.43,57.68
Denmark,158,DNK,2017,0.918,104.979,The West,37.43,57.74
Denmark,158,DNK,2018,0.918,106.803,The West,37.43,57.65
Denmark,158,DNK,2019,0.916,108.005,The West,39.11,58.06
Denmark,158,DNK,2020,0.915,NA,The West,39.66,57.89
Denmark,158,DNK,2021,0.915,NA,The West,39.66,58.16
Denmark,158,DNK,2022,0.915,NA,The West,43.58,59.55
Denmark,158,DNK,2023,0.917,NA,The West,43.58,59.81
Denmark,158,DNK,2024,0.917,NA,The West,45.25,60.9
Denmark,158,DNK,2025,0.913,NA,The West,43.58,60.79
Equatorial Guinea,160,GNQ,1990,0.162,5.264,Africa,NA,52.38
Equatorial Guinea,160,GNQ,1991,0.162,5.225,Africa,NA,52.45
Equatorial Guinea,160,GNQ,1992,0.162,5.663,Africa,NA,52.51
Equatorial Guinea,160,GNQ,1993,0.171,6.153,Africa,NA,52.56
Equatorial Guinea,160,GNQ,1994,0.176,6.784,Africa,NA,52.6
Equatorial Guinea,160,GNQ,1995,0.181,8.043,Africa,NA,52.62
Equatorial Guinea,160,GNQ,1996,0.182,11.07,Africa,NA,52.64
Equatorial Guinea,160,GNQ,1997,0.18,17.197,Africa,8.75,52.66
Equatorial Guinea,160,GNQ,1998,0.18,22.099,Africa,8.75,52.67
Equatorial Guinea,160,GNQ,1999,0.182,27.438,Africa,5,52.68
Equatorial Guinea,160,GNQ,2000,0.186,33.584,Africa,5,52.66
Equatorial Guinea,160,GNQ,2001,0.186,44.469,Africa,5,52.61
Equatorial Guinea,160,GNQ,2002,0.186,53.384,Africa,5,52.56
Equatorial Guinea,160,GNQ,2003,0.185,61.431,Africa,5,52.5
Equatorial Guinea,160,GNQ,2004,0.184,71.958,Africa,18,52.4
Equatorial Guinea,160,GNQ,2005,0.18,80.124,Africa,18,52.31
Equatorial Guinea,160,GNQ,2006,0.182,85.826,Africa,18,52.25
Equatorial Guinea,160,GNQ,2007,0.182,93.195,Africa,18,52.22
Equatorial Guinea,160,GNQ,2008,0.179,100.347,Africa,6,52.24
Equatorial Guinea,160,GNQ,2009,0.18,100.181,Africa,10,52.32
Equatorial Guinea,160,GNQ,2010,0.177,96.533,Africa,10,52.48
Equatorial Guinea,160,GNQ,2011,0.176,96.829,Africa,10,52.7
Equatorial Guinea,160,GNQ,2012,0.176,96.471,Africa,10,52.93
Equatorial Guinea,160,GNQ,2013,0.177,92.497,Africa,12.12,53.18
Equatorial Guinea,160,GNQ,2014,0.179,86.808,Africa,24,53.4
Equatorial Guinea,160,GNQ,2015,0.178,77.963,Africa,24,53.6
Equatorial Guinea,160,GNQ,2016,0.18,69.738,Africa,24,53.74
Equatorial Guinea,160,GNQ,2017,0.174,63.224,Africa,NA,53.85
Equatorial Guinea,160,GNQ,2018,0.177,58.17,Africa,20,53.91
Equatorial Guinea,160,GNQ,2019,0.178,54.551,Africa,21,53.93
Equatorial Guinea,160,GNQ,2020,0.175,NA,Africa,21,50.15
Equatorial Guinea,160,GNQ,2021,0.172,NA,Africa,23,50.95
Equatorial Guinea,160,GNQ,2022,0.173,NA,Africa,31,53.53
Equatorial Guinea,160,GNQ,2023,0.183,NA,Africa,31,53.26
Equatorial Guinea,160,GNQ,2024,0.176,NA,Africa,32,53.04
Equatorial Guinea,160,GNQ,2025,0.172,NA,Africa,31,52.62
Estonia,161,EST,1990,0.797,29.735,Eastern Europe,NA,59.68
Estonia,161,EST,1991,0.608,28.832,Eastern Europe,NA,58.23
Estonia,161,EST,1992,0.45,26.728,Eastern Europe,NA,55.77
Estonia,161,EST,1993,0.881,25.227,Eastern Europe,NA,54.71
Estonia,161,EST,1994,0.869,25.129,Eastern Europe,NA,54.67
Estonia,161,EST,1995,0.869,26.193,Eastern Europe,NA,53.7
Estonia,161,EST,1996,0.869,27.561,Eastern Europe,NA,53.51
Estonia,161,EST,1997,0.869,29.773,Eastern Europe,10.89,54.27
Estonia,161,EST,1998,0.869,31.579,Eastern Europe,10.89,52.71
Estonia,161,EST,1999,0.869,32.907,Eastern Europe,17.82,51.92
Estonia,161,EST,2000,0.869,35.105,Eastern Europe,17.82,52.58
Estonia,161,EST,2001,0.869,37.23,Eastern Europe,17.82,51.99
Estonia,161,EST,2002,0.871,39.044,Eastern Europe,17.82,51.03
Estonia,161,EST,2003,0.868,41.529,Eastern Europe,18.81,52.27
Estonia,161,EST,2004,0.871,44.424,Eastern Europe,18.81,53.2
Estonia,161,EST,2005,0.871,48.107,Eastern Europe,18.81,53.51
Estonia,161,EST,2006,0.871,51.944,Eastern Europe,18.81,54.66
Estonia,161,EST,2007,0.871,54.586,Eastern Europe,20.79,54.02
Estonia,161,EST,2008,0.871,53.777,Eastern Europe,20.79,54.78
Estonia,161,EST,2009,0.874,51.047,Eastern Europe,22.77,54.71
Estonia,161,EST,2010,0.88,51.205,Eastern Europe,22.77,55.07
Estonia,161,EST,2011,0.883,53.327,Eastern Europe,19.8,55.62
Estonia,161,EST,2012,0.883,55.309,Eastern Europe,20.79,55.38
Estonia,161,EST,2013,0.883,56.85,Eastern Europe,20.79,55.34
Estonia,161,EST,2014,0.888,58.191,Eastern Europe,19,54.54
Estonia,161,EST,2015,0.894,59.072,Eastern Europe,23.76,55.75
Estonia,161,EST,2016,0.907,60.862,Eastern Europe,23.76,56.3
Estonia,161,EST,2017,0.907,64.074,Eastern Europe,26.73,57.01
Estonia,161,EST,2018,0.906,66.592,Eastern Europe,26.73,57.28
Estonia,161,EST,2019,0.898,68.392,Eastern Europe,29.7,57.34
Estonia,161,EST,2020,0.897,NA,Eastern Europe,28.71,57.13
Estonia,161,EST,2021,0.9,NA,Eastern Europe,25.74,57.78
Estonia,161,EST,2022,0.896,NA,Eastern Europe,25.74,60.14
Estonia,161,EST,2023,0.893,NA,Eastern Europe,28.71,61.05
Estonia,161,EST,2024,0.893,NA,Eastern Europe,29.7,61.26
Estonia,161,EST,2025,0.887,NA,Eastern Europe,28.71,60.98
Fiji,162,FJI,1990,0.223,13.338,Asia,NA,39.68
Fiji,162,FJI,1991,0.224,13.565,Asia,NA,39.73
Fiji,162,FJI,1992,0.403,13.909,Asia,NA,39.65
Fiji,162,FJI,1993,0.54,14.227,Asia,NA,39.63
Fiji,162,FJI,1994,0.525,14.586,Asia,NA,39.57
Fiji,162,FJI,1995,0.522,14.819,Asia,NA,39.54
Fiji,162,FJI,1996,0.522,15.056,Asia,NA,39.49
Fiji,162,FJI,1997,0.543,15.093,Asia,4.29,39.08
Fiji,162,FJI,1998,0.543,15.215,Asia,4.29,38.67
Fiji,162,FJI,1999,0.542,15.589,Asia,11.27,38.25
Fiji,162,FJI,2000,0.344,15.762,Asia,NA,37.84
Fiji,162,FJI,2001,0.256,15.998,Asia,5.71,37.43
Fiji,162,FJI,2002,0.317,16.32,Asia,5.71,37.02
Fiji,162,FJI,2003,0.53,16.668,Asia,5.71,36.6
Fiji,162,FJI,2004,0.53,17.036,Asia,8.45,36.19
Fiji,162,FJI,2005,0.53,17.311,Asia,8.45,34.97
Fiji,162,FJI,2006,0.395,17.451,Asia,NA,36.71
Fiji,162,FJI,2007,0.134,17.506,Asia,NA,38.48
Fiji,162,FJI,2008,0.131,17.591,Asia,NA,40.27
Fiji,162,FJI,2009,0.129,17.711,Asia,NA,42.09
Fiji,162,FJI,2010,0.131,18.049,Asia,NA,43.91
Fiji,162,FJI,2011,0.131,18.54,Asia,NA,45.74
Fiji,162,FJI,2012,0.135,19.037,Asia,NA,44.33
Fiji,162,FJI,2013,0.14,19.68,Asia,NA,42.92
Fiji,162,FJI,2014,0.196,20.35,Asia,14,41.54
Fiji,162,FJI,2015,0.385,20.755,Asia,16,40.02
Fiji,162,FJI,2016,0.397,21.237,Asia,16,38.51
Fiji,162,FJI,2017,0.4,21.751,Asia,16,38.5
Fiji,162,FJI,2018,0.403,22.207,Asia,19.61,38.51
Fiji,162,FJI,2019,0.391,22.338,Asia,19.61,38.53
Fiji,162,FJI,2020,0.411,NA,Asia,19.61,36.18
Fiji,162,FJI,2021,0.4,NA,Asia,21.57,36.55
Fiji,162,FJI,2022,0.398,NA,Asia,19.61,38.2
Fiji,162,FJI,2023,0.509,NA,Asia,10.91,38.42
Fiji,162,FJI,2024,0.514,NA,Asia,9.09,38.5
Fiji,162,FJI,2025,0.507,NA,Asia,9.09,38.45
Finland,163,FIN,1990,0.859,61.129,The West,NA,58.63
Finland,163,FIN,1991,0.864,58.923,The West,NA,57.38
Finland,163,FIN,1992,0.864,57.294,The West,NA,56.17
Finland,163,FIN,1993,0.871,56.962,The West,NA,55.44
Finland,163,FIN,1994,0.871,58.464,The West,NA,54.72
Finland,163,FIN,1995,0.872,60.625,The West,NA,54.63
Finland,163,FIN,1996,0.873,62.752,The West,NA,54.56
Finland,163,FIN,1997,0.873,65.697,The West,33.5,54.86
Finland,163,FIN,1998,0.873,68.833,The West,33.5,55.06
Finland,163,FIN,1999,0.873,71.587,The West,37,56.32
Finland,163,FIN,2000,0.873,74.506,The West,36.5,56.57
Finland,163,FIN,2001,0.873,76.574,The West,36.5,57.28
Finland,163,FIN,2002,0.873,78.321,The West,36.5,57.75
Finland,163,FIN,2003,0.871,80.122,The West,37.5,57.63
Finland,163,FIN,2004,0.871,82.251,The West,37.5,57.57
Finland,163,FIN,2005,0.871,84.243,The West,37.5,58.16
Finland,163,FIN,2006,0.88,86.489,The West,38,58.34
Finland,163,FIN,2007,0.881,88.907,The West,41.5,57.33
Finland,163,FIN,2008,0.881,89.301,The West,41.5,57.37
Finland,163,FIN,2009,0.881,87.009,The West,40,56.86
Finland,163,FIN,2010,0.881,86.927,The West,40,55.87
Finland,163,FIN,2011,0.884,87.242,The West,42.5,55.74
Finland,163,FIN,2012,0.885,86.45,The West,42.5,55.86
Finland,163,FIN,2013,0.891,85.403,The West,42.5,55.57
Finland,163,FIN,2014,0.891,84.542,The West,42.5,55.3
Finland,163,FIN,2015,0.869,83.385,The West,41.5,55.41
Finland,163,FIN,2016,0.869,83.965,The West,41.5,54.98
Finland,163,FIN,2017,0.873,86.079,The West,42,55.03
Finland,163,FIN,2018,0.884,87.168,The West,42,55.69
Finland,163,FIN,2019,0.881,87.58,The West,47,55.68
Finland,163,FIN,2020,0.88,NA,The West,46,55.18
Finland,163,FIN,2021,0.871,NA,The West,46,55.93
Finland,163,FIN,2022,0.869,NA,The West,45.5,57.27
Finland,163,FIN,2023,0.853,NA,The West,46,57.49
Finland,163,FIN,2024,0.827,NA,The West,46,56.67
Finland,163,FIN,2025,0.852,NA,The West,45.5,56.49
Greece,164,GRC,1990,0.882,41.626,The West,NA,35.54
Greece,164,GRC,1991,0.882,42.476,The West,NA,33.33
Greece,164,GRC,1992,0.882,42.768,The West,NA,34.55
Greece,164,GRC,1993,0.882,42.94,The West,NA,34.76
Greece,164,GRC,1994,0.884,43.568,The West,NA,35.4
Greece,164,GRC,1995,0.884,44.427,The West,NA,36
Greece,164,GRC,1996,0.884,45.573,The West,NA,37.22
Greece,164,GRC,1997,0.883,46.964,The West,6.33,37.21
Greece,164,GRC,1998,0.883,48.326,The West,6.33,39.03
Greece,164,GRC,1999,0.883,49.786,The West,6.33,39.52
Greece,164,GRC,2000,0.882,51.407,The West,8.67,39.48
Greece,164,GRC,2001,0.887,53.428,The West,8.67,38.73
Greece,164,GRC,2002,0.887,56.064,The West,8.67,39.27
Greece,164,GRC,2003,0.887,58.589,The West,8.67,39.86
Greece,164,GRC,2004,0.889,60.617,The West,14,41.05
Greece,164,GRC,2005,0.89,61.792,The West,13,41.26
Greece,164,GRC,2006,0.89,63.759,The West,13,41.61
Greece,164,GRC,2007,0.895,65.075,The West,14.67,41.49
Greece,164,GRC,2008,0.9,65.354,The West,14.67,41.53
Greece,164,GRC,2009,0.901,63.628,The West,17.33,42.58
Greece,164,GRC,2010,0.901,60.574,The West,17.33,43.23
Greece,164,GRC,2011,0.901,57,The West,18.67,43.08
Greece,164,GRC,2012,0.897,54.296,The West,21,43.38
Greece,164,GRC,2013,0.889,53.053,The West,21,43.17
Greece,164,GRC,2014,0.889,52.351,The West,21,43.52
Greece,164,GRC,2015,0.88,51.566,The West,19.67,44.03
Greece,164,GRC,2016,0.872,51.508,The West,19.67,44.09
Greece,164,GRC,2017,0.868,52.321,The West,18.33,43.83
Greece,164,GRC,2018,0.859,52.793,The West,18.67,43.39
Greece,164,GRC,2019,0.864,53.067,The West,20.67,43.51
Greece,164,GRC,2020,0.788,NA,The West,21.67,42.72
Greece,164,GRC,2021,0.76,NA,The West,21.67,43.26
Greece,164,GRC,2022,0.762,NA,The West,21,44.41
Greece,164,GRC,2023,0.735,NA,The West,23,44.65
Greece,164,GRC,2024,0.744,NA,The West,23,45.03
Greece,164,GRC,2025,0.741,NA,The West,22.9,44.67
Guyana,166,GUY,1990,0.314,7.808,Latin America,NA,37.53
Guyana,166,GUY,1991,0.309,8.129,Latin America,NA,38.06
Guyana,166,GUY,1992,0.358,8.616,Latin America,NA,38.66
Guyana,166,GUY,1993,0.444,9.211,Latin America,NA,39.27
Guyana,166,GUY,1994,0.444,9.874,Latin America,NA,38.73
Guyana,166,GUY,1995,0.444,10.499,Latin America,NA,38.19
Guyana,166,GUY,1996,0.444,11.134,Latin America,NA,37.65
Guyana,166,GUY,1997,0.452,11.668,Latin America,NA,37.1
Guyana,166,GUY,1998,0.523,11.947,Latin America,NA,36.54
Guyana,166,GUY,1999,0.522,12.259,Latin America,18.46,35.98
Guyana,166,GUY,2000,0.519,12.502,Latin America,18.46,35.4
Guyana,166,GUY,2001,0.553,12.805,Latin America,18.46,34.82
Guyana,166,GUY,2002,0.572,13.069,Latin America,20,34.23
Guyana,166,GUY,2003,0.588,13.331,Latin America,20,34.89
Guyana,166,GUY,2004,0.588,13.645,Latin America,30.77,35.54
Guyana,166,GUY,2005,0.588,14.037,Latin America,30.77,36.19
Guyana,166,GUY,2006,0.583,14.75,Latin America,28.99,36.83
Guyana,166,GUY,2007,0.579,15.544,Latin America,28.99,37.45
Guyana,166,GUY,2008,0.576,16.24,Latin America,30,38.07
Guyana,166,GUY,2009,0.583,16.952,Latin America,30,38.67
Guyana,166,GUY,2010,0.583,17.705,Latin America,30,39.27
Guyana,166,GUY,2011,0.582,18.444,Latin America,31.34,39.85
Guyana,166,GUY,2012,0.579,19.185,Latin America,31.34,40.44
Guyana,166,GUY,2013,0.608,19.716,Latin America,31.34,41.05
Guyana,166,GUY,2014,0.607,20.003,Latin America,31.34,41.66
Guyana,166,GUY,2015,0.65,20.118,Latin America,30.43,42.27
Guyana,166,GUY,2016,0.657,20.521,Latin America,30.43,42.9
Guyana,166,GUY,2017,0.66,21.018,Latin America,31.88,43.54
Guyana,166,GUY,2018,0.664,21.573,Latin America,31.88,44.26
Guyana,166,GUY,2019,0.64,22.018,Latin America,31.88,41.35
Guyana,166,GUY,2020,0.555,NA,Latin America,35.71,40.3
Guyana,166,GUY,2021,0.498,NA,Latin America,35.71,40.75
Guyana,166,GUY,2022,0.491,NA,Latin America,35.38,45.13
Guyana,166,GUY,2023,0.484,NA,Latin America,36.62,46.48
Guyana,166,GUY,2024,0.491,NA,Latin America,39.44,47.38
Guyana,166,GUY,2025,0.515,NA,Latin America,36.11,47.35
Hong Kong,167,HKG,1990,0.263,NA,Asia,NA,47.06
Hong Kong,167,HKG,1991,0.299,NA,Asia,NA,47.95
Hong Kong,167,HKG,1992,0.373,NA,Asia,NA,46.76
Hong Kong,167,HKG,1993,0.373,NA,Asia,NA,46.36
Hong Kong,167,HKG,1994,0.373,NA,Asia,NA,46.9
Hong Kong,167,HKG,1995,0.377,NA,Asia,NA,47.38
Hong Kong,167,HKG,1996,0.377,NA,Asia,NA,47.64
Hong Kong,167,HKG,1997,0.368,NA,Asia,NA,47.86
Hong Kong,167,HKG,1998,0.372,NA,Asia,NA,48.42
Hong Kong,167,HKG,1999,0.371,NA,Asia,NA,48.71
Hong Kong,167,HKG,2000,0.371,NA,Asia,NA,48.99
Hong Kong,167,HKG,2001,0.372,NA,Asia,NA,50.31
Hong Kong,167,HKG,2002,0.372,NA,Asia,NA,51.45
Hong Kong,167,HKG,2003,0.372,NA,Asia,NA,51.02
Hong Kong,167,HKG,2004,0.371,NA,Asia,NA,51.27
Hong Kong,167,HKG,2005,0.369,NA,Asia,NA,51.65
Hong Kong,167,HKG,2006,0.369,NA,Asia,NA,52.02
Hong Kong,167,HKG,2007,0.369,NA,Asia,NA,52.5
Hong Kong,167,HKG,2008,0.369,NA,Asia,NA,52.45
Hong Kong,167,HKG,2009,0.371,NA,Asia,NA,52.56
Hong Kong,167,HKG,2010,0.369,NA,Asia,NA,51.26
Hong Kong,167,HKG,2011,0.367,NA,Asia,NA,52.32
Hong Kong,167,HKG,2012,0.362,NA,Asia,NA,52.89
Hong Kong,167,HKG,2013,0.358,NA,Asia,NA,53.87
Hong Kong,167,HKG,2014,0.354,NA,Asia,NA,53.94
Hong Kong,167,HKG,2015,0.345,NA,Asia,NA,54.21
Hong Kong,167,HKG,2016,0.333,NA,Asia,NA,54.28
Hong Kong,167,HKG,2017,0.325,NA,Asia,NA,54.64
Hong Kong,167,HKG,2018,0.318,NA,Asia,NA,54.75
Hong Kong,167,HKG,2019,0.3,NA,Asia,NA,54.51
Hong Kong,167,HKG,2020,0.255,NA,Asia,NA,53.73
Hong Kong,167,HKG,2021,0.205,NA,Asia,NA,53.72
Hong Kong,167,HKG,2022,0.16,NA,Asia,NA,52.79
Hong Kong,167,HKG,2023,0.149,NA,Asia,NA,52.27
Hong Kong,167,HKG,2024,0.158,NA,Asia,NA,52.26
Hong Kong,167,HKG,2025,0.151,NA,Asia,NA,51.8
Iceland,168,ISL,1990,0.862,72.345,The West,NA,66.2
Iceland,168,ISL,1991,0.862,72.047,The West,NA,66.22
Iceland,168,ISL,1992,0.862,70.732,The West,NA,67.08
Iceland,168,ISL,1993,0.862,70.552,The West,NA,67.39
Iceland,168,ISL,1994,0.862,71.489,The West,NA,67.87
Iceland,168,ISL,1995,0.862,72.261,The West,NA,70.13
Iceland,168,ISL,1996,0.869,74.341,The West,NA,68.71
Iceland,168,ISL,1997,0.868,77.752,The West,25.4,67.63
Iceland,168,ISL,1998,0.868,81.606,The West,25.4,69.39
Iceland,168,ISL,1999,0.868,84.506,The West,34.92,71.22
Iceland,168,ISL,2000,0.868,86.577,The West,34.92,73.47
Iceland,168,ISL,2001,0.868,88.259,The West,34.92,72.56
Iceland,168,ISL,2002,0.868,89.174,The West,34.92,71.74
Iceland,168,ISL,2003,0.867,90.848,The West,30.16,72.06
Iceland,168,ISL,2004,0.867,94.491,The West,30.16,70.44
Iceland,168,ISL,2005,0.865,97.594,The West,33.33,70.91
Iceland,168,ISL,2006,0.865,99.803,The West,33.33,71.72
Iceland,168,ISL,2007,0.873,102.674,The West,33.33,71.32
Iceland,168,ISL,2008,0.88,102.925,The West,33.33,70.66
Iceland,168,ISL,2009,0.882,99.676,The West,42.86,70.22
Iceland,168,ISL,2010,0.881,97.155,The West,42.86,70.49
Iceland,168,ISL,2011,0.881,97.006,The West,39.68,70.05
Iceland,168,ISL,2012,0.875,97.751,The West,39.68,70.61
Iceland,168,ISL,2013,0.858,99.516,The West,39.68,71.06
Iceland,168,ISL,2014,0.856,101.19,The West,39.68,71.89
Iceland,168,ISL,2015,0.861,102.96,The West,41.27,72.79
Iceland,168,ISL,2016,0.86,106.722,The West,47.62,73
Iceland,168,ISL,2017,0.861,110.969,The West,38.1,72.59
Iceland,168,ISL,2018,0.875,113.604,The West,38.1,71.6
Iceland,168,ISL,2019,0.859,115.552,The West,38.1,71.46
Iceland,168,ISL,2020,0.859,NA,The West,38.1,69.31
Iceland,168,ISL,2021,0.836,NA,The West,47.62,69.15
Iceland,168,ISL,2022,0.832,NA,The West,47.62,70.57
Iceland,168,ISL,2023,0.841,NA,The West,47.62,70.37
Iceland,168,ISL,2024,0.842,NA,The West,46.03,70.25
Iceland,168,ISL,2025,0.807,NA,The West,46.03,70.01
Israel,169,ISR,1990,0.767,50.391,Middle East,NA,46.28
Israel,169,ISR,1991,0.768,51.874,Middle East,NA,46.68
Israel,169,ISR,1992,0.762,53.446,Middle East,NA,47.96
Israel,169,ISR,1993,0.762,54.902,Middle East,NA,49.08
Israel,169,ISR,1994,0.772,56.892,Middle East,NA,50.7
Israel,169,ISR,1995,0.772,59.435,Middle East,NA,51.66
Israel,169,ISR,1996,0.773,61.285,Middle East,NA,51.46
Israel,169,ISR,1997,0.774,62.701,Middle East,7.5,51.4
Israel,169,ISR,1998,0.774,63.883,Middle East,7.5,51.32
Israel,169,ISR,1999,0.773,64.965,Middle East,11.67,52.46
Israel,169,ISR,2000,0.768,66.613,Middle East,12.5,53.47
Israel,169,ISR,2001,0.764,66.537,Middle East,13.33,53.73
Israel,169,ISR,2002,0.764,65.849,Middle East,14.17,53.29
Israel,169,ISR,2003,0.76,65.306,Middle East,15,54.17
Israel,169,ISR,2004,0.759,65.587,Middle East,15,54.67
Israel,169,ISR,2005,0.759,66.426,Middle East,15,55.28
Israel,169,ISR,2006,0.764,67.79,Middle East,14.17,55.65
Israel,169,ISR,2007,0.758,69.237,Middle East,14.17,56.16
Israel,169,ISR,2008,0.758,70.386,Middle East,14.17,56.2
Israel,169,ISR,2009,0.756,71.239,Middle East,18.33,57.13
Israel,169,ISR,2010,0.752,72.536,Middle East,19.17,57.47
Israel,169,ISR,2011,0.752,73.912,Middle East,20,57.13
Israel,169,ISR,2012,0.751,74.936,Middle East,20,59.33
Israel,169,ISR,2013,0.734,76.205,Middle East,22.5,59.18
Israel,169,ISR,2014,0.733,76.918,Middle East,22.5,60.15
Israel,169,ISR,2015,0.733,77.162,Middle East,26.67,60.11
Israel,169,ISR,2016,0.729,78.353,Middle East,26.67,60.41
Israel,169,ISR,2017,0.714,80.292,Middle East,27.5,60.28
Israel,169,ISR,2018,0.705,81.686,Middle East,27.5,60.86
Israel,169,ISR,2019,0.708,82.95,Middle East,23.33,60.62
Israel,169,ISR,2020,0.723,NA,Middle East,27.5,59.4
Israel,169,ISR,2021,0.722,NA,Middle East,28.33,59.7
Israel,169,ISR,2022,0.714,NA,Middle East,23.33,61.11
Israel,169,ISR,2023,0.704,NA,Middle East,24.17,61.34
Israel,169,ISR,2024,0.702,NA,Middle East,25,62.2
Israel,169,ISR,2025,0.694,NA,Middle East,24.17,62.28
Kuwait,171,KWT,1990,0.086,47.81,Middle East,NA,41.4
Kuwait,171,KWT,1991,0.108,44.45,Middle East,NA,41.2
Kuwait,171,KWT,1992,0.201,56.885,Middle East,NA,40.68
Kuwait,171,KWT,1993,0.282,72.766,Middle East,NA,41.11
Kuwait,171,KWT,1994,0.282,86.147,Middle East,NA,42.38
Kuwait,171,KWT,1995,0.282,96.092,Middle East,NA,43.11
Kuwait,171,KWT,1996,0.283,100.739,Middle East,NA,43.6
Kuwait,171,KWT,1997,0.286,101.819,Middle East,0,43.69
Kuwait,171,KWT,1998,0.286,101.106,Middle East,0,43.79
Kuwait,171,KWT,1999,0.284,98.96,Middle East,0,43.94
Kuwait,171,KWT,2000,0.282,99.565,Middle East,0,44.18
Kuwait,171,KWT,2001,0.266,99.891,Middle East,0,44.53
Kuwait,171,KWT,2002,0.278,104.292,Middle East,0,45.02
Kuwait,171,KWT,2003,0.282,115.433,Middle East,0,45.62
Kuwait,171,KWT,2004,0.282,127.548,Middle East,0,45.92
Kuwait,171,KWT,2005,0.326,139.326,Middle East,1.54,46.09
Kuwait,171,KWT,2006,0.326,146.866,Middle East,1.54,46.03
Kuwait,171,KWT,2007,0.323,149.363,Middle East,1.54,46.05
Kuwait,171,KWT,2008,0.324,147.02,Middle East,3.08,46.27
Kuwait,171,KWT,2009,0.324,135.999,Middle East,7.69,46.69
Kuwait,171,KWT,2010,0.32,131.188,Middle East,7.69,47.29
Kuwait,171,KWT,2011,0.319,133.794,Middle East,7.69,48.15
Kuwait,171,KWT,2012,0.31,134.377,Middle East,6.15,48.89
Kuwait,171,KWT,2013,0.311,130.019,Middle East,6.15,49.29
Kuwait,171,KWT,2014,0.315,124.351,Middle East,1.54,49.54
Kuwait,171,KWT,2015,0.311,117.949,Middle East,1.54,49.65
Kuwait,171,KWT,2016,0.311,113.408,Middle East,2,49.53
Kuwait,171,KWT,2017,0.326,106.311,Middle East,3.08,49.87
Kuwait,171,KWT,2018,0.32,101.919,Middle East,3.08,49.61
Kuwait,171,KWT,2019,0.323,96.897,Middle East,4.62,49.32
Kuwait,171,KWT,2020,0.317,NA,Middle East,6.35,46.54
Kuwait,171,KWT,2021,0.301,NA,Middle East,1.54,47.51
Kuwait,171,KWT,2022,0.298,NA,Middle East,6.25,49.62
Kuwait,171,KWT,2023,0.314,NA,Middle East,3.08,48.18
Kuwait,171,KWT,2024,0.198,NA,Middle East,NA,47.34
Kuwait,171,KWT,2025,0.138,NA,Middle East,NA,47.2
Lithuania,173,LTU,1990,0.797,29.313,Eastern Europe,NA,60
Lithuania,173,LTU,1991,0.791,27.181,Eastern Europe,NA,59.11
Lithuania,173,LTU,1992,0.799,23.915,Eastern Europe,NA,58.21
Lithuania,173,LTU,1993,0.811,21.423,Eastern Europe,NA,57.34
Lithuania,173,LTU,1994,0.828,20.129,Eastern Europe,NA,56.52
Lithuania,173,LTU,1995,0.828,20.334,Eastern Europe,NA,55.76
Lithuania,173,LTU,1996,0.824,21.219,Eastern Europe,NA,55.01
Lithuania,173,LTU,1997,0.827,22.679,Eastern Europe,17.52,54.21
Lithuania,173,LTU,1998,0.824,24.11,Eastern Europe,17.52,53.4
Lithuania,173,LTU,1999,0.827,25.029,Eastern Europe,17.52,55.16
Lithuania,173,LTU,2000,0.822,26.346,Eastern Europe,10.64,54.92
Lithuania,173,LTU,2001,0.816,28.144,Eastern Europe,10.64,53.33
Lithuania,173,LTU,2002,0.816,30.277,Eastern Europe,10.64,52.17
Lithuania,173,LTU,2003,0.814,32.973,Eastern Europe,10.64,54.79
Lithuania,173,LTU,2004,0.819,35.672,Eastern Europe,21.99,51.34
Lithuania,173,LTU,2005,0.822,38.64,Eastern Europe,21.99,50.64
Lithuania,173,LTU,2006,0.822,41.911,Eastern Europe,24.82,50.08
Lithuania,173,LTU,2007,0.822,45.073,Eastern Europe,22.7,50.07
Lithuania,173,LTU,2008,0.824,46.454,Eastern Europe,17.73,50.47
Lithuania,173,LTU,2009,0.846,45.047,Eastern Europe,19.15,52.02
Lithuania,173,LTU,2010,0.85,46.094,Eastern Europe,19.15,52.31
Lithuania,173,LTU,2011,0.847,48.559,Eastern Europe,19.15,52.7
Lithuania,173,LTU,2012,0.839,51.162,Eastern Europe,24.46,53.2
Lithuania,173,LTU,2013,0.826,53.492,Eastern Europe,24.11,52.93
Lithuania,173,LTU,2014,0.829,55.529,Eastern Europe,24.11,53.87
Lithuania,173,LTU,2015,0.836,57.102,Eastern Europe,23.4,54.43
Lithuania,173,LTU,2016,0.825,59.45,Eastern Europe,21.28,55.61
Lithuania,173,LTU,2017,0.808,62.73,Eastern Europe,21.28,55.82
Lithuania,173,LTU,2018,0.818,65.435,Eastern Europe,21.28,56.49
Lithuania,173,LTU,2019,0.817,67.225,Eastern Europe,21.28,57.23
Lithuania,173,LTU,2020,0.802,NA,Eastern Europe,26.95,57.36
Lithuania,173,LTU,2021,0.793,NA,Eastern Europe,27.66,57.37
Lithuania,173,LTU,2022,0.793,NA,Eastern Europe,28.37,58.04
Lithuania,173,LTU,2023,0.785,NA,Eastern Europe,28.37,57.91
Lithuania,173,LTU,2024,0.798,NA,Eastern Europe,28.37,57.86
Lithuania,173,LTU,2025,0.786,NA,Eastern Europe,28.37,57.67
Luxembourg,174,LUX,1990,0.868,96.215,The West,NA,34.26
Luxembourg,174,LUX,1991,0.868,102.771,The West,NA,35.98
Luxembourg,174,LUX,1992,0.868,106.085,The West,NA,38.36
Luxembourg,174,LUX,1993,0.868,109.694,The West,NA,37.05
Luxembourg,174,LUX,1994,0.868,112.578,The West,NA,37.83
Luxembourg,174,LUX,1995,0.867,114.255,The West,NA,35.36
Luxembourg,174,LUX,1996,0.867,115.78,The West,NA,36.49
Luxembourg,174,LUX,1997,0.867,120.028,The West,20,37.57
Luxembourg,174,LUX,1998,0.867,126.094,The West,20,37.85
Luxembourg,174,LUX,1999,0.868,133.795,The West,16.67,39.87
Luxembourg,174,LUX,2000,0.869,140.183,The West,16.67,41.48
Luxembourg,174,LUX,2001,0.869,142.653,The West,16.67,41.58
Luxembourg,174,LUX,2002,0.869,145.168,The West,16.67,42.78
Luxembourg,174,LUX,2003,0.869,146.429,The West,16.67,42.88
Luxembourg,174,LUX,2004,0.869,147.499,The West,23.33,44.6
Luxembourg,174,LUX,2005,0.87,149.984,The West,23.33,45.66
Luxembourg,174,LUX,2006,0.87,154.247,The West,23.33,46.14
Luxembourg,174,LUX,2007,0.87,158.407,The West,23.33,46.66
Luxembourg,174,LUX,2008,0.87,156.937,The West,23.33,47.18
Luxembourg,174,LUX,2009,0.871,153.642,The West,20,49.05
Luxembourg,174,LUX,2010,0.872,154.109,The West,20,48.85
Luxembourg,174,LUX,2011,0.872,153.793,The West,25,49.5
Luxembourg,174,LUX,2012,0.872,153.477,The West,21.67,51.17
Luxembourg,174,LUX,2013,0.873,154.93,The West,28.33,51.46
Luxembourg,174,LUX,2014,0.874,158.275,The West,28.33,52.21
Luxembourg,174,LUX,2015,0.874,159.82,The West,28.33,54.25
Luxembourg,174,LUX,2016,0.874,163.268,The West,28.33,53.62
Luxembourg,174,LUX,2017,0.874,170.536,The West,28.33,54.01
Luxembourg,174,LUX,2018,0.874,175.397,The West,20,54.8
Luxembourg,174,LUX,2019,0.872,181.069,The West,25,54.93
Luxembourg,174,LUX,2020,0.872,NA,The West,30,55.93
Luxembourg,174,LUX,2021,0.872,NA,The West,35,56.93
Luxembourg,174,LUX,2022,0.872,NA,The West,33.33,57
Luxembourg,174,LUX,2023,0.871,NA,The West,33.33,57.2
Luxembourg,174,LUX,2024,0.869,NA,The West,33.33,57.64
Luxembourg,174,LUX,2025,0.869,NA,The West,35,57.47
North Macedonia,176,MKD,1991,0.273,18.716,Eastern Europe,NA,45.67
North Macedonia,176,MKD,1992,0.274,17.379,Eastern Europe,NA,44.87
North Macedonia,176,MKD,1993,0.277,16.437,Eastern Europe,NA,44.09
North Macedonia,176,MKD,1994,0.315,16.125,Eastern Europe,NA,43.37
North Macedonia,176,MKD,1995,0.449,16.012,Eastern Europe,NA,42.74
North Macedonia,176,MKD,1996,0.463,16.056,Eastern Europe,NA,42.15
North Macedonia,176,MKD,1997,0.471,16.291,Eastern Europe,3.33,41.53
North Macedonia,176,MKD,1998,0.503,16.726,Eastern Europe,3.33,40.89
North Macedonia,176,MKD,1999,0.564,17.301,Eastern Europe,7.5,40.28
North Macedonia,176,MKD,2000,0.459,17.879,Eastern Europe,6.67,40.87
North Macedonia,176,MKD,2001,0.445,18.032,Eastern Europe,6.67,41.16
North Macedonia,176,MKD,2002,0.525,18.687,Eastern Europe,17.5,41.44
North Macedonia,176,MKD,2003,0.617,19.301,Eastern Europe,18.33,42.44
North Macedonia,176,MKD,2004,0.618,20.061,Eastern Europe,19.17,42.49
North Macedonia,176,MKD,2005,0.603,20.999,Eastern Europe,19.17,42.57
North Macedonia,176,MKD,2006,0.597,22.07,Eastern Europe,28.33,41.56
North Macedonia,176,MKD,2007,0.584,23.211,Eastern Europe,29.17,42.73
North Macedonia,176,MKD,2008,0.553,24.401,Eastern Europe,31.67,42.32
North Macedonia,176,MKD,2009,0.528,25.133,Eastern Europe,32.5,42.2
North Macedonia,176,MKD,2010,0.526,25.737,Eastern Europe,32.5,40.71
North Macedonia,176,MKD,2011,0.478,26.152,Eastern Europe,30.89,42.82
North Macedonia,176,MKD,2012,0.45,26.458,Eastern Europe,32.52,42.41
North Macedonia,176,MKD,2013,0.448,27.142,Eastern Europe,34.15,43.55
North Macedonia,176,MKD,2014,0.447,27.927,Eastern Europe,33.33,43
North Macedonia,176,MKD,2015,0.44,28.535,Eastern Europe,33.33,42.31
North Macedonia,176,MKD,2016,0.449,29.149,Eastern Europe,33.33,41.11
North Macedonia,176,MKD,2017,0.548,29.738,Eastern Europe,37.5,41.24
North Macedonia,176,MKD,2018,0.575,30.317,Eastern Europe,38.33,41.28
North Macedonia,176,MKD,2019,0.602,30.736,Eastern Europe,39.17,42.86
North Macedonia,176,MKD,2020,0.598,NA,Eastern Europe,39.17,41.86
North Macedonia,176,MKD,2021,0.592,NA,Eastern Europe,41.67,40.93
North Macedonia,176,MKD,2022,0.56,NA,Eastern Europe,41.67,42.21
North Macedonia,176,MKD,2023,0.562,NA,Eastern Europe,42.5,42.16
North Macedonia,176,MKD,2024,0.557,NA,Eastern Europe,39.17,42.88
North Macedonia,176,MKD,2025,0.562,NA,Eastern Europe,39.17,42.74
Malaysia,177,MYS,1990,0.26,20.842,Asia,NA,35.83
Malaysia,177,MYS,1991,0.259,22.301,Asia,NA,35.94
Malaysia,177,MYS,1992,0.259,23.801,Asia,NA,36.42
Malaysia,177,MYS,1993,0.259,25.45,Asia,NA,36.91
Malaysia,177,MYS,1994,0.259,27.125,Asia,NA,37.4
Malaysia,177,MYS,1995,0.258,28.9,Asia,NA,37.91
Malaysia,177,MYS,1996,0.257,30.377,Asia,NA,38.44
Malaysia,177,MYS,1997,0.257,31.038,Asia,7.81,38.97
Malaysia,177,MYS,1998,0.257,30.232,Asia,7.81,39.51
Malaysia,177,MYS,1999,0.266,30.654,Asia,NA,40.06
Malaysia,177,MYS,2000,0.277,31.732,Asia,10.36,40.59
Malaysia,177,MYS,2001,0.281,32.123,Asia,10.36,41.05
Malaysia,177,MYS,2002,0.281,32.996,Asia,10.36,41.47
Malaysia,177,MYS,2003,0.286,34.136,Asia,10.47,41.87
Malaysia,177,MYS,2004,0.309,35.487,Asia,9.13,42.26
Malaysia,177,MYS,2005,0.311,36.932,Asia,9.13,42.64
Malaysia,177,MYS,2006,0.312,38.32,Asia,9.13,43.03
Malaysia,177,MYS,2007,0.314,39.839,Asia,10.05,43.44
Malaysia,177,MYS,2008,0.328,41.066,Asia,10.81,43.87
Malaysia,177,MYS,2009,0.331,41.462,Asia,9.91,44.31
Malaysia,177,MYS,2010,0.329,43.062,Asia,9.91,44.79
Malaysia,177,MYS,2011,0.327,44.814,Asia,10.41,45.3
Malaysia,177,MYS,2012,0.327,46.457,Asia,10.41,47.03
Malaysia,177,MYS,2013,0.321,47.977,Asia,10.36,48.76
Malaysia,177,MYS,2014,0.323,49.345,Asia,10.36,50.48
Malaysia,177,MYS,2015,0.325,50.563,Asia,10.36,50.83
Malaysia,177,MYS,2016,0.328,52.017,Asia,10.36,50.99
Malaysia,177,MYS,2017,0.333,53.837,Asia,10.36,51.28
Malaysia,177,MYS,2018,0.444,55.283,Asia,13.9,51.62
Malaysia,177,MYS,2019,0.47,56.016,Asia,14.41,51.78
Malaysia,177,MYS,2020,0.425,NA,Asia,14.86,51.37
Malaysia,177,MYS,2021,0.432,NA,Asia,14.86,51.37
Malaysia,177,MYS,2022,0.459,NA,Asia,13.57,51.6
Malaysia,177,MYS,2023,0.508,NA,Asia,13.51,51.59
Malaysia,177,MYS,2024,0.513,NA,Asia,13.51,51.62
Malaysia,177,MYS,2025,0.504,NA,Asia,13.51,51.64
Malta,178,MLT,1990,0.723,32.201,The West,NA,26.83
Malta,178,MLT,1991,0.738,33.895,The West,NA,27.01
Malta,178,MLT,1992,0.771,35.119,The West,NA,27.46
Malta,178,MLT,1993,0.776,36.54,The West,NA,27.94
Malta,178,MLT,1994,0.776,38.27,The West,NA,28.18
Malta,178,MLT,1995,0.776,39.945,The West,NA,28.39
Malta,178,MLT,1996,0.786,41.544,The West,NA,28.93
Malta,178,MLT,1997,0.788,43.746,The West,5.8,29.54
Malta,178,MLT,1998,0.787,46.046,The West,5.8,29.74
Malta,178,MLT,1999,0.786,48.284,The West,9.23,30.07
Malta,178,MLT,2000,0.786,50.464,The West,9.23,29.75
Malta,178,MLT,2001,0.786,51.107,The West,9.23,29.36
Malta,178,MLT,2002,0.786,51.944,The West,9.23,30.57
Malta,178,MLT,2003,0.788,52.859,The West,7.69,30.11
Malta,178,MLT,2004,0.789,53.09,The West,9.23,27.78
Malta,178,MLT,2005,0.789,54.112,The West,9.23,29.88
Malta,178,MLT,2006,0.789,55.142,The West,9.23,30.18
Malta,178,MLT,2007,0.784,56.734,The West,9.23,32.08
Malta,178,MLT,2008,0.803,57.919,The West,8.7,33.13
Malta,178,MLT,2009,0.815,58.466,The West,8.7,33.58
Malta,178,MLT,2010,0.815,59.575,The West,8.7,34.35
Malta,178,MLT,2011,0.815,60.285,The West,8.7,35.56
Malta,178,MLT,2012,0.817,61.421,The West,8.7,38.68
Malta,178,MLT,2013,0.793,63.201,The West,14.29,40.72
Malta,178,MLT,2014,0.778,65.68,The West,14.29,42.26
Malta,178,MLT,2015,0.778,68.957,The West,12.86,43.02
Malta,178,MLT,2016,0.777,72.304,The West,12.86,44.65
Malta,178,MLT,2017,0.761,76.82,The West,11.94,46.16
Malta,178,MLT,2018,0.754,79.906,The West,11.94,48.21
Malta,178,MLT,2019,0.767,81.913,The West,14.93,49.33
Malta,178,MLT,2020,0.767,NA,The West,13.43,51.25
Malta,178,MLT,2021,0.77,NA,The West,13.43,52.22
Malta,178,MLT,2022,0.78,NA,The West,27.85,55.31
Malta,178,MLT,2023,0.783,NA,The West,27.85,55.52
Malta,178,MLT,2024,0.783,NA,The West,27.85,55.89
Malta,178,MLT,2025,0.783,NA,The West,29.11,55.8
Mauritius,180,MUS,1990,0.718,24.517,Africa,NA,37.99
Mauritius,180,MUS,1991,0.72,25.504,Africa,NA,38.12
Mauritius,180,MUS,1992,0.719,26.501,Africa,NA,38.26
Mauritius,180,MUS,1993,0.725,27.623,Africa,NA,38.41
Mauritius,180,MUS,1994,0.725,28.626,Africa,NA,38.57
Mauritius,180,MUS,1995,0.725,29.727,Africa,NA,38.74
Mauritius,180,MUS,1996,0.723,30.939,Africa,NA,38.74
Mauritius,180,MUS,1997,0.723,31.831,Africa,7.58,38.75
Mauritius,180,MUS,1998,0.723,32.814,Africa,7.58,38.74
Mauritius,180,MUS,1999,0.723,33.531,Africa,7.58,38.71
Mauritius,180,MUS,2000,0.73,34.492,Africa,5.71,38.66
Mauritius,180,MUS,2001,0.731,35.144,Africa,5.71,36.23
Mauritius,180,MUS,2002,0.737,35.569,Africa,5.71,37.84
Mauritius,180,MUS,2003,0.737,36.337,Africa,5.71,41.13
Mauritius,180,MUS,2004,0.737,36.916,Africa,5.71,39.77
Mauritius,180,MUS,2005,0.737,37.344,Africa,17.14,41.2
Mauritius,180,MUS,2006,0.737,38.535,Africa,17.14,41.48
Mauritius,180,MUS,2007,0.737,40.007,Africa,17.14,40.49
Mauritius,180,MUS,2008,0.737,41.481,Africa,17.14,41.44
Mauritius,180,MUS,2009,0.737,42.669,Africa,17.14,41.91
Mauritius,180,MUS,2010,0.746,43.834,Africa,18.84,43.46
Mauritius,180,MUS,2011,0.746,45.158,Africa,18.84,42.61
Mauritius,180,MUS,2012,0.746,46.302,Africa,18.84,43.03
Mauritius,180,MUS,2013,0.738,47.441,Africa,18.84,44.96
Mauritius,180,MUS,2014,0.723,48.702,Africa,18.84,45.22
Mauritius,180,MUS,2015,0.737,49.491,Africa,11.59,46.37
Mauritius,180,MUS,2016,0.731,50.956,Africa,11.59,45.41
Mauritius,180,MUS,2017,0.732,53.109,Africa,11.59,45.72
Mauritius,180,MUS,2018,0.739,55.036,Africa,11.59,45.6
Mauritius,180,MUS,2019,0.694,56.7,Africa,20,46.42
Mauritius,180,MUS,2020,0.549,NA,Africa,20,43.11
Mauritius,180,MUS,2021,0.532,NA,Africa,20,40.56
Mauritius,180,MUS,2022,0.501,NA,Africa,20,42.52
Mauritius,180,MUS,2023,0.47,NA,Africa,20,47.64
Mauritius,180,MUS,2024,0.495,NA,Africa,19.4,47.45
Mauritius,180,MUS,2025,0.738,NA,Africa,17.91,47.46
Montenegro,183,MNE,1998,0.353,13.42,Eastern Europe,NA,42.34
Montenegro,183,MNE,1999,0.432,13.81,Eastern Europe,NA,42.49
Montenegro,183,MNE,2000,0.432,14.645,Eastern Europe,NA,42.42
Montenegro,183,MNE,2001,0.457,15.725,Eastern Europe,NA,42.4
Montenegro,183,MNE,2002,0.483,17.375,Eastern Europe,NA,42.28
Montenegro,183,MNE,2003,0.503,18.71,Eastern Europe,NA,42.08
Montenegro,183,MNE,2004,0.518,20.095,Eastern Europe,NA,41.87
Montenegro,183,MNE,2005,0.522,21.717,Eastern Europe,NA,41.71
Montenegro,183,MNE,2006,0.512,24.008,Eastern Europe,8.64,41.64
Montenegro,183,MNE,2007,0.493,26.354,Eastern Europe,11.11,41.69
Montenegro,183,MNE,2008,0.506,28.134,Eastern Europe,11.11,41.83
Montenegro,183,MNE,2009,0.511,28.494,Eastern Europe,11.11,41.62
Montenegro,183,MNE,2010,0.51,29.306,Eastern Europe,11.11,41.59
Montenegro,183,MNE,2011,0.51,30.119,Eastern Europe,12.35,41.59
Montenegro,183,MNE,2012,0.517,30.358,Eastern Europe,17.28,42.8
Montenegro,183,MNE,2013,0.494,31.014,Eastern Europe,16.05,42.87
Montenegro,183,MNE,2014,0.484,31.671,Eastern Europe,17.28,45.01
Montenegro,183,MNE,2015,0.484,32.457,Eastern Europe,17.28,46.12
Montenegro,183,MNE,2016,0.484,33.314,Eastern Europe,23.46,45.7
Montenegro,183,MNE,2017,0.474,34.29,Eastern Europe,23.46,45.3
Montenegro,183,MNE,2018,0.482,35.072,Eastern Europe,23.46,45.52
Montenegro,183,MNE,2019,0.483,34.992,Eastern Europe,28.4,46.89
Montenegro,183,MNE,2020,0.5,NA,Eastern Europe,22.22,43.34
Montenegro,183,MNE,2021,0.534,NA,Eastern Europe,24.69,41.43
Montenegro,183,MNE,2022,0.532,NA,Eastern Europe,27.16,48.49
Montenegro,183,MNE,2023,0.61,NA,Eastern Europe,20.99,51.78
Montenegro,183,MNE,2024,0.64,NA,Eastern Europe,27.16,51.43
Montenegro,183,MNE,2025,0.636,NA,Eastern Europe,27.16,51.25
New Zealand,185,NZL,1990,0.869,54.819,The West,NA,53.35
New Zealand,185,NZL,1991,0.871,53.97,The West,NA,53.67
New Zealand,185,NZL,1992,0.871,54.28,The West,NA,53.38
New Zealand,185,NZL,1993,0.874,55.927,The West,NA,53.29
New Zealand,185,NZL,1994,0.872,58.051,The West,NA,54.42
New Zealand,185,NZL,1995,0.872,59.865,The West,NA,55.19
New Zealand,185,NZL,1996,0.879,61.185,The West,NA,56.51
New Zealand,185,NZL,1997,0.88,62.065,The West,29.17,56.4
New Zealand,185,NZL,1998,0.88,62.816,The West,29.17,56.3
New Zealand,185,NZL,1999,0.88,64.5,The West,29.17,56.62
New Zealand,185,NZL,2000,0.881,65.971,The West,30.83,56.72
New Zealand,185,NZL,2001,0.881,67.444,The West,30.83,57.6
New Zealand,185,NZL,2002,0.881,69.167,The West,29.17,58.3
New Zealand,185,NZL,2003,0.88,70.794,The West,28.33,58.61
New Zealand,185,NZL,2004,0.88,72.003,The West,28.33,59.11
New Zealand,185,NZL,2005,0.879,73.048,The West,32.23,60.1
New Zealand,185,NZL,2006,0.878,74.072,The West,32.23,60.66
New Zealand,185,NZL,2007,0.878,75.132,The West,33.06,61.15
New Zealand,185,NZL,2008,0.88,75.229,The West,33.61,61.45
New Zealand,185,NZL,2009,0.893,75.725,The West,33.61,61.52
New Zealand,185,NZL,2010,0.893,76.563,The West,33.61,61.39
New Zealand,185,NZL,2011,0.891,77.579,The West,32.23,61.87
New Zealand,185,NZL,2012,0.893,78.622,The West,32.23,62.02
New Zealand,185,NZL,2013,0.887,79.368,The West,32.23,61.92
New Zealand,185,NZL,2014,0.886,79.883,The West,29.75,62.83
New Zealand,185,NZL,2015,0.883,79.225,The West,31.4,62.86
New Zealand,185,NZL,2016,0.883,79.96,The West,31.4,64.05
New Zealand,185,NZL,2017,0.879,81.678,The West,38.33,64.93
New Zealand,185,NZL,2018,0.888,82.87,The West,38.33,65.22
New Zealand,185,NZL,2019,0.885,83.507,The West,40.83,65.31
New Zealand,185,NZL,2020,0.882,NA,The West,48.33,64.69
New Zealand,185,NZL,2021,0.874,NA,The West,49.17,65.6
New Zealand,185,NZL,2022,0.878,NA,The West,50.42,66.37
New Zealand,185,NZL,2023,0.88,NA,The West,44.26,66.92
New Zealand,185,NZL,2024,0.868,NA,The West,45.53,66.26
New Zealand,185,NZL,2025,0.849,NA,The West,45.53,66.08
Norway,186,NOR,1990,0.88,76.86,The West,NA,52.78
Norway,186,NOR,1991,0.88,78.425,The West,NA,53.29
Norway,186,NOR,1992,0.88,81.558,The West,NA,53.8
Norway,186,NOR,1993,0.88,83.837,The West,NA,54.49
Norway,186,NOR,1994,0.881,86.945,The West,NA,55.45
Norway,186,NOR,1995,0.881,90.773,The West,NA,56.18
Norway,186,NOR,1996,0.881,95.197,The West,NA,57.43
Norway,186,NOR,1997,0.881,99.031,The West,36.36,58.54
Norway,186,NOR,1998,0.882,102.062,The West,36.36,59.56
Norway,186,NOR,1999,0.882,105.68,The West,36.36,60.58
Norway,186,NOR,2000,0.891,110.622,The West,36.36,61.27
Norway,186,NOR,2001,0.892,114.422,The West,35.76,61.7
Norway,186,NOR,2002,0.893,119.688,The West,36.36,62.26
Norway,186,NOR,2003,0.893,123.842,The West,36.36,62.56
Norway,186,NOR,2004,0.893,128.63,The West,38.18,63.08
Norway,186,NOR,2005,0.895,133.91,The West,37.87,63.32
Norway,186,NOR,2006,0.898,137.996,The West,37.87,64.01
Norway,186,NOR,2007,0.898,140.325,The West,36.09,64.5
Norway,186,NOR,2008,0.898,141.446,The West,36.09,64.55
Norway,186,NOR,2009,0.899,139.555,The West,39.64,64.32
Norway,186,NOR,2010,0.901,139.88,The West,39.64,63.77
Norway,186,NOR,2011,0.901,141.552,The West,39.64,63.76
Norway,186,NOR,2012,0.901,142.319,The West,39.64,63.54
Norway,186,NOR,2013,0.897,142.035,The West,39.64,63.59
Norway,186,NOR,2014,0.9,140.413,The West,39.64,63.18
Norway,186,NOR,2015,0.904,138.221,The West,39.64,63.2
Norway,186,NOR,2016,0.891,135.93,The West,39.64,62.97
Norway,186,NOR,2017,0.888,132.596,The West,41.42,62.64
Norway,186,NOR,2018,0.883,129.737,The West,41.42,62.62
Norway,186,NOR,2019,0.889,124.864,The West,40.83,62.64
Norway,186,NOR,2020,0.888,NA,The West,41.42,62.48
Norway,186,NOR,2021,0.892,NA,The West,44.97,62.18
Norway,186,NOR,2022,0.892,NA,The West,44.97,62.36
Norway,186,NOR,2023,0.89,NA,The West,46.15,62.37
Norway,186,NOR,2024,0.889,NA,The West,44.38,62.29
Norway,186,NOR,2025,0.89,NA,The West,40.24,62.09
Oman,187,OMN,1990,0.014,32.603,Middle East,NA,22.86
Oman,187,OMN,1991,0.014,32.75,Middle East,NA,23.01
Oman,187,OMN,1992,0.014,34.026,Middle East,NA,23.09
Oman,187,OMN,1993,0.014,34.603,Middle East,NA,23.23
Oman,187,OMN,1994,0.015,35.225,Middle East,NA,23.34
Oman,187,OMN,1995,0.015,36.496,Middle East,NA,23.34
Oman,187,OMN,1996,0.015,37.942,Middle East,NA,23.43
Oman,187,OMN,1997,0.015,39.708,Middle East,NA,23.44
Oman,187,OMN,1998,0.017,41.267,Middle East,NA,23.68
Oman,187,OMN,1999,0.017,43.65,Middle East,NA,23.9
Oman,187,OMN,2000,0.051,47.13,Middle East,NA,23.92
Oman,187,OMN,2001,0.101,49.559,Middle East,NA,23.99
Oman,187,OMN,2002,0.148,50.529,Middle East,NA,24.26
Oman,187,OMN,2003,0.151,51.372,Middle East,NA,24.6
Oman,187,OMN,2004,0.156,53.135,Middle East,2.41,24.75
Oman,187,OMN,2005,0.156,55.347,Middle East,2.41,24.91
Oman,187,OMN,2006,0.157,58.988,Middle East,2.41,25.11
Oman,187,OMN,2007,0.157,62.191,Middle East,0,25.37
Oman,187,OMN,2008,0.157,65.366,Middle East,0,25.7
Oman,187,OMN,2009,0.157,65.941,Middle East,0,26.08
Oman,187,OMN,2010,0.156,65.556,Middle East,0,26.53
Oman,187,OMN,2011,0.167,64.374,Middle East,1.19,27.04
Oman,187,OMN,2012,0.171,63.314,Middle East,1.19,27.61
Oman,187,OMN,2013,0.171,60.959,Middle East,1.19,28.24
Oman,187,OMN,2014,0.172,57.865,Middle East,1.19,28.94
Oman,187,OMN,2015,0.172,55.173,Middle East,1.18,29.62
Oman,187,OMN,2016,0.175,53.064,Middle East,1.18,30.27
Oman,187,OMN,2017,0.176,49.886,Middle East,1.18,30.48
Oman,187,OMN,2018,0.176,47.112,Middle East,1.18,30.37
Oman,187,OMN,2019,0.176,43.703,Middle East,2.33,30.19
Oman,187,OMN,2020,0.174,NA,Middle East,2.33,29.07
Oman,187,OMN,2021,0.174,NA,Middle East,2.33,29.56
Oman,187,OMN,2022,0.172,NA,Middle East,2.33,30.8
Oman,187,OMN,2023,0.172,NA,Middle East,0,30.32
Oman,187,OMN,2024,0.175,NA,Middle East,0,30.06
Oman,187,OMN,2025,0.175,NA,Middle East,0,29.96
Paraguay,189,PRY,1990,0.384,11.415,Latin America,NA,51.3
Paraguay,189,PRY,1991,0.401,11.644,Latin America,NA,51.2
Paraguay,189,PRY,1992,0.481,11.776,Latin America,NA,50.96
Paraguay,189,PRY,1993,0.512,11.999,Latin America,NA,51.2
Paraguay,189,PRY,1994,0.518,12.213,Latin America,NA,51.53
Paraguay,189,PRY,1995,0.518,12.426,Latin America,NA,52.09
Paraguay,189,PRY,1996,0.523,12.451,Latin America,NA,52.07
Paraguay,189,PRY,1997,0.527,12.433,Latin America,2.5,52.41
Paraguay,189,PRY,1998,0.532,12.243,Latin America,NA,52.26
Paraguay,189,PRY,1999,0.535,11.905,Latin America,2.5,51.98
Paraguay,189,PRY,2000,0.54,11.581,Latin America,2.5,51.65
Paraguay,189,PRY,2001,0.54,11.618,Latin America,2.5,51.6
Paraguay,189,PRY,2002,0.54,12.078,Latin America,2.5,51.72
Paraguay,189,PRY,2003,0.565,12.454,Latin America,8.75,51.51
Paraguay,189,PRY,2004,0.595,12.753,Latin America,10,56.88
Paraguay,189,PRY,2005,0.595,12.991,Latin America,10,55.65
Paraguay,189,PRY,2006,0.595,13.422,Latin America,10,50.99
Paraguay,189,PRY,2007,0.595,13.903,Latin America,10,54.02
Paraguay,189,PRY,2008,0.62,14.457,Latin America,12.5,53.76
Paraguay,189,PRY,2009,0.631,14.848,Latin America,12.5,55.13
Paraguay,189,PRY,2010,0.639,15.718,Latin America,12.5,53.04
Paraguay,189,PRY,2011,0.63,16.343,Latin America,12.5,54.45
Paraguay,189,PRY,2012,0.608,16.668,Latin America,12.5,59.86
Paraguay,189,PRY,2013,0.585,17.453,Latin America,17.5,57.68
Paraguay,189,PRY,2014,0.595,18.038,Latin America,15,54.39
Paraguay,189,PRY,2015,0.593,18.326,Latin America,15,54.83
Paraguay,189,PRY,2016,0.589,18.86,Latin America,15,56.47
Paraguay,189,PRY,2017,0.596,19.619,Latin America,13.75,57.84
Paraguay,189,PRY,2018,0.583,20.022,Latin America,15,59.41
Paraguay,189,PRY,2019,0.585,19.99,Latin America,15,60.26
Paraguay,189,PRY,2020,0.578,NA,Latin America,16.25,57.1
Paraguay,189,PRY,2021,0.578,NA,Latin America,16.25,59.85
Paraguay,189,PRY,2022,0.578,NA,Latin America,17.5,58.99
Paraguay,189,PRY,2023,0.576,NA,Latin America,22.5,58.99
Paraguay,189,PRY,2024,0.581,NA,Latin America,23.75,58.94
Paraguay,189,PRY,2025,0.581,NA,Latin America,23.75,59.01
Romania,190,ROU,1990,0.522,13.943,Eastern Europe,NA,41.4
Romania,190,ROU,1991,0.545,13.128,Eastern Europe,NA,41.56
Romania,190,ROU,1992,0.553,12.612,Eastern Europe,NA,41.91
Romania,190,ROU,1993,0.562,12.68,Eastern Europe,NA,41.96
Romania,190,ROU,1994,0.562,13.14,Eastern Europe,NA,41.85
Romania,190,ROU,1995,0.562,13.756,Eastern Europe,NA,41.64
Romania,190,ROU,1996,0.573,14.165,Eastern Europe,NA,41.57
Romania,190,ROU,1997,0.619,14.11,Eastern Europe,7.29,41.87
Romania,190,ROU,1998,0.619,14.031,Eastern Europe,7.29,42.12
Romania,190,ROU,1999,0.619,14.255,Eastern Europe,7.29,42.3
Romania,190,ROU,2000,0.611,14.917,Eastern Europe,NA,42.36
Romania,190,ROU,2001,0.597,16.177,Eastern Europe,10.72,42.25
Romania,190,ROU,2002,0.597,18.268,Eastern Europe,10.72,42.14
Romania,190,ROU,2003,0.609,19.861,Eastern Europe,10.72,42.15
Romania,190,ROU,2004,0.592,21.664,Eastern Europe,11.45,42.09
Romania,190,ROU,2005,0.61,23.275,Eastern Europe,11.18,42.07
Romania,190,ROU,2006,0.611,25.391,Eastern Europe,11.18,42.2
Romania,190,ROU,2007,0.609,27.712,Eastern Europe,9.39,42.45
Romania,190,ROU,2008,0.621,29.84,Eastern Europe,11.38,42.91
Romania,190,ROU,2009,0.666,30.347,Eastern Europe,11.38,38.9
Romania,190,ROU,2010,0.68,30.736,Eastern Europe,11.38,41.86
Romania,190,ROU,2011,0.684,31.395,Eastern Europe,11.21,41.86
Romania,190,ROU,2012,0.674,32.211,Eastern Europe,13.35,41.76
Romania,190,ROU,2013,0.672,33.235,Eastern Europe,13.35,41.71
Romania,190,ROU,2014,0.676,34.424,Eastern Europe,13.51,42.05
Romania,190,ROU,2015,0.716,35.499,Eastern Europe,13.72,42.47
Romania,190,ROU,2016,0.733,36.311,Eastern Europe,13.72,42.12
Romania,190,ROU,2017,0.695,38.492,Eastern Europe,20.67,43.18
Romania,190,ROU,2018,0.692,40.085,Eastern Europe,20.67,42.93
Romania,190,ROU,2019,0.75,40.59,Eastern Europe,21.88,42.96
Romania,190,ROU,2020,0.805,NA,Eastern Europe,21.88,42.74
Romania,190,ROU,2021,0.766,NA,Eastern Europe,18.54,42.75
Romania,190,ROU,2022,0.691,NA,Eastern Europe,19.09,43.22
Romania,190,ROU,2023,0.677,NA,Eastern Europe,19.09,42.17
Romania,190,ROU,2024,0.628,NA,Eastern Europe,19.21,41.9
Romania,190,ROU,2025,0.605,NA,Eastern Europe,22.36,41.81
Sao Tome and Principe,196,STP,1990,0.234,4.94,Africa,NA,21.72
Sao Tome and Principe,196,STP,1991,0.54,4.854,Africa,NA,21.7
Sao Tome and Principe,196,STP,1992,0.623,4.76,Africa,NA,21.69
Sao Tome and Principe,196,STP,1993,0.631,4.69,Africa,NA,21.7
Sao Tome and Principe,196,STP,1994,0.633,4.669,Africa,NA,21.73
Sao Tome and Principe,196,STP,1995,0.64,4.673,Africa,NA,21.8
Sao Tome and Principe,196,STP,1996,0.626,4.692,Africa,NA,21.88
Sao Tome and Principe,196,STP,1997,0.614,4.756,Africa,7.27,22
Sao Tome and Principe,196,STP,1998,0.618,4.87,Africa,7.27,22.14
Sao Tome and Principe,196,STP,1999,0.642,4.912,Africa,9.09,22.32
Sao Tome and Principe,196,STP,2000,0.642,4.965,Africa,9.09,22.5
Sao Tome and Principe,196,STP,2001,0.644,5.074,Africa,9.09,22.61
Sao Tome and Principe,196,STP,2002,0.637,5.162,Africa,NA,22.65
Sao Tome and Principe,196,STP,2003,0.637,5.312,Africa,9.09,22.69
Sao Tome and Principe,196,STP,2004,0.637,5.482,Africa,9.09,22.72
Sao Tome and Principe,196,STP,2005,0.641,5.712,Africa,9.09,22.74
Sao Tome and Principe,196,STP,2006,0.642,5.934,Africa,7.27,22.75
Sao Tome and Principe,196,STP,2007,0.643,6.072,Africa,1.82,22.75
Sao Tome and Principe,196,STP,2008,0.643,6.286,Africa,7.27,22.73
Sao Tome and Principe,196,STP,2009,0.643,6.452,Africa,7.27,22.72
Sao Tome and Principe,196,STP,2010,0.653,6.728,Africa,18.18,22.73
Sao Tome and Principe,196,STP,2011,0.657,6.977,Africa,18.18,22.75
Sao Tome and Principe,196,STP,2012,0.654,7.182,Africa,18.18,22.75
Sao Tome and Principe,196,STP,2013,0.655,7.366,Africa,18.18,22.73
Sao Tome and Principe,196,STP,2014,0.657,7.579,Africa,18.18,22.73
Sao Tome and Principe,196,STP,2015,0.664,7.673,Africa,18.18,22.77
Sao Tome and Principe,196,STP,2016,0.658,7.779,Africa,18.18,22.84
Sao Tome and Principe,196,STP,2017,0.647,7.867,Africa,18.18,22.96
Sao Tome and Principe,196,STP,2018,0.65,7.886,Africa,14.55,23.09
Sao Tome and Principe,196,STP,2019,0.67,7.829,Africa,14.55,23.25
Sao Tome and Principe,196,STP,2020,0.66,NA,Africa,23.64,22.65
Sao Tome and Principe,196,STP,2021,0.657,NA,Africa,23.64,22.94
Sao Tome and Principe,196,STP,2022,0.65,NA,Africa,14.55,23.01
Sao Tome and Principe,196,STP,2023,0.644,NA,Africa,14.55,22.87
Sao Tome and Principe,196,STP,2024,0.632,NA,Africa,14.55,22.77
Sao Tome and Principe,196,STP,2025,0.632,NA,Africa,14.55,22.75
Saudi Arabia,197,SAU,1990,0.013,45.532,Middle East,NA,15.02
Saudi Arabia,197,SAU,1991,0.013,48.229,Middle East,NA,14.9
Saudi Arabia,197,SAU,1992,0.013,50.009,Middle East,NA,14.98
Saudi Arabia,197,SAU,1993,0.016,49.831,Middle East,NA,15.25
Saudi Arabia,197,SAU,1994,0.016,49.16,Middle East,NA,15.53
Saudi Arabia,197,SAU,1995,0.015,48.8,Middle East,NA,15.8
Saudi Arabia,197,SAU,1996,0.016,48.986,Middle East,NA,16.06
Saudi Arabia,197,SAU,1997,0.016,48.959,Middle East,NA,16.33
Saudi Arabia,197,SAU,1998,0.016,48.75,Middle East,NA,16.6
Saudi Arabia,197,SAU,1999,0.016,48.976,Middle East,NA,16.87
Saudi Arabia,197,SAU,2000,0.017,50.17,Middle East,NA,16.39
Saudi Arabia,197,SAU,2001,0.018,50.034,Middle East,NA,15.94
Saudi Arabia,197,SAU,2002,0.018,50.478,Middle East,NA,15.79
Saudi Arabia,197,SAU,2003,0.018,52.807,Middle East,0,16.17
Saudi Arabia,197,SAU,2004,0.018,55.942,Middle East,0,16.58
Saudi Arabia,197,SAU,2005,0.019,59.057,Middle East,0,17.02
Saudi Arabia,197,SAU,2006,0.019,61.249,Middle East,0,17.52
Saudi Arabia,197,SAU,2007,0.019,63.114,Middle East,0,17.04
Saudi Arabia,197,SAU,2008,0.019,65.434,Middle East,0,16.74
Saudi Arabia,197,SAU,2009,0.019,65.741,Middle East,0,16.42
Saudi Arabia,197,SAU,2010,0.02,68.557,Middle East,0,17.63
Saudi Arabia,197,SAU,2011,0.02,72.656,Middle East,0,18.95
Saudi Arabia,197,SAU,2012,0.019,74.828,Middle East,0,19.76
Saudi Arabia,197,SAU,2013,0.018,75.28,Middle East,19.87,19.82
Saudi Arabia,197,SAU,2014,0.017,74.887,Middle East,19.87,20.28
Saudi Arabia,197,SAU,2015,0.016,73.884,Middle East,19.87,21.64
Saudi Arabia,197,SAU,2016,0.016,72.387,Middle East,19.87,22.87
Saudi Arabia,197,SAU,2017,0.014,69.51,Middle East,19.87,19.86
Saudi Arabia,197,SAU,2018,0.015,67.191,Middle East,19.87,21.82
Saudi Arabia,197,SAU,2019,0.015,63.454,Middle East,19.87,24.36
Saudi Arabia,197,SAU,2020,0.014,NA,Middle East,19.87,29.31
Saudi Arabia,197,SAU,2021,0.015,NA,Middle East,19.87,34.22
Saudi Arabia,197,SAU,2022,0.015,NA,Middle East,19.87,34.1
Saudi Arabia,197,SAU,2023,0.014,NA,Middle East,19.87,34.28
Saudi Arabia,197,SAU,2024,0.015,NA,Middle East,19.87,33.3
Saudi Arabia,197,SAU,2025,0.016,NA,Middle East,19.87,33.57
Serbia,198,SRB,1990,0.2,15.371,Eastern Europe,NA,49.3
Serbia,198,SRB,1991,0.164,14.518,Eastern Europe,NA,49.46
Serbia,198,SRB,1992,0.238,13.368,Eastern Europe,NA,49.38
Serbia,198,SRB,1993,0.288,12.042,Eastern Europe,NA,49.16
Serbia,198,SRB,1994,0.288,11.877,Eastern Europe,NA,48.64
Serbia,198,SRB,1995,0.288,12.33,Eastern Europe,NA,48.06
Serbia,198,SRB,1996,0.293,13.213,Eastern Europe,NA,47.42
Serbia,198,SRB,1997,0.299,14.133,Eastern Europe,NA,46.7
Serbia,198,SRB,1998,0.298,14.728,Eastern Europe,NA,46.34
Serbia,198,SRB,1999,0.298,14.928,Eastern Europe,NA,47.06
Serbia,198,SRB,2000,0.364,15.3,Eastern Europe,NA,46.7
Serbia,198,SRB,2001,0.584,16.032,Eastern Europe,NA,46.33
Serbia,198,SRB,2002,0.61,16.86,Eastern Europe,NA,45.98
Serbia,198,SRB,2003,0.646,17.693,Eastern Europe,NA,45.67
Serbia,198,SRB,2004,0.634,18.598,Eastern Europe,NA,45.27
Serbia,198,SRB,2005,0.634,19.449,Eastern Europe,NA,44.92
Serbia,198,SRB,2006,0.633,20.101,Eastern Europe,12,44.64
Serbia,198,SRB,2007,0.628,22.199,Eastern Europe,20.4,45.26
Serbia,198,SRB,2008,0.628,23.255,Eastern Europe,21.6,44.75
Serbia,198,SRB,2009,0.623,23.646,Eastern Europe,21.6,43.14
Serbia,198,SRB,2010,0.61,24.033,Eastern Europe,21.6,41.8
Serbia,198,SRB,2011,0.607,24.519,Eastern Europe,22,41.67
Serbia,198,SRB,2012,0.593,24.774,Eastern Europe,33.2,42.01
Serbia,198,SRB,2013,0.502,25.152,Eastern Europe,33.2,43.06
Serbia,198,SRB,2014,0.44,25.307,Eastern Europe,34,43.68
Serbia,198,SRB,2015,0.422,25.536,Eastern Europe,34,43.3
Serbia,198,SRB,2016,0.411,26.159,Eastern Europe,34,45.27
Serbia,198,SRB,2017,0.376,26.996,Eastern Europe,34.4,46.07
Serbia,198,SRB,2018,0.354,27.782,Eastern Europe,34.4,46.38
Serbia,198,SRB,2019,0.365,27.929,Eastern Europe,37.65,46.75
Serbia,198,SRB,2020,0.349,NA,Eastern Europe,38.8,46.16
Serbia,198,SRB,2021,0.336,NA,Eastern Europe,39.2,49
Serbia,198,SRB,2022,0.357,NA,Eastern Europe,36.55,50.14
Serbia,198,SRB,2023,0.36,NA,Eastern Europe,34.8,51.41
Serbia,198,SRB,2024,0.315,NA,Eastern Europe,38,52.62
Serbia,198,SRB,2025,0.3,NA,Eastern Europe,37.2,52.63
Seychelles,199,SYC,1990,0.21,28.382,Africa,NA,NA
Seychelles,199,SYC,1991,0.218,29.52,Africa,NA,NA
Seychelles,199,SYC,1992,0.279,30.888,Africa,NA,NA
Seychelles,199,SYC,1993,0.34,32.166,Africa,NA,NA
Seychelles,199,SYC,1994,0.353,32.408,Africa,NA,NA
Seychelles,199,SYC,1995,0.362,32.399,Africa,NA,NA
Seychelles,199,SYC,1996,0.36,33.153,Africa,NA,NA
Seychelles,199,SYC,1997,0.365,35.523,Africa,27.27,NA
Seychelles,199,SYC,1998,0.367,37.721,Africa,23.53,NA
Seychelles,199,SYC,1999,0.368,38.828,Africa,23.53,NA
Seychelles,199,SYC,2000,0.368,38.995,Africa,23.53,NA
Seychelles,199,SYC,2001,0.359,38.38,Africa,23.53,NA
Seychelles,199,SYC,2002,0.361,38.13,Africa,29.41,NA
Seychelles,199,SYC,2003,0.396,37.478,Africa,29.41,NA
Seychelles,199,SYC,2004,0.439,37.534,Africa,29.41,NA
Seychelles,199,SYC,2005,0.44,39.457,Africa,29.41,NA
Seychelles,199,SYC,2006,0.449,42.062,Africa,29.41,NA
Seychelles,199,SYC,2007,0.474,44.423,Africa,23.53,NA
Seychelles,199,SYC,2008,0.48,44.332,Africa,23.53,NA
Seychelles,199,SYC,2009,0.478,45.145,Africa,23.53,NA
Seychelles,199,SYC,2010,0.478,46.162,Africa,23.53,NA
Seychelles,199,SYC,2011,0.479,48.275,Africa,43.75,NA
Seychelles,199,SYC,2012,0.477,49.727,Africa,43.75,NA
Seychelles,199,SYC,2013,0.491,51.323,Africa,43.75,NA
Seychelles,199,SYC,2014,0.495,52.881,Africa,43.75,NA
Seychelles,199,SYC,2015,0.518,54.012,Africa,43.75,NA
Seychelles,199,SYC,2016,0.585,55.733,Africa,21.21,NA
Seychelles,199,SYC,2017,0.599,57.284,Africa,21.21,NA
Seychelles,199,SYC,2018,0.605,58.539,Africa,21.21,NA
Seychelles,199,SYC,2019,0.621,58.857,Africa,21.21,NA
Seychelles,199,SYC,2020,0.666,NA,Africa,24.24,NA
Seychelles,199,SYC,2021,0.711,NA,Africa,22.86,NA
Seychelles,199,SYC,2022,0.735,NA,Africa,22.86,NA
Seychelles,199,SYC,2023,0.728,NA,Africa,22.86,NA
Seychelles,199,SYC,2024,0.737,NA,Africa,20.59,NA
Seychelles,199,SYC,2025,0.76,NA,Africa,26.47,NA
Singapore,200,SGP,1990,0.365,49.807,Asia,NA,44.09
Singapore,200,SGP,1991,0.368,52.66,Asia,NA,45.18
Singapore,200,SGP,1992,0.36,55.548,Asia,NA,46.1
Singapore,200,SGP,1993,0.36,59.574,Asia,NA,46.91
Singapore,200,SGP,1994,0.361,63.658,Asia,NA,47.78
Singapore,200,SGP,1995,0.361,66.862,Asia,NA,48.98
Singapore,200,SGP,1996,0.362,69.96,Asia,NA,49.86
Singapore,200,SGP,1997,0.375,73.224,Asia,4.76,50.61
Singapore,200,SGP,1998,0.375,74.84,Asia,4.76,50.84
Singapore,200,SGP,1999,0.371,77.706,Asia,4.3,51.66
Singapore,200,SGP,2000,0.378,82.004,Asia,4.3,52.12
Singapore,200,SGP,2001,0.378,82.925,Asia,11.76,52.55
Singapore,200,SGP,2002,0.377,84.944,Asia,11.76,51.5
Singapore,200,SGP,2003,0.377,87.833,Asia,15.96,52.27
Singapore,200,SGP,2004,0.377,93.671,Asia,15.96,52.64
Singapore,200,SGP,2005,0.375,100.054,Asia,15.96,53.7
Singapore,200,SGP,2006,0.386,106.026,Asia,21.18,55.06
Singapore,200,SGP,2007,0.384,110.187,Asia,24.47,53.63
Singapore,200,SGP,2008,0.387,110.536,Asia,24.47,56.09
Singapore,200,SGP,2009,0.39,112.489,Asia,23.4,55.63
Singapore,200,SGP,2010,0.39,119.865,Asia,23.4,57.13
Singapore,200,SGP,2011,0.403,124.806,Asia,22.22,57.79
Singapore,200,SGP,2012,0.419,127.903,Asia,24.24,58.54
Singapore,200,SGP,2013,0.414,130.448,Asia,24.24,58.61
Singapore,200,SGP,2014,0.414,132.931,Asia,25.25,59.81
Singapore,200,SGP,2015,0.416,134.304,Asia,23.91,61.3
Singapore,200,SGP,2016,0.424,136.671,Asia,23.76,61.31
Singapore,200,SGP,2017,0.425,140.675,Asia,23,60.81
Singapore,200,SGP,2018,0.409,143.087,Asia,23,60.89
Singapore,200,SGP,2019,0.403,142.915,Asia,23,61.82
Singapore,200,SGP,2020,0.402,NA,Asia,29.47,61.72
Singapore,200,SGP,2021,0.395,NA,Asia,29.81,64.41
Singapore,200,SGP,2022,0.395,NA,Asia,29.13,62.92
Singapore,200,SGP,2023,0.405,NA,Asia,29.13,63.3
Singapore,200,SGP,2024,0.418,NA,Asia,29.29,63.14
Singapore,200,SGP,2025,0.434,NA,Asia,32.32,63.57
Slovakia,201,SVK,1993,0.75,26.533,Eastern Europe,NA,55.11
Slovakia,201,SVK,1994,0.704,27.635,Eastern Europe,NA,51.36
Slovakia,201,SVK,1995,0.702,29.104,Eastern Europe,NA,51.5
Slovakia,201,SVK,1996,0.702,30.697,Eastern Europe,NA,52.29
Slovakia,201,SVK,1997,0.702,32.022,Eastern Europe,14.67,51.82
Slovakia,201,SVK,1998,0.765,33.036,Eastern Europe,14.67,51.39
Slovakia,201,SVK,1999,0.844,33.454,Eastern Europe,12.67,51.85
Slovakia,201,SVK,2000,0.849,34.164,Eastern Europe,14,52.59
Slovakia,201,SVK,2001,0.849,35.358,Eastern Europe,14,52.96
Slovakia,201,SVK,2002,0.847,36.68,Eastern Europe,17.33,52.53
Slovakia,201,SVK,2003,0.843,38.395,Eastern Europe,19.33,52.91
Slovakia,201,SVK,2004,0.845,40.332,Eastern Europe,16.67,52.47
Slovakia,201,SVK,2005,0.845,42.998,Eastern Europe,16.67,51.18
Slovakia,201,SVK,2006,0.82,46.187,Eastern Europe,20,50.55
Slovakia,201,SVK,2007,0.835,49.712,Eastern Europe,19.33,50.33
Slovakia,201,SVK,2008,0.834,52.12,Eastern Europe,19.33,50.76
Slovakia,201,SVK,2009,0.835,52.491,Eastern Europe,18,50.05
Slovakia,201,SVK,2010,0.85,53.909,Eastern Europe,15.33,50.55
Slovakia,201,SVK,2011,0.851,55.013,Eastern Europe,16,50.16
Slovakia,201,SVK,2012,0.844,56.014,Eastern Europe,18.67,50.65
Slovakia,201,SVK,2013,0.835,56.898,Eastern Europe,18.67,50.99
Slovakia,201,SVK,2014,0.834,58.198,Eastern Europe,18.67,52.01
Slovakia,201,SVK,2015,0.838,59.458,Eastern Europe,18.67,51.93
Slovakia,201,SVK,2016,0.837,60.999,Eastern Europe,20,52.51
Slovakia,201,SVK,2017,0.835,63.056,Eastern Europe,20,52.63
Slovakia,201,SVK,2018,0.814,64.937,Eastern Europe,20,52.24
Slovakia,201,SVK,2019,0.841,65.901,Eastern Europe,20,52.17
Slovakia,201,SVK,2020,0.84,NA,Eastern Europe,22.67,51.8
Slovakia,201,SVK,2021,0.839,NA,Eastern Europe,22.67,54.62
Slovakia,201,SVK,2022,0.837,NA,Eastern Europe,21.33,55.69
Slovakia,201,SVK,2023,0.812,NA,Eastern Europe,22,55.7
Slovakia,201,SVK,2024,0.746,NA,Eastern Europe,22.67,55.46
Slovakia,201,SVK,2025,0.733,NA,Eastern Europe,23.33,55.13
Slovenia,202,SVN,1990,0.621,42.455,Eastern Europe,NA,51.99
Slovenia,202,SVN,1991,0.815,40.438,Eastern Europe,NA,51.75
Slovenia,202,SVN,1992,0.848,39.187,Eastern Europe,NA,51.62
Slovenia,202,SVN,1993,0.842,39.872,Eastern Europe,NA,51.55
Slovenia,202,SVN,1994,0.845,41.644,Eastern Europe,NA,51.51
Slovenia,202,SVN,1995,0.839,43.78,Eastern Europe,NA,51.37
Slovenia,202,SVN,1996,0.849,45.67,Eastern Europe,NA,51.22
Slovenia,202,SVN,1997,0.842,47.521,Eastern Europe,7.78,52.54
Slovenia,202,SVN,1998,0.842,49.275,Eastern Europe,7.78,53.14
Slovenia,202,SVN,1999,0.837,51.319,Eastern Europe,7.78,51.97
Slovenia,202,SVN,2000,0.84,53.069,Eastern Europe,NA,51.29
Slovenia,202,SVN,2001,0.832,54.573,Eastern Europe,12.22,51.13
Slovenia,202,SVN,2002,0.843,56.152,Eastern Europe,12.22,51.93
Slovenia,202,SVN,2003,0.841,57.833,Eastern Europe,12.22,50.44
Slovenia,202,SVN,2004,0.825,59.722,Eastern Europe,12.22,52.84
Slovenia,202,SVN,2005,0.822,61.9,Eastern Europe,12.22,52.82
Slovenia,202,SVN,2006,0.823,64.25,Eastern Europe,12.22,53.22
Slovenia,202,SVN,2007,0.826,66.893,Eastern Europe,12.22,53.51
Slovenia,202,SVN,2008,0.825,67.962,Eastern Europe,13.33,53.63
Slovenia,202,SVN,2009,0.873,66.234,Eastern Europe,14.44,53.51
Slovenia,202,SVN,2010,0.872,65.439,Eastern Europe,14.44,53.14
Slovenia,202,SVN,2011,0.863,65.042,Eastern Europe,32.22,52.35
Slovenia,202,SVN,2012,0.847,64.255,Eastern Europe,32.22,52.32
Slovenia,202,SVN,2013,0.854,64.292,Eastern Europe,32.22,51.93
Slovenia,202,SVN,2014,0.865,65.225,Eastern Europe,35.56,52.53
Slovenia,202,SVN,2015,0.873,66.275,Eastern Europe,36.67,52.28
Slovenia,202,SVN,2016,0.861,68.154,Eastern Europe,36.67,52.11
Slovenia,202,SVN,2017,0.84,71.374,Eastern Europe,36.67,53.54
Slovenia,202,SVN,2018,0.83,74.06,Eastern Europe,24.44,53.72
Slovenia,202,SVN,2019,0.814,76.072,Eastern Europe,27.78,53.38
Slovenia,202,SVN,2020,0.752,NA,Eastern Europe,27.78,53.1
Slovenia,202,SVN,2021,0.715,NA,Eastern Europe,26.67,53.47
Slovenia,202,SVN,2022,0.808,NA,Eastern Europe,40,53.88
Slovenia,202,SVN,2023,0.76,NA,Eastern Europe,37.78,52.99
Slovenia,202,SVN,2024,0.725,NA,Eastern Europe,37.78,52.64
Slovenia,202,SVN,2025,0.692,NA,Eastern Europe,35.56,52.3
Solomon Islands,203,SLB,1990,0.532,7.544,Asia,NA,82
Solomon Islands,203,SLB,1991,0.532,7.746,Asia,NA,81.86
Solomon Islands,203,SLB,1992,0.532,8.096,Asia,NA,81.44
Solomon Islands,203,SLB,1993,0.532,8.391,Asia,NA,81.41
Solomon Islands,203,SLB,1994,0.532,8.687,Asia,NA,81.21
Solomon Islands,203,SLB,1995,0.532,8.903,Asia,NA,80.94
Solomon Islands,203,SLB,1996,0.532,8.907,Asia,NA,81.04
Solomon Islands,203,SLB,1997,0.526,8.724,Asia,NA,81.26
Solomon Islands,203,SLB,1998,0.512,8.427,Asia,2.04,81.39
Solomon Islands,203,SLB,1999,0.511,7.981,Asia,2.04,81.6
Solomon Islands,203,SLB,2000,0.356,7.365,Asia,2.04,82.44
Solomon Islands,203,SLB,2001,0.273,6.872,Asia,NA,82.95
Solomon Islands,203,SLB,2002,0.507,6.555,Asia,0,83.22
Solomon Islands,203,SLB,2003,0.507,6.492,Asia,0,83.08
Solomon Islands,203,SLB,2004,0.52,6.554,Asia,0,82.91
Solomon Islands,203,SLB,2005,0.511,6.693,Asia,0,82.75
Solomon Islands,203,SLB,2006,0.471,6.847,Asia,0,82.74
Solomon Islands,203,SLB,2007,0.559,7.02,Asia,0,82.75
Solomon Islands,203,SLB,2008,0.559,7.226,Asia,0,82.67
Solomon Islands,203,SLB,2009,0.564,7.432,Asia,0,82.72
Solomon Islands,203,SLB,2010,0.573,7.703,Asia,0,82.53
Solomon Islands,203,SLB,2011,0.582,7.948,Asia,0,82.42
Solomon Islands,203,SLB,2012,0.586,8.077,Asia,2,82.49
Solomon Islands,203,SLB,2013,0.582,8.148,Asia,2,82.44
Solomon Islands,203,SLB,2014,0.585,8.126,Asia,2,82.53
Solomon Islands,203,SLB,2015,0.594,8.036,Asia,2,82.57
Solomon Islands,203,SLB,2016,0.61,8.096,Asia,2,82.45
Solomon Islands,203,SLB,2017,0.616,8.146,Asia,2,82.4
Solomon Islands,203,SLB,2018,0.623,8.187,Asia,2.04,82.36
Solomon Islands,203,SLB,2019,0.656,8.192,Asia,4.08,82.37
Solomon Islands,203,SLB,2020,0.655,NA,Asia,6.38,81.6
Solomon Islands,203,SLB,2021,0.658,NA,Asia,8,82.26
Solomon Islands,203,SLB,2022,0.659,NA,Asia,8,82.31
Solomon Islands,203,SLB,2023,0.666,NA,Asia,8,82.33
Solomon Islands,203,SLB,2024,0.688,NA,Asia,6,82.33
Solomon Islands,203,SLB,2025,0.696,NA,Asia,6,82.34
Vanuatu,206,VUT,1990,0.697,5.874,Asia,NA,74.02
Vanuatu,206,VUT,1991,0.687,5.946,Asia,NA,73.99
Vanuatu,206,VUT,1992,0.615,6.003,Asia,NA,73.99
Vanuatu,206,VUT,1993,0.615,6.052,Asia,NA,74.06
Vanuatu,206,VUT,1994,0.615,6.163,Asia,NA,73.79
Vanuatu,206,VUT,1995,0.616,6.203,Asia,NA,73.86
Vanuatu,206,VUT,1996,0.618,6.249,Asia,NA,73.86
Vanuatu,206,VUT,1997,0.618,6.315,Asia,NA,73.76
Vanuatu,206,VUT,1998,0.617,6.316,Asia,NA,73.8
Vanuatu,206,VUT,1999,0.617,6.294,Asia,0,73.89
Vanuatu,206,VUT,2000,0.619,6.277,Asia,0,73.75
Vanuatu,206,VUT,2001,0.619,6.139,Asia,0,74.02
Vanuatu,206,VUT,2002,0.619,6.01,Asia,1.92,74.39
Vanuatu,206,VUT,2003,0.62,6.012,Asia,1.92,74.32
Vanuatu,206,VUT,2004,0.615,6.076,Asia,3.85,74.26
Vanuatu,206,VUT,2005,0.611,6.208,Asia,3.85,74.14
Vanuatu,206,VUT,2006,0.611,6.42,Asia,3.85,73.9
Vanuatu,206,VUT,2007,0.611,6.6,Asia,3.85,70.29
Vanuatu,206,VUT,2008,0.653,6.781,Asia,3.85,66.4
Vanuatu,206,VUT,2009,0.737,6.886,Asia,3.85,62.27
Vanuatu,206,VUT,2010,0.737,6.915,Asia,3.85,57.94
Vanuatu,206,VUT,2011,0.737,6.887,Asia,1.92,57.5
Vanuatu,206,VUT,2012,0.738,6.838,Asia,0,57.06
Vanuatu,206,VUT,2013,0.745,6.762,Asia,0,56.62
Vanuatu,206,VUT,2014,0.745,6.641,Asia,0,56.17
Vanuatu,206,VUT,2015,0.747,6.497,Asia,0,55.73
Vanuatu,206,VUT,2016,0.771,6.463,Asia,0,55.28
Vanuatu,206,VUT,2017,0.793,6.453,Asia,0,54.84
Vanuatu,206,VUT,2018,0.79,6.472,Asia,0,54.4
Vanuatu,206,VUT,2019,0.779,6.496,Asia,0,53.95
Vanuatu,206,VUT,2020,0.78,NA,Asia,0,53.44
Vanuatu,206,VUT,2021,0.8,NA,Asia,0,54.62
Vanuatu,206,VUT,2022,0.804,NA,Asia,1.92,53.63
Vanuatu,206,VUT,2023,0.82,NA,Asia,1.92,53.6
Vanuatu,206,VUT,2024,0.8,NA,Asia,1.96,53.53
Vanuatu,206,VUT,2025,0.729,NA,Asia,1.92,53.31
United Arab Emirates,207,ARE,1990,0.023,129.82,Middle East,NA,29.32
United Arab Emirates,207,ARE,1991,0.022,144.661,Middle East,NA,30.07
United Arab Emirates,207,ARE,1992,0.025,149.871,Middle East,NA,30.51
United Arab Emirates,207,ARE,1993,0.023,148.239,Middle East,NA,31.17
United Arab Emirates,207,ARE,1994,0.024,150.593,Middle East,NA,31.2
United Arab Emirates,207,ARE,1995,0.027,153.953,Middle East,NA,31.25
United Arab Emirates,207,ARE,1996,0.027,157.095,Middle East,NA,31.84
United Arab Emirates,207,ARE,1997,0.027,160.156,Middle East,0,32.32
United Arab Emirates,207,ARE,1998,0.028,159.173,Middle East,0,32.82
United Arab Emirates,207,ARE,1999,0.028,161.423,Middle East,0,33.36
United Arab Emirates,207,ARE,2000,0.028,168.055,Middle East,0,33.94
United Arab Emirates,207,ARE,2001,0.028,168.016,Middle East,0,34.53
United Arab Emirates,207,ARE,2002,0.025,167.741,Middle East,0,35.17
United Arab Emirates,207,ARE,2003,0.025,169.156,Middle East,0,35.83
United Arab Emirates,207,ARE,2004,0.019,168.477,Middle East,0,36.5
United Arab Emirates,207,ARE,2005,0.021,163.833,Middle East,0,37.19
United Arab Emirates,207,ARE,2006,0.024,156.892,Middle East,5,38.32
United Arab Emirates,207,ARE,2007,0.071,145.892,Middle East,22.5,39.52
United Arab Emirates,207,ARE,2008,0.071,133.954,Middle East,22.5,40.71
United Arab Emirates,207,ARE,2009,0.071,120.979,Middle East,22.5,41.79
United Arab Emirates,207,ARE,2010,0.072,115.219,Middle East,22.5,42.86
United Arab Emirates,207,ARE,2011,0.081,116.02,Middle East,17.5,43.94
United Arab Emirates,207,ARE,2012,0.09,118.2,Middle East,17.5,44.99
United Arab Emirates,207,ARE,2013,0.091,121.352,Middle East,17.5,46.06
United Arab Emirates,207,ARE,2014,0.089,123.292,Middle East,17.5,47.13
United Arab Emirates,207,ARE,2015,0.095,124.024,Middle East,22.5,48.18
United Arab Emirates,207,ARE,2016,0.1,124.191,Middle East,22.5,49.23
United Arab Emirates,207,ARE,2017,0.095,121.556,Middle East,22.5,50.93
United Arab Emirates,207,ARE,2018,0.096,118.74,Middle East,22.5,51.31
United Arab Emirates,207,ARE,2019,0.102,114.381,Middle East,50,54.38
United Arab Emirates,207,ARE,2020,0.102,NA,Middle East,50,58.18
United Arab Emirates,207,ARE,2021,0.1,NA,Middle East,50,50.45
United Arab Emirates,207,ARE,2022,0.101,NA,Middle East,50,53.06
United Arab Emirates,207,ARE,2023,0.102,NA,Middle East,50,52.35
United Arab Emirates,207,ARE,2024,0.104,NA,Middle East,50,52.52
United Arab Emirates,207,ARE,2025,0.104,NA,Middle East,50,53.03
Hungary,210,HUN,1990,0.799,26.095,Eastern Europe,NA,46.12
Hungary,210,HUN,1991,0.843,25.58,Eastern Europe,NA,45.65
Hungary,210,HUN,1992,0.843,25.345,Eastern Europe,NA,45.47
Hungary,210,HUN,1993,0.843,25.597,Eastern Europe,NA,45.38
Hungary,210,HUN,1994,0.842,26.277,Eastern Europe,NA,45.34
Hungary,210,HUN,1995,0.844,26.807,Eastern Europe,NA,45.27
Hungary,210,HUN,1996,0.844,27.25,Eastern Europe,NA,45.2
Hungary,210,HUN,1997,0.844,28.082,Eastern Europe,11.4,45.18
Hungary,210,HUN,1998,0.84,29.205,Eastern Europe,8.29,45.18
Hungary,210,HUN,1999,0.839,30.456,Eastern Europe,8.29,45.28
Hungary,210,HUN,2000,0.839,32.02,Eastern Europe,8.29,45.55
Hungary,210,HUN,2001,0.839,34.011,Eastern Europe,8.29,45.88
Hungary,210,HUN,2002,0.842,36.732,Eastern Europe,9.07,46.19
Hungary,210,HUN,2003,0.843,38.795,Eastern Europe,9.84,46.4
Hungary,210,HUN,2004,0.843,40.494,Eastern Europe,9.09,46.65
Hungary,210,HUN,2005,0.843,42.222,Eastern Europe,9.09,46.81
Hungary,210,HUN,2006,0.831,43.566,Eastern Europe,10.36,46.93
Hungary,210,HUN,2007,0.85,44.423,Eastern Europe,11.14,46.79
Hungary,210,HUN,2008,0.85,44.967,Eastern Europe,11.14,46.64
Hungary,210,HUN,2009,0.85,44.542,Eastern Europe,11.14,45.85
Hungary,210,HUN,2010,0.808,44.881,Eastern Europe,9.07,46.64
Hungary,210,HUN,2011,0.778,45.346,Eastern Europe,8.81,46.84
Hungary,210,HUN,2012,0.773,45.596,Eastern Europe,8.81,47.46
Hungary,210,HUN,2013,0.738,46.461,Eastern Europe,8.81,47.74
Hungary,210,HUN,2014,0.669,47.48,Eastern Europe,10.05,48.88
Hungary,210,HUN,2015,0.617,48.163,Eastern Europe,10.1,49.9
Hungary,210,HUN,2016,0.613,49.432,Eastern Europe,10.1,50.84
Hungary,210,HUN,2017,0.555,51.752,Eastern Europe,10.05,51.06
Hungary,210,HUN,2018,0.481,53.521,Eastern Europe,12.56,51.53
Hungary,210,HUN,2019,0.466,54.31,Eastern Europe,12.56,51.34
Hungary,210,HUN,2020,0.46,NA,Eastern Europe,12.06,51.34
Hungary,210,HUN,2021,0.45,NA,Eastern Europe,13.07,52.21
Hungary,210,HUN,2022,0.447,NA,Eastern Europe,14.07,53.06
Hungary,210,HUN,2023,0.434,NA,Eastern Europe,14.07,54
Hungary,210,HUN,2024,0.444,NA,Eastern Europe,14.57,54.4
Hungary,210,HUN,2025,0.421,NA,Eastern Europe,15.58,54.31
Zanzibar,236,NA,1990,0.114,NA,Africa,NA,NA
Zanzibar,236,NA,1991,0.116,NA,Africa,NA,NA
Zanzibar,236,NA,1992,0.127,NA,Africa,NA,NA
Zanzibar,236,NA,1993,0.137,NA,Africa,NA,NA
Zanzibar,236,NA,1994,0.139,NA,Africa,NA,NA
Zanzibar,236,NA,1995,0.251,NA,Africa,NA,NA
Zanzibar,236,NA,1996,0.288,NA,Africa,NA,NA
Zanzibar,236,NA,1997,0.29,NA,Africa,NA,NA
Zanzibar,236,NA,1998,0.29,NA,Africa,NA,NA
Zanzibar,236,NA,1999,0.293,NA,Africa,NA,NA
Zanzibar,236,NA,2000,0.296,NA,Africa,NA,NA
Zanzibar,236,NA,2001,0.296,NA,Africa,NA,NA
Zanzibar,236,NA,2002,0.297,NA,Africa,NA,NA
Zanzibar,236,NA,2003,0.297,NA,Africa,NA,NA
Zanzibar,236,NA,2004,0.288,NA,Africa,NA,NA
Zanzibar,236,NA,2005,0.291,NA,Africa,NA,NA
Zanzibar,236,NA,2006,0.296,NA,Africa,NA,NA
Zanzibar,236,NA,2007,0.299,NA,Africa,NA,NA
Zanzibar,236,NA,2008,0.299,NA,Africa,NA,NA
Zanzibar,236,NA,2009,0.302,NA,Africa,NA,NA
Zanzibar,236,NA,2010,0.314,NA,Africa,NA,NA
Zanzibar,236,NA,2011,0.332,NA,Africa,NA,NA
Zanzibar,236,NA,2012,0.334,NA,Africa,NA,NA
Zanzibar,236,NA,2013,0.333,NA,Africa,NA,NA
Zanzibar,236,NA,2014,0.329,NA,Africa,NA,NA
Zanzibar,236,NA,2015,0.299,NA,Africa,NA,NA
Zanzibar,236,NA,2016,0.252,NA,Africa,NA,NA
Zanzibar,236,NA,2017,0.269,NA,Africa,NA,NA
Zanzibar,236,NA,2018,0.271,NA,Africa,NA,NA
Zanzibar,236,NA,2019,0.272,NA,Africa,NA,NA
Zanzibar,236,NA,2020,0.267,NA,Africa,NA,NA
Zanzibar,236,NA,2021,0.279,NA,Africa,NA,NA
Zanzibar,236,NA,2022,0.289,NA,Africa,NA,NA
Zanzibar,236,NA,2023,0.291,NA,Africa,NA,NA
Zanzibar,236,NA,2024,0.288,NA,Africa,NA,NA
Zanzibar,236,NA,2025,0.309,NA,Africa,NA,NA
